
> plembfin@1.3.0 build
> node scripts/build-check.js

Documentation consistency check passed (Node.js >=22.19.0, 8 release docs scanned).
Public asset version check passed: 361 literal and 43 dynamic references use ?v=1.3.0.0.2.
TAP version 13
# Subtest: scripts\\test-data-setup.js
ok 1 - scripts\\test-data-setup.js
  ---
  duration_ms: 223.276
  type: 'test'
  ...
# Subtest: a /api/show miss is remembered under the same identity tokens
ok 2 - a /api/show miss is remembered under the same identity tokens
  ---
  duration_ms: 0.9817
  type: 'test'
  ...
# Subtest: a miss never outlives a resolved show, and survives a slow page load
ok 3 - a miss never outlives a resolved show, and survives a slow page load
  ---
  duration_ms: 0.366
  type: 'test'
  ...
# Subtest: all three show lookup shapes consult and record the miss
ok 4 - all three show lookup shapes consult and record the miss
  ---
  duration_ms: 0.1698
  type: 'test'
  ...
# Subtest: TVDB-backed show metadata hydrates seasons through its TVDB identity
ok 5 - TVDB-backed show metadata hydrates seasons through its TVDB identity
  ---
  duration_ms: 0.1735
  type: 'test'
  ...
# Subtest: the miss cache is cleared by the same mutation hook as the positive cache
ok 6 - the miss cache is cleared by the same mutation hook as the positive cache
  ---
  duration_ms: 0.2444
  type: 'test'
  ...
# Subtest: concurrent app-link renders share one in-flight request
ok 7 - concurrent app-link renders share one in-flight request
  ---
  duration_ms: 0.7443
  type: 'test'
  ...
# Subtest: the server remembers an empty app-link result, but never a populated one
ok 8 - the server remembers an empty app-link result, but never a populated one
  ---
  duration_ms: 0.2862
  type: 'test'
  ...
# Subtest: the empty-result cache is bounded and invalidated on a config change
ok 9 - the empty-result cache is bounded and invalidated on a config change
  ---
  duration_ms: 0.2032
  type: 'test'
  ...
# Subtest: the empty-result window is shorter than the client's own refresh window
ok 10 - the empty-result window is shorter than the client's own refresh window
  ---
  duration_ms: 0.4259
  type: 'test'
  ...
# Subtest: finished episodes are deleted when start and stop provider ids differ
ok 11 - finished episodes are deleted when start and stop provider ids differ
  ---
  duration_ms: 3.1777
  type: 'test'
  ...
# Subtest: persisted Emby Up Next seed rows are purged from the active-session projection
ok 12 - persisted Emby Up Next seed rows are purged from the active-session projection
  ---
  duration_ms: 1.4408
  type: 'test'
  ...
# [security] Auto-generated secrets are persisted in data/config.json.
# [security] Pristine install detected - open the app to claim the administrator account. No password was generated.
# [ShowProgressCache] Rebuilding TV show progress cache from scratch...
# [ShowProgressCache] Rebuilt and saved 0 shows to cache file.
# App link lookup failed for emby: Upstream request timed out after 8000ms
# App link lookup failed for emby: Upstream request failed (connection refused)
# App link lookup failed for emby: Emby request failed with status 500
# Subtest: a server that times out is skipped for a minute, then tried again
ok 13 - a server that times out is skipped for a minute, then tried again
  ---
  duration_ms: 1.8772
  type: 'test'
  ...
# Subtest: a refused connection marks the server down too
ok 14 - a refused connection marks the server down too
  ---
  duration_ms: 0.7255
  type: 'test'
  ...
# Subtest: not found and HTTP errors never mark a server down
ok 15 - not found and HTTP errors never mark a server down
  ---
  duration_ms: 0.554
  type: 'test'
  ...
# Subtest: a partial answer is never stored as an empty result
ok 16 - a partial answer is never stored as an empty result
  ---
  duration_ms: 0.7812
  type: 'test'
  ...
# Subtest: the browser refreshes a partial answer after the one-minute window
ok 17 - the browser refreshes a partial answer after the one-minute window
  ---
  duration_ms: 0.4168
  type: 'test'
  ...
# Subtest: a stamped dynamic module import passes the asset check
ok 18 - a stamped dynamic module import passes the asset check
  ---
  duration_ms: 102.9064
  type: 'test'
  ...
# Subtest: an unstamped dynamic module import fails the asset check
ok 19 - an unstamped dynamic module import fails the asset check
  ---
  duration_ms: 166.2749
  type: 'test'
  ...
# Subtest: an unstamped template-literal dynamic import fails the asset check
ok 20 - an unstamped template-literal dynamic import fails the asset check
  ---
  duration_ms: 205.1825
  type: 'test'
  ...
# Subtest: a dynamic import stamped with an old version fails the asset check
ok 21 - a dynamic import stamped with an old version fails the asset check
  ---
  duration_ms: 168.0269
  type: 'test'
  ...
# Subtest: locked login keeps its logo in sync with the selected theme
ok 22 - locked login keeps its logo in sync with the selected theme
  ---
  duration_ms: 1.0208
  type: 'test'
  ...
# Subtest: locked login uses an onboarding-style shell and footer controls
ok 23 - locked login uses an onboarding-style shell and footer controls
  ---
  duration_ms: 0.4293
  type: 'test'
  ...
# Subtest: login form separates the password field from the submit control
ok 24 - login form separates the password field from the submit control
  ---
  duration_ms: 0.2948
  type: 'test'
  ...
# Subtest: locked login exposes local password recovery guidance
ok 25 - locked login exposes local password recovery guidance
  ---
  duration_ms: 0.2044
  type: 'test'
  ...
# [security] Auto-generated secrets are persisted in data/config.json.
# [security] Pristine install detected - open the app to claim the administrator account. No password was generated.
# Subtest: isDefaultPassword is memoized and follows credential changes
ok 26 - isDefaultPassword is memoized and follows credential changes
  ---
  duration_ms: 365.9542
  type: 'test'
  ...
# Subtest: verifyUsername performs constant-time matching correctly
ok 27 - verifyUsername performs constant-time matching correctly
  ---
  duration_ms: 0.2725
  type: 'test'
  ...
# Subtest: verifyWebhookToken performs constant-time token verification
ok 28 - verifyWebhookToken performs constant-time token verification
  ---
  duration_ms: 0.2257
  type: 'test'
  ...
# [ShowProgressCache] Rebuilding TV show progress cache from scratch...
# [ShowProgressCache] Rebuilt and saved 0 shows to cache file.
# Subtest: Trakt restore recovers sparse and episode-level rows from repeated series identity
ok 29 - Trakt restore recovers sparse and episode-level rows from repeated series identity
  ---
  duration_ms: 13.5007
  type: 'test'
  ...
# Subtest: Trakt restore isolates rejected plays so the remaining batch can continue
ok 30 - Trakt restore isolates rejected plays so the remaining batch can continue
  ---
  duration_ms: 0.5892
  type: 'test'
  ...
# Subtest: Trakt restore isolates nested grouped episode rejections by coordinate
ok 31 - Trakt restore isolates nested grouped episode rejections by coordinate
  ---
  duration_ms: 0.3111
  type: 'test'
  ...
# Subtest: authoritative backup restore preempts active sync work and cancels its jobs
ok 32 - authoritative backup restore preempts active sync work and cancels its jobs
  ---
  duration_ms: 12.0711
  type: 'test'
  ...
# Subtest: backup restore can take priority over an in-flight full sync restore
ok 33 - backup restore can take priority over an in-flight full sync restore
  ---
  duration_ms: 0.6223
  type: 'test'
  ...
# Subtest: async restore cancellation hooks are awaited by outbound dispatch
ok 34 - async restore cancellation hooks are awaited by outbound dispatch
  ---
  duration_ms: 0.6319
  type: 'test'
  ...
# [ShowProgressCache] Rebuilding TV show progress cache from scratch...
# [ShowProgressCache] Rebuilt and saved 0 shows to cache file.
# applyUnwatchedTransition: held back automatic unwatch for "Burst Show 15 - S01E01" (source: jellyfin) - 15 automatic unwatches already recorded in the last 5m, which looks like a mass false-unwatch burst rather than genuine activity. Not propagating; check the source server and re-verify manually if this item really was unwatched.
# applyUnwatchedTransition: held back automatic unwatch for "Burst Show 16 - S01E01" (source: jellyfin) - 15 automatic unwatches already recorded in the last 5m, which looks like a mass false-unwatch burst rather than genuine activity. Not propagating; check the source server and re-verify manually if this item really was unwatched.
# applyUnwatchedTransition: held back automatic unwatch for "Burst Show 17 - S01E01" (source: jellyfin) - 15 automatic unwatches already recorded in the last 5m, which looks like a mass false-unwatch burst rather than genuine activity. Not propagating; check the source server and re-verify manually if this item really was unwatched.
# applyUnwatchedTransition: held back automatic unwatch for "Burst Show 18 - S01E01" (source: jellyfin) - 15 automatic unwatches already recorded in the last 5m, which looks like a mass false-unwatch burst rather than genuine activity. Not propagating; check the source server and re-verify manually if this item really was unwatched.
# applyUnwatchedTransition: held back automatic unwatch for "Burst Show 19 - S01E01" (source: jellyfin) - 15 automatic unwatches already recorded in the last 5m, which looks like a mass false-unwatch burst rather than genuine activity. Not propagating; check the source server and re-verify manually if this item really was unwatched.
# Subtest: automatic unwatch burst guard holds back automatic unwatches once the threshold is exceeded
ok 35 - automatic unwatch burst guard holds back automatic unwatches once the threshold is exceeded
  ---
  duration_ms: 212.0344
  type: 'test'
  ...
# Subtest: automatic unwatch burst guard never holds back an explicit manual unwatch from a provider-sourced record
ok 36 - automatic unwatch burst guard never holds back an explicit manual unwatch from a provider-sourced record
  ---
  duration_ms: 232.6054
  type: 'test'
  ...
# Subtest: automatic unwatch echo does not create another alias when canonical state is already unwatched
ok 37 - automatic unwatch echo does not create another alias when canonical state is already unwatched
  ---
  duration_ms: 13.7674
  type: 'test'
  ...
# Subtest: unwatch removes every watched history alias before a later rewatch
ok 38 - unwatch removes every watched history alias before a later rewatch
  ---
  duration_ms: 34.4522
  type: 'test'
  ...
# Subtest: active background sync progress survives while its heartbeat is fresh
ok 39 - active background sync progress survives while its heartbeat is fresh
  ---
  duration_ms: 1.8658
  type: 'test'
  ...
# Subtest: orphaned incomplete background sync progress is reset after its heartbeat expires
ok 40 - orphaned incomplete background sync progress is reset after its heartbeat expires
  ---
  duration_ms: 1.4122
  type: 'test'
  ...
# Subtest: legacy incomplete progress without a timestamp is treated as orphaned
ok 41 - legacy incomplete progress without a timestamp is treated as orphaned
  ---
  duration_ms: 0.7125
  type: 'test'
  ...
# Subtest: a completed persisted burst is already idle and is not rewritten as interrupted
ok 42 - a completed persisted burst is already idle and is not rewritten as interrupted
  ---
  duration_ms: 0.5998
  type: 'test'
  ...
# Subtest: multiple owners aggregate atomically and releasing one cannot clear another
ok 43 - multiple owners aggregate atomically and releasing one cannot clear another
  ---
  duration_ms: 2.3966
  type: 'test'
  ...
# Subtest: owners started concurrently by separate processes are both preserved
ok 44 - owners started concurrently by separate processes are both preserved
  ---
  duration_ms: 308.8382
  type: 'test'
  ...
# Subtest: an owner expires at its hard lease even when its heartbeat keeps updating
ok 45 - an owner expires at its hard lease even when its heartbeat keeps updating
  ---
  duration_ms: 1.3015
  type: 'test'
  ...
# Subtest: the production owner lease is longer than the dead-process heartbeat window
ok 46 - the production owner lease is longer than the dead-process heartbeat window
  ---
  duration_ms: 0.2437
  type: 'test'
  ...
# [security] Auto-generated secrets are persisted in data/config.json.
# [security] Pristine install detected - open the app to claim the administrator account. No password was generated.
# [ShowProgressCache] Rebuilding TV show progress cache from scratch...
# [ShowProgressCache] Rebuilt and saved 0 shows to cache file.
# Subtest: the full command ladder is strictly increasing
ok 47 - the full command ladder is strictly increasing
  ---
  duration_ms: 3.1081
  type: 'test'
  ...
# Subtest: a release outranks every pre-release build that preceded it
ok 48 - a release outranks every pre-release build that preceded it
  ---
  duration_ms: 0.2601
  type: 'test'
  ...
# Subtest: four-segment versions from before the change are not reinterpreted
ok 49 - four-segment versions from before the change are not reinterpreted
  ---
  duration_ms: 1.0251
  type: 'test'
  ...
# Subtest: display trims trailing zeros only, and never below three segments
ok 50 - display trims trailing zeros only, and never below three segments
  ---
  duration_ms: 0.8283
  type: 'test'
  ...
# Subtest: unparseable and over-long versions never win a comparison
ok 51 - unparseable and over-long versions never win a comparison
  ---
  duration_ms: 1.3455
  type: 'test'
  ...
# Subtest: package.json only ever receives the three-segment release version
ok 52 - package.json only ever receives the three-segment release version
  ---
  duration_ms: 0.4132
  type: 'test'
  ...
# Subtest: the release-history gate accepts a correctly extended history
ok 53 - the release-history gate accepts a correctly extended history
  ---
  duration_ms: 0.4298
  type: 'test'
  ...
# Subtest: the release-history gate refuses a truncated history
ok 54 - the release-history gate refuses a truncated history
  ---
  duration_ms: 0.4719
  type: 'test'
  ...
# Subtest: the release-history gate refuses a single dropped release
ok 55 - the release-history gate refuses a single dropped release
  ---
  duration_ms: 51.126
  type: 'test'
  ...
# Subtest: the release-history gate refuses more or fewer than one new release
ok 56 - the release-history gate refuses more or fewer than one new release
  ---
  duration_ms: 278.5335
  type: 'test'
  ...
# Subtest: the release-history gate refuses a new release under the wrong version
ok 57 - the release-history gate refuses a new release under the wrong version
  ---
  duration_ms: 8.3457
  type: 'test'
  ...
# Subtest: a publishable entry passes the quality gate
ok 58 - a publishable entry passes the quality gate
  ---
  duration_ms: 1.3432
  type: 'test'
  ...
# Subtest: alpha limits runaway entries while a release keeps the reviewed cycle
ok 59 - alpha limits runaway entries while a release keeps the reviewed cycle
  ---
  duration_ms: 0.5148
  type: 'test'
  ...
# Subtest: the quality gate refuses an entry with too few bullets
ok 60 - the quality gate refuses an entry with too few bullets
  ---
  duration_ms: 2444.3323
  type: 'test'
  ...
# Subtest: the quality gate refuses bullets that name internals
ok 61 - the quality gate refuses bullets that name internals
  ---
  duration_ms: 0.2953
  type: 'test'
  ...
# Subtest: the quality gate leaves ordinary product wording alone
ok 62 - the quality gate leaves ordinary product wording alone
  ---
  duration_ms: 0.0994
  type: 'test'
  ...
# Subtest: pending product commits are counted without tooling commits
ok 63 - pending product commits are counted without tooling commits
  ---
  duration_ms: 2.5054
  type: 'test'
  ...
# Subtest: the release lock refuses a concurrent session but not an abandoned one
ok 64 - the release lock refuses a concurrent session but not an abandoned one
  ---
  duration_ms: 1.25
  type: 'test'
  ...
# Subtest: an alpha branch behind the running build is never an update
ok 65 - an alpha branch behind the running build is never an update
  ---
  duration_ms: 0.3081
  type: 'test'
  ...
# Subtest: a newer alpha cycle makes every remote entry pending
ok 66 - a newer alpha cycle makes every remote entry pending
  ---
  duration_ms: 0.2239
  type: 'test'
  ...
# Subtest: within one cycle only builds past the installed one are pending
ok 67 - within one cycle only builds past the installed one are pending
  ---
  duration_ms: 0.2044
  type: 'test'
  ...
# [ShowProgressCache] Rebuilding TV show progress cache from scratch...
# [ShowProgressCache] Rebuilt and saved 0 shows to cache file.
# Subtest: restore lookup cache shares one in-flight resolution and keeps a bounded result
ok 68 - restore lookup cache shares one in-flight resolution and keeps a bounded result
  ---
  duration_ms: 1.6334
  type: 'test'
  ...
# Subtest: dispatch grouping uses broader provider bridges and episode coordinates
ok 69 - dispatch grouping uses broader provider bridges and episode coordinates
  ---
  duration_ms: 3.29
  type: 'test'
  ...
# Subtest: scheduled outbound work defers only for a large active dispatch
ok 70 - scheduled outbound work defers only for a large active dispatch
  ---
  duration_ms: 0.276
  type: 'test'
  ...
# Subtest: emby sibling episodes share one provider fan-out and episode-list fetch
ok 71 - emby sibling episodes share one provider fan-out and episode-list fetch
  ---
  duration_ms: 108.7169
  type: 'test'
  ...
# Subtest: jellyfin sibling episodes share one provider fan-out and episode-list fetch
ok 72 - jellyfin sibling episodes share one provider fan-out and episode-list fetch
  ---
  duration_ms: 106.6958
  type: 'test'
  ...
# Subtest: emby title fallback is shared when provider ids miss
ok 73 - emby title fallback is shared when provider ids miss
  ---
  duration_ms: 139.4026
  type: 'test'
  ...
# Subtest: jellyfin title fallback is shared when provider ids miss
ok 74 - jellyfin title fallback is shared when provider ids miss
  ---
  duration_ms: 138.7596
  type: 'test'
  ...
# Subtest: Plex sibling episodes resolve the series once and share one allLeaves fetch
ok 75 - Plex sibling episodes resolve the series once and share one allLeaves fetch
  ---
  duration_ms: 279.4511
  type: 'test'
  ...
# Subtest: Plex episode lookup uses show_title when a rating snapshot has a leaf title
ok 76 - Plex episode lookup uses show_title when a rating snapshot has a leaf title
  ---
  duration_ms: 45.7657
  type: 'test'
  ...
# Subtest: all media providers resolve normalized tv ratings as series
ok 77 - all media providers resolve normalized tv ratings as series
  ---
  duration_ms: 124.287
  type: 'test'
  ...
# [ShowProgressCache] Rebuilding TV show progress cache from scratch...
# [ShowProgressCache] Rebuilt and saved 0 shows to cache file.
# [dataRepo] Automatic Up Next sync request failed: The database connection is not open
# Subtest: a rebuild records its cache, duration and trigger
ok 78 - a rebuild records its cache, duration and trigger
  ---
  duration_ms: 4.7888
  type: 'test'
  ...
# Subtest: counting bumps cannot distinguish an expensive invalidation from a free one, so rebuilds carry the trigger
ok 79 - counting bumps cannot distinguish an expensive invalidation from a free one, so rebuilds carry the trigger
  ---
  duration_ms: 0.2923
  type: 'test'
  ...
# Subtest: the timing wrappers return the build result and count its items
ok 80 - the timing wrappers return the build result and count its items
  ---
  duration_ms: 0.5552
  type: 'test'
  ...
# Subtest: an unlabelled generation change reports as observed rather than guessing
ok 81 - an unlabelled generation change reports as observed rather than guessing
  ---
  duration_ms: 0.598
  type: 'test'
  ...
# Subtest: reading a derived cache twice at one generation rebuilds it once
ok 82 - reading a derived cache twice at one generation rebuilds it once
  ---
  duration_ms: 0.6686
  type: 'test'
  ...
# Subtest: an invalidation labelled by its caller reaches the rebuild it causes
ok 83 - an invalidation labelled by its caller reaches the rebuild it causes
  ---
  duration_ms: 57.501
  type: 'test'
  ...
# [ShowProgressCache] Rebuilding TV show progress cache from scratch...
# [ShowProgressCache] Rebuilt and saved 0 shows to cache file.
# Subtest: warm-up runs once changes are quiet, and not again for the same version
ok 84 - warm-up runs once changes are quiet, and not again for the same version
  ---
  duration_ms: 7.7054
  type: 'test'
  ...
# Subtest: continuous changes still warm at the 60 s ceiling
ok 85 - continuous changes still warm at the 60 s ceiling
  ---
  duration_ms: 0.8374
  type: 'test'
  ...
# Subtest: startup warms on the first poll
ok 86 - startup warms on the first poll
  ---
  duration_ms: 0.9479
  type: 'test'
  ...
# Subtest: a second trigger while running joins the same run
ok 87 - a second trigger while running joins the same run
  ---
  duration_ms: 0.7377
  type: 'test'
  ...
# Subtest: a version change mid-run abandons the rest of the run
ok 88 - a version change mid-run abandons the rest of the run
  ---
  duration_ms: 1.0294
  type: 'test'
  ...
# Subtest: a request arriving mid-run goes ahead of the next warm-up step
ok 89 - a request arriving mid-run goes ahead of the next warm-up step
  ---
  duration_ms: 1.5474
  type: 'test'
  ...
# [ShowProgressCache] Updating progress for 1 shows: Yield Show 1
# [ShowProgressCache] No episode total for Yield Show 1: Cannot read properties of null (reading 'external_ids')
# [ShowProgressCache] Saved updated progress cache to file (1 shows; calculate 5.5ms, serialize 0.0ms, write 1.5ms).
# [ShowProgressCache] Updating progress for 1 shows: Yield Show 1
# [ShowProgressCache] Saved updated progress cache to file (1 shows; calculate 13.8ms, serialize 0.0ms, write 0.9ms).
# [ShowProgressCache] Updating progress for 1 shows: Yield Show 1
# [ShowProgressCache] Saved updated progress cache to file (1 shows; calculate 0.9ms, serialize 0.0ms, write 1.0ms).
# [ShowProgressCache] Updating progress for 1 shows: Yield Show 2
# [ShowProgressCache] Saved updated progress cache to file (1 shows; calculate 1.0ms, serialize 0.0ms, write 0.9ms).
# [ShowProgressCache] Updating progress for 1 shows: Yield Show 2
# [ShowProgressCache] Saved updated progress cache to file (1 shows; calculate 0.7ms, serialize 0.0ms, write 1.0ms).
# [ShowProgressCache] No episode total for Yield Show 2: Cannot read properties of null (reading 'external_ids')
# [ShowProgressCache] Updating progress for 1 shows: Yield Show 2
# [ShowProgressCache] Saved updated progress cache to file (1 shows; calculate 3.9ms, serialize 0.0ms, write 1.0ms).
# [ShowProgressCache] Updating progress for 1 shows: Yield Show 3
# [ShowProgressCache] Saved updated progress cache to file (1 shows; calculate 1.4ms, serialize 0.0ms, write 1.1ms).
# [ShowProgressCache] Updating progress for 1 shows: Yield Show 3
# [ShowProgressCache] Saved updated progress cache to file (1 shows; calculate 0.4ms, serialize 0.0ms, write 0.9ms).
# [ShowProgressCache] No episode total for Yield Show 3: Cannot read properties of null (reading 'external_ids')
# [ShowProgressCache] Updating progress for 1 shows: Yield Show 3
# [ShowProgressCache] Saved updated progress cache to file (1 shows; calculate 0.5ms, serialize 0.0ms, write 1.0ms).
# [ShowProgressCache] Updating progress for 1 shows: Yield Show 4
# [ShowProgressCache] Saved updated progress cache to file (1 shows; calculate 1.7ms, serialize 0.0ms, write 1.4ms).
# [ShowProgressCache] Updating progress for 1 shows: Yield Show 4
# [ShowProgressCache] Saved updated progress cache to file (1 shows; calculate 0.3ms, serialize 0.0ms, write 1.1ms).
# [ShowProgressCache] Updating progress for 1 shows: Yield Show 4
# [ShowProgressCache] Updating progress for 1 shows: Yield Show 5
# [ShowProgressCache] No episode total for Yield Show 4: Cannot read properties of null (reading 'external_ids')
# [ShowProgressCache] Failed to save updated progress cache: Error: EPERM: operation not permitted, rename 'C:\\Users\\lasik\\AppData\\Local\\Temp\\plembfin-cache-warmup-RlJAB1\\tv_progress_cache.json.30756.1790711405691.tmp' -> 'C:\\Users\\lasik\\AppData\\Local\\Temp\\plembfin-cache-warmup-RlJAB1\\tv_progress_cache.json'
#     at Object.renameSync (node:fs:1012:11)
#     at file:///C:/Github/plembfin/server/src/utils/showProgressCache.js:291:10
#     at async flushShowProgressUpdates (file:///C:/Github/plembfin/server/src/utils/showProgressCache.js:302:5)
#     at async invalidateHistoryDerivedCaches (file:///C:/Github/plembfin/server/src/utils/dataRepo.js:1448:3)
#     at async Module.insertWatchRecord (file:///C:/Github/plembfin/server/src/utils/dataRepo.js:1622:24)
#     at async TestContext.<anonymous> (file:///C:/Github/plembfin/test/cacheWarmup.test.js:150:24)
#     at async Test.run (node:internal/test_runner/test:1054:7)
#     at async Test.processPendingSubtests (node:internal/test_runner/test:744:7) {
#   errno: -4048,
#   code: 'EPERM',
#   syscall: 'rename',
#   path: 'C:\\\\Users\\\\lasik\\\\AppData\\\\Local\\\\Temp\\\\plembfin-cache-warmup-RlJAB1\\\\tv_progress_cache.json.30756.1790711405691.tmp',
#   dest: 'C:\\\\Users\\\\lasik\\\\AppData\\\\Local\\\\Temp\\\\plembfin-cache-warmup-RlJAB1\\\\tv_progress_cache.json'
# }
# [ShowProgressCache] No episode total for Yield Show 5: Cannot read properties of null (reading 'external_ids')
# [ShowProgressCache] No episode total for Yield Show 6: Cannot read properties of null (reading 'external_ids')
# [ShowProgressCache] Saved updated progress cache to file (1 shows; calculate 1.5ms, serialize 0.0ms, write 1.0ms).
# [ShowProgressCache] Updating progress for 1 shows: Yield Show 5
# [ShowProgressCache] Saved updated progress cache to file (1 shows; calculate 0.4ms, serialize 0.0ms, write 1.9ms).
# [ShowProgressCache] Updating progress for 1 shows: Yield Show 5
# [ShowProgressCache] Saved updated progress cache to file (1 shows; calculate 0.5ms, serialize 0.0ms, write 1.6ms).
# [ShowProgressCache] Updating progress for 1 shows: Yield Show 6
# [ShowProgressCache] Saved updated progress cache to file (1 shows; calculate 1.4ms, serialize 0.0ms, write 1.3ms).
# [ShowProgressCache] Updating progress for 1 shows: Yield Show 6
# [ShowProgressCache] Saved updated progress cache to file (1 shows; calculate 0.3ms, serialize 0.0ms, write 0.9ms).
# [ShowProgressCache] Updating progress for 1 shows: Yield Show 6
# [ShowProgressCache] Saved updated progress cache to file (1 shows; calculate 0.5ms, serialize 0.0ms, write 0.8ms).
# Subtest: steady requests delay a warm-up step by at most the ceiling
ok 90 - steady requests delay a warm-up step by at most the ceiling
  ---
  duration_ms: 2.0314
  type: 'test'
  ...
# [ShowProgressCache] Updating progress for 1 shows: Warm Show
# [ShowProgressCache] No episode total for Warm Show: Cannot read properties of null (reading 'external_ids')
# [ShowProgressCache] Saved updated progress cache to file (1 shows; calculate 0.8ms, serialize 0.0ms, write 1.3ms).
# Subtest: yielding show grouping returns exactly what the synchronous grouping returns
ok 91 - yielding show grouping returns exactly what the synchronous grouping returns
  ---
  duration_ms: 176.0118
  type: 'test'
  ...
# Subtest: the default steps fill every page cache, matching an on-request build
ok 92 - the default steps fill every page cache, matching an on-request build
  ---
  duration_ms: 48.352
  type: 'test'
  ...
# [ShowProgressCache] Rebuilding TV show progress cache from scratch...
# [ShowProgressCache] Rebuilt and saved 0 shows to cache file.
# [security] Auto-generated secrets are persisted in data/config.json.
# [security] Pristine install detected - open the app to claim the administrator account. No password was generated.
# [ShowProgressCache] Updating progress for 1 shows: Show One
# Subtest: a rematched episode with new provider ids is still recognized as already watched via the show title
ok 93 - a rematched episode with new provider ids is still recognized as already watched via the show title
  ---
  duration_ms: 5.2459
  type: 'test'
  ...
# Subtest: playstate lookup also survives the same legacy show-title mismatch
ok 94 - playstate lookup also survives the same legacy show-title mismatch
  ---
  duration_ms: 3.6358
  type: 'test'
  ...
# Subtest: newer rematched playstate aliases override an older exact-key pointer
ok 95 - newer rematched playstate aliases override an older exact-key pointer
  ---
  duration_ms: 2.4103
  type: 'test'
  ...
# [ShowProgressCache] No episode total for Show One: Could not resolve TVDB ID
# [ShowProgressCache] Saved updated progress cache to file (1 shows; calculate 389.1ms, serialize 0.0ms, write 0.9ms).
# [ShowProgressCache] Updating progress for 1 shows: Fallout
# Subtest: two unrelated shows sharing a season/episode number are not conflated
ok 96 - two unrelated shows sharing a season/episode number are not conflated
  ---
  duration_ms: 402.4102
  type: 'test'
  ...
# [ShowProgressCache] No episode total for Fallout: Could not resolve TVDB ID
# [ShowProgressCache] Saved updated progress cache to file (1 shows; calculate 672.6ms, serialize 0.0ms, write 0.9ms).
# [ShowProgressCache] Updating progress for 1 shows: Canonical Unwatch Show
# [ShowProgressCache] No episode total for Canonical Unwatch Show: Cannot read properties of null (reading 'external_ids')
# [ShowProgressCache] Saved updated progress cache to file (1 shows; calculate 1.5ms, serialize 0.0ms, write 1.5ms).
# [ShowProgressCache] Updating progress for 1 shows: Trying
# [ShowProgressCache] Saved updated progress cache to file (1 shows; calculate 0.4ms, serialize 0.0ms, write 1.0ms).
# [ShowProgressCache] Updating progress for 1 shows: Untrusted Scan
# [ShowProgressCache] Saved updated progress cache to file (1 shows; calculate 0.4ms, serialize 0.0ms, write 0.9ms).
# Subtest: imported watched records become canonical playstate and remain queued for app sync
ok 97 - imported watched records become canonical playstate and remain queued for app sync
  ---
  duration_ms: 681.9014
  type: 'test'
  ...
# Subtest: an explicit Plembfin unwatch remains canonical over an older watched record
ok 98 - an explicit Plembfin unwatch remains canonical over an older watched record
  ---
  duration_ms: 7.0584
  type: 'test'
  ...
# Subtest: a delayed library-added event cannot revive older watched history after an unwatch
ok 99 - a delayed library-added event cannot revive older watched history after an unwatch
  ---
  duration_ms: 8.314
  type: 'test'
  ...
# Subtest: user-scoped scheduled history is visible while unscoped scan evidence stays hidden
ok 100 - user-scoped scheduled history is visible while unscoped scan evidence stays hidden
  ---
  duration_ms: 16.7907
  type: 'test'
  ...
# Subtest: Trakt episode dispatch keeps the episode's own IDs instead of replacing them
ok 101 - Trakt episode dispatch keeps the episode's own IDs instead of replacing them
  ---
  duration_ms: 1.143
  type: 'test'
  ...
# Subtest: Trakt episode dispatch fills in only the IDs an episode is missing
ok 102 - Trakt episode dispatch fills in only the IDs an episode is missing
  ---
  duration_ms: 0.4059
  type: 'test'
  ...
# Subtest: a Trakt-only series override replaces the outbound series identity and season
ok 103 - a Trakt-only series override replaces the outbound series identity and season
  ---
  duration_ms: 0.1664
  type: 'test'
  ...
# Subtest: manual Trakt reconciliation replays an unchanged remote watch over local drift
ok 104 - manual Trakt reconciliation replays an unchanged remote watch over local drift
  ---
  duration_ms: 0.2158
  type: 'test'
  ...
# Subtest: watchstate replay snapshots exclude rows written after the run began
ok 105 - watchstate replay snapshots exclude rows written after the run began
  ---
  duration_ms: 7.9306
  type: 'test'
  ...
# Subtest: restore lock reset cancels an orphaned full-sync owner without clearing backup restores
ok 106 - restore lock reset cancels an orphaned full-sync owner without clearing backup restores
  ---
  duration_ms: 0.8606
  type: 'test'
  ...
# Subtest: cards carry a backdrop lookup key for the show or the movie
ok 107 - cards carry a backdrop lookup key for the show or the movie
  ---
  duration_ms: 1.2529
  type: 'test'
  ...
# Subtest: Discover and personal media records key shows as TV and movies as movies
ok 108 - Discover and personal media records key shows as TV and movies as movies
  ---
  duration_ms: 0.2695
  type: 'test'
  ...
# (node:50888) ExperimentalWarning: The MockTimers API is an experimental feature and might change at any time
# (Use `node --trace-warnings ...` to show where the warning was created)
# Subtest: Modern defers backdrop lookups until cards approach view
ok 109 - Modern defers backdrop lookups until cards approach view
  ---
  duration_ms: 177.4516
  type: 'test'
  ...
# Subtest: a failed backdrop lookup is retried and then published
ok 110 - a failed backdrop lookup is retried and then published
  ---
  duration_ms: 1.5537
  type: 'test'
  ...
# Subtest: formatChangelogMessage formats conventional release subjects
ok 111 - formatChangelogMessage formats conventional release subjects
  ---
  duration_ms: 2.3487
  type: 'test'
  ...
# Subtest: bulletPointsFrom extracts commit body bullets
ok 112 - bulletPointsFrom extracts commit body bullets
  ---
  duration_ms: 2.5107
  type: 'test'
  ...
# Subtest: bulletPointsFrom converts escaped newline bullets
ok 113 - bulletPointsFrom converts escaped newline bullets
  ---
  duration_ms: 0.2155
  type: 'test'
  ...
# Subtest: bulletPointsFrom joins a bullet that wraps across lines
ok 114 - bulletPointsFrom joins a bullet that wraps across lines
  ---
  duration_ms: 0.2101
  type: 'test'
  ...
# Subtest: bulletPointsFrom ignores the intro paragraph and section headings
ok 115 - bulletPointsFrom ignores the intro paragraph and section headings
  ---
  duration_ms: 0.2942
  type: 'test'
  ...
# Subtest: bulletPointsFrom joins on a single space without reflowing the text
ok 116 - bulletPointsFrom joins on a single space without reflowing the text
  ---
  duration_ms: 0.1567
  type: 'test'
  ...
# Subtest: validateReleaseMessage rejects title-only release commits
ok 117 - validateReleaseMessage rejects title-only release commits
  ---
  duration_ms: 0.4333
  type: 'test'
  ...
# Subtest: isNoiseCommitMessage flags release-pipeline bookkeeping commits
ok 118 - isNoiseCommitMessage flags release-pipeline bookkeeping commits
  ---
  duration_ms: 0.6954
  type: 'test'
  ...
# Subtest: filters changelog-process notes while retaining user-visible release details
ok 119 - filters changelog-process notes while retaining user-visible release details
  ---
  duration_ms: 3.0573
  type: 'test'
  ...
# Subtest: changelog entry guard reports process notes in messages, details, and sections
ok 120 - changelog entry guard reports process notes in messages, details, and sections
  ---
  duration_ms: 0.8301
  type: 'test'
  ...
# Subtest: isReleaseTypeCommitMessage only accepts user-facing commit types
ok 121 - isReleaseTypeCommitMessage only accepts user-facing commit types
  ---
  duration_ms: 0.4025
  type: 'test'
  ...
# Subtest: validateReleaseMessage accepts meaningful details and maintenance commits
ok 122 - validateReleaseMessage accepts meaningful details and maintenance commits
  ---
  duration_ms: 1.1349
  type: 'test'
  ...
# Subtest: dedupeChangelogDetails collapses equivalent user-facing bullets
ok 123 - dedupeChangelogDetails collapses equivalent user-facing bullets
  ---
  duration_ms: 0.2681
  type: 'test'
  ...
# Subtest: compound episode mapping projects Grimm's combined S05E21 and split S05E22 to Trakt S05E21
ok 124 - compound episode mapping projects Grimm's combined S05E21 and split S05E22 to Trakt S05E21
  ---
  duration_ms: 5.1166
  type: 'test'
  ...
# Subtest: tracker metadata can make a differently numbered combined episode canonical
ok 125 - tracker metadata can make a differently numbered combined episode canonical
  ---
  duration_ms: 18.5029
  type: 'test'
  ...
# Subtest: a lone part-two title is left unresolved until matching evidence exists
ok 126 - a lone part-two title is left unresolved until matching evidence exists
  ---
  duration_ms: 0.5843
  type: 'test'
  ...
# Subtest: split parts watched in one session become one logical Trakt play
ok 127 - split parts watched in one session become one logical Trakt play
  ---
  duration_ms: 0.6587
  type: 'test'
  ...
# Subtest: a split source falls back to the canonical item only when the target lacks the split coordinate
ok 128 - a split source falls back to the canonical item only when the target lacks the split coordinate
  ---
  duration_ms: 2.1828
  type: 'test'
  ...
# Subtest: a combined source marks every split target alias
ok 129 - a combined source marks every split target alias
  ---
  duration_ms: 0.5442
  type: 'test'
  ...
# Subtest: compound episode mapping detects split (1) and (2) episodes with the same base name (Brooklyn Nine-Nine)
ok 130 - compound episode mapping detects split (1) and (2) episodes with the same base name (Brooklyn Nine-Nine)
  ---
  duration_ms: 0.6229
  type: 'test'
  ...
# Subtest: compound episode mapping recognizes (Part 1)/(Part 2), (Pt 1)/(Pt 2), and bracketed markers
ok 131 - compound episode mapping recognizes (Part 1)/(Part 2), (Pt 1)/(Pt 2), and bracketed markers
  ---
  duration_ms: 1.1145
  type: 'test'
  ...
# Subtest: compound episode mapping discovers split episodes from season metadata resolver even when rows lack episode titles
ok 132 - compound episode mapping discovers split episodes from season metadata resolver even when rows lack episode titles
  ---
  duration_ms: 0.9936
  type: 'test'
  ...
# Subtest: canonicalCompoundEpisodeMedia projects split part 2 to canonical episode via season metadata
ok 133 - canonicalCompoundEpisodeMedia projects split part 2 to canonical episode via season metadata
  ---
  duration_ms: 0.7326
  type: 'test'
  ...
# Subtest: runWithConcurrency processes every item exactly once
ok 134 - runWithConcurrency processes every item exactly once
  ---
  duration_ms: 3.1969
  type: 'test'
  ...
# Subtest: runWithConcurrency never runs more than the given limit at once
ok 135 - runWithConcurrency never runs more than the given limit at once
  ---
  duration_ms: 84.8566
  type: 'test'
  ...
# Subtest: runWithConcurrency propagates a handler error
ok 136 - runWithConcurrency propagates a handler error
  ---
  duration_ms: 3.4717
  type: 'test'
  ...
# Subtest: runWithConcurrency handles an empty list and a limit larger than the list
ok 137 - runWithConcurrency handles an empty list and a limit larger than the list
  ---
  duration_ms: 2.272
  type: 'test'
  ...
# Subtest: saveMediaConfig persists a tuning override and refreshes the effective getters
ok 138 - saveMediaConfig persists a tuning override and refreshes the effective getters
  ---
  duration_ms: 6.556
  type: 'test'
  ...
# Subtest: saveMediaConfig persists the watched-flag policy and exposes its browser-safe options
ok 139 - saveMediaConfig persists the watched-flag policy and exposes its browser-safe options
  ---
  duration_ms: 6.0427
  type: 'test'
  ...
# Subtest: Up Next provider sync defaults on and persists an explicit opt-out
ok 140 - Up Next provider sync defaults on and persists an explicit opt-out
  ---
  duration_ms: 2.9898
  type: 'test'
  ...
# Subtest: validateConfig rejects a non-boolean Up Next sync setting
ok 141 - validateConfig rejects a non-boolean Up Next sync setting
  ---
  duration_ms: 0.7865
  type: 'test'
  ...
# Subtest: publicMediaConfig reports overridden vs default tuning fields
ok 142 - publicMediaConfig reports overridden vs default tuning fields
  ---
  duration_ms: 1.314
  type: 'test'
  ...
# Subtest: media account setup defaults on and supports an explicit manual-only opt-out
ok 143 - media account setup defaults on and supports an explicit manual-only opt-out
  ---
  duration_ms: 0.3242
  type: 'test'
  ...
# Subtest: validateConfig rejects out-of-range tuning fields
ok 144 - validateConfig rejects out-of-range tuning fields
  ---
  duration_ms: 0.7204
  type: 'test'
  ...
# Subtest: validateConfig accepts in-range tuning fields
ok 145 - validateConfig accepts in-range tuning fields
  ---
  duration_ms: 0.4503
  type: 'test'
  ...
# Subtest: validateConfig rejects an unknown watched-flag policy
ok 146 - validateConfig rejects an unknown watched-flag policy
  ---
  duration_ms: 0.7983
  type: 'test'
  ...
# Subtest: an explicit null override clears back to the default on the next save
ok 147 - an explicit null override clears back to the default on the next save
  ---
  duration_ms: 1.5363
  type: 'test'
  ...
# Subtest: active session TTL honors the configured activeSessionTtlMin
ok 148 - active session TTL honors the configured activeSessionTtlMin
  ---
  duration_ms: 4.3838
  type: 'test'
  ...
# Subtest: credential vault encrypts with unique IVs and detects tampering
ok 149 - credential vault encrypts with unique IVs and detects tampering
  ---
  duration_ms: 2.4569
  type: 'test'
  ...
# Subtest: credential key is created once and missing-key recovery fails safely
ok 150 - credential key is created once and missing-key recovery fails safely
  ---
  duration_ms: 10.4155
  type: 'test'
  ...
# Subtest: invalid credential keys do not expose their filesystem path
ok 151 - invalid credential keys do not expose their filesystem path
  ---
  duration_ms: 4.9221
  type: 'test'
  ...
# Subtest: secret-bearing diagnostic fields are recursively redacted
ok 152 - secret-bearing diagnostic fields are recursively redacted
  ---
  duration_ms: 0.6883
  type: 'test'
  ...
# Subtest: dashboard history merges one episode across apps and keeps every source badge
ok 153 - dashboard history merges one episode across apps and keeps every source badge
  ---
  duration_ms: 2.218
  type: 'test'
  ...
# Subtest: dashboard history collapses provider-specific source aliases into one badge
ok 154 - dashboard history collapses provider-specific source aliases into one badge
  ---
  duration_ms: 0.816
  type: 'test'
  ...
# Subtest: dashboard history keeps Plembfin as the origin when an app echo exists
ok 155 - dashboard history keeps Plembfin as the origin when an app echo exists
  ---
  duration_ms: 0.4174
  type: 'test'
  ...
# Subtest: dashboard history keeps a manual-only Plembfin mark
ok 156 - dashboard history keeps a manual-only Plembfin mark
  ---
  duration_ms: 0.1874
  type: 'test'
  ...
# Subtest: dashboard history does not merge same-title episodes with conflicting provider identities
ok 157 - dashboard history does not merge same-title episodes with conflicting provider identities
  ---
  duration_ms: 10.9055
  type: 'test'
  ...
# Subtest: dashboard history can bridge a TMDB-only row and a TVDB-only row for the same title
ok 158 - dashboard history can bridge a TMDB-only row and a TVDB-only row for the same title
  ---
  duration_ms: 0.3363
  type: 'test'
  ...
# Subtest: full cards never collapse a run
ok 159 - full cards never collapse a run
  ---
  duration_ms: 4.0813
  type: 'test'
  ...
# Subtest: Classic collapses runs the same as Modern in posters-only mode
ok 160 - Classic collapses runs the same as Modern in posters-only mode
  ---
  duration_ms: 0.5313
  type: 'test'
  ...
# Subtest: Modern collapses consecutive episodes of one show into a keyed run
ok 161 - Modern collapses consecutive episodes of one show into a keyed run
  ---
  duration_ms: 0.2327
  type: 'test'
  ...
# Subtest: the compact toggle is per row and re-renders the runs of the TV row only
ok 162 - the compact toggle is per row and re-renders the runs of the TV row only
  ---
  duration_ms: 0.3098
  type: 'test'
  ...
# Subtest: Modern never folds part-watched entries into a run
ok 163 - Modern never folds part-watched entries into a run
  ---
  duration_ms: 0.3466
  type: 'test'
  ...
# Subtest: Modern never folds movies into a run, even repeat watches of one title
ok 164 - Modern never folds movies into a run, even repeat watches of one title
  ---
  duration_ms: 0.269
  type: 'test'
  ...
# Subtest: expanding or collapsing a run re-renders every view that shows runs
ok 165 - expanding or collapsing a run re-renders every view that shows runs
  ---
  duration_ms: 0.2716
  type: 'test'
  ...
# Subtest: an expanded run gives one card per episode, with no Collapse control
ok 166 - an expanded run gives one card per episode, with no Collapse control
  ---
  duration_ms: 0.3934
  type: 'test'
  ...
# Subtest: opening a run folds any other open run back into its stack
ok 167 - opening a run folds any other open run back into its stack
  ---
  duration_ms: 0.6267
  type: 'test'
  ...
# [ShowProgressCache] Rebuilding TV show progress cache from scratch...
# [ShowProgressCache] Rebuilt and saved 0 shows to cache file.
# [ShowProgressCache] Updating progress for 1 shows: Cache Show
# [ShowProgressCache] No episode total for Cache Show: Cannot read properties of null (reading 'external_ids')
# [ShowProgressCache] Saved updated progress cache to file (1 shows; calculate 41.7ms, serialize 0.0ms, write 1.0ms).
# [ShowProgressCache] Updating progress for 1 shows: Cache Show
# [ShowProgressCache] Saved updated progress cache to file (1 shows; calculate 0.6ms, serialize 0.0ms, write 0.9ms).
# [ShowProgressCache] Updating progress for 1 shows: Cache Show
# [ShowProgressCache] No episode total for Cache Show: Cannot read properties of null (reading 'external_ids')
# [ShowProgressCache] Saved updated progress cache to file (1 shows; calculate 1.3ms, serialize 0.0ms, write 0.9ms).
# Subtest: derived caches stay identical to forced rebuilds across targeted and randomized writes
ok 168 - derived caches stay identical to forced rebuilds across targeted and randomized writes
  ---
  duration_ms: 510.9743
  type: 'test'
  ...
# Subtest: show rematch stamps every episode in one operation and clears stale artwork
ok 169 - show rematch stamps every episode in one operation and clears stale artwork
  ---
  duration_ms: 7.9641
  type: 'test'
  ...
# [ShowProgressCache] Updating progress for 1 shows: Untrusted Tvdb Show
# Subtest: stats merge title-only movie plays into one provider identity
ok 170 - stats merge title-only movie plays into one provider identity
  ---
  duration_ms: 8.1656
  type: 'test'
  ...
# Subtest: watch-date editor includes title-only movie rows sharing the canonical media key
ok 171 - watch-date editor includes title-only movie rows sharing the canonical media key
  ---
  duration_ms: 4.4966
  type: 'test'
  ...
# [ShowProgressCache] No episode total for Untrusted Tvdb Show: Upstream request failed (connection failed before the service returned a response)
# [ShowProgressCache] Saved updated progress cache to file (1 shows; calculate 1788.2ms, serialize 0.0ms, write 1.1ms).
# [ShowProgressCache] Updating progress for 1 shows: Preview Assembly (UK)
# Subtest: a show's tvdb_id is never surfaced from an unverified episode-tagged id
ok 172 - a show's tvdb_id is never surfaced from an unverified episode-tagged id
  ---
  duration_ms: 1793.579
  type: 'test'
  ...
# [ShowProgressCache] No episode total for Preview Assembly (UK): Upstream request failed (connection failed before the service returned a response)
# [ShowProgressCache] Saved updated progress cache to file (1 shows; calculate 2138.0ms, serialize 0.0ms, write 1.2ms).
# [ShowProgressCache] Updating progress for 1 shows: Preview Assembly
# [ShowProgressCache] No episode total for Preview Assembly: Could not resolve TVDB ID
# [ShowProgressCache] Saved updated progress cache to file (1 shows; calculate 713.7ms, serialize 0.0ms, write 1.5ms).
# Subtest: dashboard preview routes an unqualified title-only row through the unique matched series
ok 173 - dashboard preview routes an unqualified title-only row through the unique matched series
  ---
  duration_ms: 2860.4691
  type: 'test'
  ...
# Subtest: dashboard preview leaves out the sync and watch-source records
ok 174 - dashboard preview leaves out the sync and watch-source records
  ---
  duration_ms: 11.382
  type: 'test'
  ...
# [ShowProgressCache] Updating progress for 1 shows: Zero Watch Listing Show
# [ShowProgressCache] Saved updated progress cache to file (1 shows; calculate 0.5ms, serialize 0.0ms, write 1.1ms).
# Subtest: dashboard preview does not rebuild the full shows cache
ok 175 - dashboard preview does not rebuild the full shows cache
  ---
  duration_ms: 2.8246
  type: 'test'
  ...
# [ShowProgressCache] Updating progress for 1 shows: Collision Show
# Subtest: TV Shows listing excludes groups with no currently watched episodes
ok 176 - TV Shows listing excludes groups with no currently watched episodes
  ---
  duration_ms: 6.7891
  type: 'test'
  ...
# [ShowProgressCache] No episode total for Collision Show: Could not resolve TVDB ID
# [ShowProgressCache] Saved updated progress cache to file (1 shows; calculate 686.4ms, serialize 0.0ms, write 1.3ms).
# [ShowProgressCache] Updating progress for 1 shows: Collision Show
# [ShowProgressCache] Saved updated progress cache to file (1 shows; calculate 0.4ms, serialize 0.0ms, write 1.1ms).
# [ShowProgressCache] Updating progress for 1 shows: Collision Show
# [ShowProgressCache] Saved updated progress cache to file (1 shows; calculate 0.4ms, serialize 0.0ms, write 1.2ms).
# [ShowProgressCache] Updating progress for 1 shows: Collision Show
# [ShowProgressCache] Saved updated progress cache to file (1 shows; calculate 0.3ms, serialize 0.0ms, write 1.3ms).
# [ShowProgressCache] Updating progress for 1 shows: Collision Show
# [ShowProgressCache] Saved updated progress cache to file (1 shows; calculate 0.4ms, serialize 0.0ms, write 1.4ms).
# [ShowProgressCache] Updating progress for 1 shows: Collision Show
# [ShowProgressCache] Saved updated progress cache to file (1 shows; calculate 0.3ms, serialize 0.0ms, write 1.5ms).
# [ShowProgressCache] Updating progress for 1 shows: Collision Show
# [ShowProgressCache] Saved updated progress cache to file (1 shows; calculate 0.3ms, serialize 0.0ms, write 1.1ms).
# [ShowProgressCache] Updating progress for 1 shows: Split Show
# Subtest: a title lookup prefers a well-established show over a fresher single-row mismatch
ok 177 - a title lookup prefers a well-established show over a fresher single-row mismatch
  ---
  duration_ms: 710.3385
  type: 'test'
  ...
# [ShowProgressCache] No episode total for Split Show: Upstream request failed (connection failed before the service returned a response)
# [ShowProgressCache] Saved updated progress cache to file (1 shows; calculate 2120.7ms, serialize 0.0ms, write 1.3ms).
# [ShowProgressCache] Updating progress for 1 shows: Split Show
# [ShowProgressCache] Saved updated progress cache to file (1 shows; calculate 0.3ms, serialize 0.0ms, write 1.0ms).
# [ShowProgressCache] Updating progress for 1 shows: Preview Enrichment Show
# Subtest: a title lookup finds every episode regardless of a trailing year on some rows but not others
ok 178 - a title lookup finds every episode regardless of a trailing year on some rows but not others
  ---
  duration_ms: 2127.4717
  type: 'test'
  ...
# [ShowProgressCache] No episode total for Preview Enrichment Show: Could not resolve TVDB ID
# [ShowProgressCache] Saved updated progress cache to file (1 shows; calculate 705.8ms, serialize 0.0ms, write 0.9ms).
# [ShowProgressCache] Updating progress for 1 shows: Preview Enrichment Show
# [ShowProgressCache] Saved updated progress cache to file (1 shows; calculate 0.3ms, serialize 0.0ms, write 1.1ms).
# Subtest: dashboard history reuses show artwork and trusted show identity for sparse episode rows
ok 179 - dashboard history reuses show artwork and trusted show identity for sparse episode rows
  ---
  duration_ms: 712.8182
  type: 'test'
  ...
# [ShowProgressCache] Updating progress for 1 shows: Mismatched Title Show
# Subtest: history artwork lookup is reused until the history generation changes
ok 180 - history artwork lookup is reused until the history generation changes
  ---
  duration_ms: 5.9436
  type: 'test'
  ...
# [ShowProgressCache] No episode total for Mismatched Title Show: Could not resolve TVDB ID
# [ShowProgressCache] Saved updated progress cache to file (1 shows; calculate 699.8ms, serialize 0.0ms, write 1.2ms).
# [ShowProgressCache] Updating progress for 1 shows: Mismatched Title Show
# [ShowProgressCache] Saved updated progress cache to file (1 shows; calculate 0.3ms, serialize 0.0ms, write 1.1ms).
# [ShowProgressCache] Updating progress for 1 shows: Unwatch Marker Show
# Subtest: the watch-date editor finds every play of an episode despite a year-suffix mismatch
ok 181 - the watch-date editor finds every play of an episode despite a year-suffix mismatch
  ---
  duration_ms: 707.3829
  type: 'test'
  ...
# [ShowProgressCache] No episode total for Unwatch Marker Show: Could not resolve TVDB ID
# [ShowProgressCache] Saved updated progress cache to file (1 shows; calculate 705.3ms, serialize 0.0ms, write 1.3ms).
# [ShowProgressCache] Updating progress for 1 shows: Unwatch Marker Show
# [ShowProgressCache] Saved updated progress cache to file (1 shows; calculate 0.3ms, serialize 0.0ms, write 1.1ms).
# Subtest: the watch-date editor still lists a play that was later marked unwatched
ok 182 - the watch-date editor still lists a play that was later marked unwatched
  ---
  duration_ms: 710.7717
  type: 'test'
  ...
# [ShowProgressCache] Rebuilding TV show progress cache from scratch...
# [ShowProgressCache] Rebuilt and saved 0 shows to cache file.
# [ShowProgressCache] Updating progress for 1 shows: Duplicate Show
# [ShowProgressCache] No episode total for Duplicate Show: Could not resolve TVDB ID
# [ShowProgressCache] Saved updated progress cache to file (1 shows; calculate 418.5ms, serialize 0.0ms, write 0.9ms).
# [ShowProgressCache] Updating progress for 1 shows: Duplicate Show
# [ShowProgressCache] Saved updated progress cache to file (1 shows; calculate 4.3ms, serialize 0.0ms, write 0.9ms).
# [ShowProgressCache] Updating progress for 1 shows: Duplicate Show
# [ShowProgressCache] Saved updated progress cache to file (1 shows; calculate 3.9ms, serialize 0.0ms, write 1.0ms).
# [ShowProgressCache] Updating progress for 1 shows: Duplicate Show
# [ShowProgressCache] Saved updated progress cache to file (1 shows; calculate 0.4ms, serialize 0.0ms, write 0.9ms).
# [ShowProgressCache] Updating progress for 1 shows: Solo Show
# Subtest: deleteWatchDates removes the given rows and rolls playstate back to the newest survivor
ok 183 - deleteWatchDates removes the given rows and rolls playstate back to the newest survivor
  ---
  duration_ms: 498.2277
  type: 'test'
  ...
# [ShowProgressCache] No episode total for Solo Show: Could not resolve TVDB ID
# [ShowProgressCache] Saved updated progress cache to file (1 shows; calculate 582.2ms, serialize 0.0ms, write 0.8ms).
# [ShowProgressCache] Updating progress for 1 shows: Solo Show
# [ShowProgressCache] Saved updated progress cache to file (1 shows; calculate 0.2ms, serialize 0.0ms, write 0.9ms).
# [ShowProgressCache] Updating progress for 1 shows: Emptied Show
# Subtest: deleteWatchDates reports unknown ids without touching anything else
ok 184 - deleteWatchDates reports unknown ids without touching anything else
  ---
  duration_ms: 587.3313
  type: 'test'
  ...
# [ShowProgressCache] No episode total for Emptied Show: Could not resolve TVDB ID
# [ShowProgressCache] Saved updated progress cache to file (1 shows; calculate 709.7ms, serialize 0.0ms, write 1.0ms).
# [ShowProgressCache] Updating progress for 1 shows: Emptied Show
# [ShowProgressCache] Saved updated progress cache to file (1 shows; calculate 0.2ms, serialize 0.0ms, write 0.8ms).
# [ShowProgressCache] Updating progress for 1 shows: Echoed Show
# Subtest: deleteWatchDates clears playstate entirely when every watch for a media_key is removed
ok 185 - deleteWatchDates clears playstate entirely when every watch for a media_key is removed
  ---
  duration_ms: 721.1094
  type: 'test'
  ...
# [ShowProgressCache] No episode total for Echoed Show: Could not resolve TVDB ID
# [ShowProgressCache] Saved updated progress cache to file (1 shows; calculate 703.6ms, serialize 0.0ms, write 0.8ms).
# [ShowProgressCache] Updating progress for 1 shows: Echoed Show
# [ShowProgressCache] Saved updated progress cache to file (1 shows; calculate 0.4ms, serialize 0.0ms, write 1.1ms).
# [ShowProgressCache] Updating progress for 1 shows: Echoed Show
# [ShowProgressCache] Saved updated progress cache to file (1 shows; calculate 0.3ms, serialize 0.0ms, write 1.1ms).
# [ShowProgressCache] Updating progress for 1 shows: Rewatched Show
# Subtest: deleteWatchDate removes an echoed duplicate chained within the same-event window
ok 186 - deleteWatchDate removes an echoed duplicate chained within the same-event window
  ---
  duration_ms: 715.6624
  type: 'test'
  ...
# [ShowProgressCache] No episode total for Rewatched Show: Could not resolve TVDB ID
# [ShowProgressCache] Saved updated progress cache to file (1 shows; calculate 699.4ms, serialize 0.0ms, write 1.1ms).
# [ShowProgressCache] Updating progress for 1 shows: Rewatched Show
# [ShowProgressCache] Saved updated progress cache to file (1 shows; calculate 0.3ms, serialize 0.0ms, write 1.2ms).
# [ShowProgressCache] Updating progress for 1 shows: Rewatched Show
# [ShowProgressCache] Saved updated progress cache to file (1 shows; calculate 0.3ms, serialize 0.0ms, write 1.2ms).
# [ShowProgressCache] Updating progress for 1 shows: Survivor Show
# Subtest: deleteWatchDate leaves an independent rewatch outside the same-event window alone
ok 187 - deleteWatchDate leaves an independent rewatch outside the same-event window alone
  ---
  duration_ms: 712.9773
  type: 'test'
  ...
# [ShowProgressCache] No episode total for Survivor Show: Could not resolve TVDB ID
# [ShowProgressCache] Saved updated progress cache to file (1 shows; calculate 701.1ms, serialize 0.0ms, write 1.1ms).
# [ShowProgressCache] Updating progress for 1 shows: Survivor Show
# [ShowProgressCache] Saved updated progress cache to file (1 shows; calculate 0.4ms, serialize 0.0ms, write 1.1ms).
# [ShowProgressCache] Updating progress for 1 shows: Survivor Show
# [ShowProgressCache] Saved updated progress cache to file (1 shows; calculate 0.3ms, serialize 0.0ms, write 1.1ms).
# [ShowProgressCache] Updating progress for 1 shows: Lone Watch Show
# Subtest: deleteWatchDate reports the surviving row so the caller can propagate the rolled-back date
ok 188 - deleteWatchDate reports the surviving row so the caller can propagate the rolled-back date
  ---
  duration_ms: 711.6282
  type: 'test'
  ...
# [ShowProgressCache] No episode total for Lone Watch Show: Could not resolve TVDB ID
# [ShowProgressCache] Saved updated progress cache to file (1 shows; calculate 704.9ms, serialize 0.0ms, write 0.9ms).
# [ShowProgressCache] Updating progress for 1 shows: Lone Watch Show
# [ShowProgressCache] Saved updated progress cache to file (1 shows; calculate 0.2ms, serialize 0.0ms, write 0.9ms).
# [ShowProgressCache] Updating progress for 1 shows: Cross-Key Show
# Subtest: deleteWatchDate reports no surviving row when the last watch is removed
ok 189 - deleteWatchDate reports no surviving row when the last watch is removed
  ---
  duration_ms: 711.1159
  type: 'test'
  ...
# [ShowProgressCache] No episode total for Cross-Key Show: Could not resolve TVDB ID
# [ShowProgressCache] Saved updated progress cache to file (1 shows; calculate 707.1ms, serialize 0.0ms, write 1.1ms).
# [ShowProgressCache] Updating progress for 1 shows: Cross-Key Show
# [ShowProgressCache] Saved updated progress cache to file (1 shows; calculate 0.3ms, serialize 0.0ms, write 1.5ms).
# [ShowProgressCache] Updating progress for 1 shows: Cross-Key Show
# [ShowProgressCache] Saved updated progress cache to file (1 shows; calculate 0.5ms, serialize 0.0ms, write 1.2ms).
# [ShowProgressCache] Updating progress for 1 shows: Bulk A Show
# Subtest: deleteWatchDate finds a surviving row even when it has a different media_key
ok 190 - deleteWatchDate finds a surviving row even when it has a different media_key
  ---
  duration_ms: 718.0598
  type: 'test'
  ...
# [ShowProgressCache] No episode total for Bulk A Show: Could not resolve TVDB ID
# [ShowProgressCache] Saved updated progress cache to file (1 shows; calculate 705.9ms, serialize 0.0ms, write 1.0ms).
# [ShowProgressCache] Updating progress for 1 shows: Bulk A Show
# [ShowProgressCache] Saved updated progress cache to file (1 shows; calculate 0.4ms, serialize 0.0ms, write 1.7ms).
# [ShowProgressCache] Updating progress for 1 shows: Bulk B Show
# [ShowProgressCache] No episode total for Bulk B Show: Could not resolve TVDB ID
# [ShowProgressCache] Saved updated progress cache to file (1 shows; calculate 709.3ms, serialize 0.0ms, write 1.3ms).
# [ShowProgressCache] Updating progress for 2 shows: Bulk A Show, Bulk B Show
# [ShowProgressCache] Saved updated progress cache to file (2 shows; calculate 0.8ms, serialize 0.0ms, write 1.1ms).
# [ShowProgressCache] Updating progress for 1 shows: Same Time Show
# Subtest: deleteWatchDates reports affected media with surviving/deleted rows per media_key
ok 191 - deleteWatchDates reports affected media with surviving/deleted rows per media_key
  ---
  duration_ms: 1431.5875
  type: 'test'
  ...
# Subtest: deleteWatchDates coalesces split movie aliases around a surviving watch
ok 192 - deleteWatchDates coalesces split movie aliases around a surviving watch
  ---
  duration_ms: 33.2914
  type: 'test'
  ...
# Subtest: deleteWatchDate keeps an unambiguous title-only movie survivor
ok 193 - deleteWatchDate keeps an unambiguous title-only movie survivor
  ---
  duration_ms: 10.2993
  type: 'test'
  ...
# [ShowProgressCache] No episode total for Same Time Show: Could not resolve TVDB ID
# [ShowProgressCache] Saved updated progress cache to file (1 shows; calculate 657.0ms, serialize 0.0ms, write 1.1ms).
# [ShowProgressCache] Updating progress for 1 shows: Same Time Show
# [ShowProgressCache] Saved updated progress cache to file (1 shows; calculate 0.3ms, serialize 0.0ms, write 1.0ms).
# [ShowProgressCache] Updating progress for 1 shows: Same Time Show
# [ShowProgressCache] Saved updated progress cache to file (1 shows; calculate 0.3ms, serialize 0.0ms, write 0.9ms).
# [ShowProgressCache] Updating progress for 1 shows: Promoted Show
# [ShowProgressCache] Saved updated progress cache to file (1 shows; calculate 0.2ms, serialize 0.0ms, write 1.0ms).
# [ShowProgressCache] Updating progress for 1 shows: Promoted Show
# Subtest: deleteWatchDates does not sweep away a kept row sharing the same-event window with a removed one
ok 194 - deleteWatchDates does not sweep away a kept row sharing the same-event window with a removed one
  ---
  duration_ms: 666.4693
  type: 'test'
  ...
# [ShowProgressCache] No episode total for Promoted Show: Could not resolve TVDB ID
# [ShowProgressCache] Saved updated progress cache to file (1 shows; calculate 703.5ms, serialize 0.0ms, write 1.2ms).
# [ShowProgressCache] Updating progress for 1 shows: Promoted Show
# [ShowProgressCache] Saved updated progress cache to file (1 shows; calculate 0.3ms, serialize 0.0ms, write 0.8ms).
# [ShowProgressCache] Updating progress for 1 shows: Shadowed Show
# Subtest: deleteWatchDate promotes the sole surviving row to watched when it was the only one left
ok 195 - deleteWatchDate promotes the sole surviving row to watched when it was the only one left
  ---
  duration_ms: 713.1504
  type: 'test'
  ...
# [ShowProgressCache] No episode total for Shadowed Show: Could not resolve TVDB ID
# [ShowProgressCache] Saved updated progress cache to file (1 shows; calculate 706.6ms, serialize 0.0ms, write 1.0ms).
# [ShowProgressCache] Updating progress for 1 shows: Shadowed Show
# [ShowProgressCache] Saved updated progress cache to file (1 shows; calculate 0.2ms, serialize 0.0ms, write 1.0ms).
# [ShowProgressCache] Updating progress for 1 shows: Shadowed Show
# [ShowProgressCache] Saved updated progress cache to file (1 shows; calculate 0.4ms, serialize 0.0ms, write 0.8ms).
# [ShowProgressCache] Updating progress for 1 shows: Shadowed Show
# [ShowProgressCache] Saved updated progress cache to file (1 shows; calculate 0.2ms, serialize 0.0ms, write 1.0ms).
# Subtest: deleteWatchDate prefers an older genuinely-watched sibling over a newer deliberate unwatch
ok 196 - deleteWatchDate prefers an older genuinely-watched sibling over a newer deliberate unwatch
  ---
  duration_ms: 717.0547
  type: 'test'
  ...
# diagnostic-test token=super-secret-value
# Error: diagnostic-stack-redaction-test
#     at TestContext.<anonymous> (file:///C:/Github/plembfin/test/diagnosticLogger.test.js:28:17)
#     at Test.runInAsyncScope (node:async_hooks:214:14)
#     at Test.run (node:internal/test_runner/test:1047:25)
#     at Test.processPendingSubtests (node:internal/test_runner/test:744:18)
#     at Test.postRun (node:internal/test_runner/test:1173:19)
#     at Test.run (node:internal/test_runner/test:1101:12)
#     at async Test.processPendingSubtests (node:internal/test_runner/test:744:7)
# Subtest: diagnostic logs redact secrets and clear across the shared store
ok 197 - diagnostic logs redact secrets and clear across the shared store
  ---
  duration_ms: 8.624
  type: 'test'
  ...
# Subtest: diagnostic logs classify messages into categories correctly
ok 198 - diagnostic logs classify messages into categories correctly
  ---
  duration_ms: 0.5455
  type: 'test'
  ...
# Subtest: diagnostic logs keep error messages without exposing stack traces
ok 199 - diagnostic logs keep error messages without exposing stack traces
  ---
  duration_ms: 1.589
  type: 'test'
  ...
# [security] Auto-generated secrets are persisted in data/config.json.
# [security] Pristine install detected - open the app to claim the administrator account. No password was generated.
# [ShowProgressCache] Rebuilding TV show progress cache from scratch...
# [ShowProgressCache] Rebuilt and saved 0 shows to cache file.
# Subtest: Discover filters watched titles and adds a personalized recommendation rail
ok 200 - Discover filters watched titles and adds a personalized recommendation rail
  ---
  duration_ms: 4332.2952
  type: 'test'
  ...
# Subtest: Discover exclusions persist and filter only matching recommendation identities
ok 201 - Discover exclusions persist and filter only matching recommendation identities
  ---
  duration_ms: 1.3385
  type: 'test'
  ...
# [ShowProgressCache] Rebuilding TV show progress cache from scratch...
# [ShowProgressCache] Rebuilt and saved 0 shows to cache file.
# Subtest: dispatch progress uses one identity for the same episode across provider aliases
ok 202 - dispatch progress uses one identity for the same episode across provider aliases
  ---
  duration_ms: 2.6228
  type: 'test'
  ...
# Subtest: a keyed batch counts duplicate dispatch rows for one episode once
ok 203 - a keyed batch counts duplicate dispatch rows for one episode once
  ---
  duration_ms: 2.767
  type: 'test'
  ...
# Subtest: dispatch progress exposes the active media item label
ok 204 - dispatch progress exposes the active media item label
  ---
  duration_ms: 1.8341
  type: 'test'
  ...
# Subtest: reserveDispatchBatch reports the full total immediately, before any item completes
ok 205 - reserveDispatchBatch reports the full total immediately, before any item completes
  ---
  duration_ms: 2.1914
  type: 'test'
  ...
# Subtest: completeDispatchTracking advances progress without changing the reserved total
ok 206 - completeDispatchTracking advances progress without changing the reserved total
  ---
  duration_ms: 1.1405
  type: 'test'
  ...
# Subtest: reserveDispatchBatch called again mid-burst adds to the existing total instead of resetting it
ok 207 - reserveDispatchBatch called again mid-burst adds to the existing total instead of resetting it
  ---
  duration_ms: 1.2899
  type: 'test'
  ...
# Subtest: reserveDispatchBatch ignores a non-positive size
ok 208 - reserveDispatchBatch ignores a non-positive size
  ---
  duration_ms: 0.4967
  type: 'test'
  ...
# Subtest: finishing one overlapping reservation settles only that reservation
ok 209 - finishing one overlapping reservation settles only that reservation
  ---
  duration_ms: 1.77
  type: 'test'
  ...
# Subtest: README released-version marker matches the current package version
ok 210 - README released-version marker matches the current package version
  ---
  duration_ms: 2.8986
  type: 'test'
  ...
# Subtest: documentation check rejects a stale README released-version marker
ok 211 - documentation check rejects a stale README released-version marker
  ---
  duration_ms: 1.351
  type: 'test'
  ...
# Subtest: test\\domStubs.js
ok 30 - test\\domStubs.js
  ---
  duration_ms: 125.7122
  type: 'test'
  ...
# [ShowProgressCache] Rebuilding TV show progress cache from scratch...
# [ShowProgressCache] Rebuilt and saved 0 shows to cache file.
# [ShowProgressCache] Updating progress for 1 shows: Repeat Show
# [ShowProgressCache] No episode total for Repeat Show: Could not resolve TVDB ID
# [ShowProgressCache] Saved updated progress cache to file (1 shows; calculate 388.5ms, serialize 0.0ms, write 0.8ms).
# [ShowProgressCache] Updating progress for 1 shows: Repeat Show
# [ShowProgressCache] Failed to save updated progress cache: Error: EPERM: operation not permitted, rename 'C:\\Users\\lasik\\AppData\\Local\\Temp\\plembfin-duplicate-watch-groups-bwQI2a\\tv_progress_cache.json.45676.1790711406390.tmp' -> 'C:\\Users\\lasik\\AppData\\Local\\Temp\\plembfin-duplicate-watch-groups-bwQI2a\\tv_progress_cache.json'
#     at Object.renameSync (node:fs:1012:11)
#     at file:///C:/Github/plembfin/server/src/utils/showProgressCache.js:291:10
#     at process.processTicksAndRejections (node:internal/process/task_queues:103:5)
#     at async flushShowProgressUpdates (file:///C:/Github/plembfin/server/src/utils/showProgressCache.js:302:5)
#     at async invalidateHistoryDerivedCaches (file:///C:/Github/plembfin/server/src/utils/dataRepo.js:1448:3)
#     at async Module.insertWatchRecord (file:///C:/Github/plembfin/server/src/utils/dataRepo.js:1622:24)
#     at async TestContext.<anonymous> (file:///C:/Github/plembfin/test/duplicateWatchGroups.test.js:19:3)
#     at async Test.run (node:internal/test_runner/test:1054:7)
#     at async startSubtestAfterBootstrap (node:internal/test_runner/harness:296:3) {
#   errno: -4048,
#   code: 'EPERM',
#   syscall: 'rename',
#   path: 'C:\\\\Users\\\\lasik\\\\AppData\\\\Local\\\\Temp\\\\plembfin-duplicate-watch-groups-bwQI2a\\\\tv_progress_cache.json.45676.1790711406390.tmp',
#   dest: 'C:\\\\Users\\\\lasik\\\\AppData\\\\Local\\\\Temp\\\\plembfin-duplicate-watch-groups-bwQI2a\\\\tv_progress_cache.json'
# }
# [ShowProgressCache] Updating progress for 1 shows: Repeat Show
# [ShowProgressCache] Saved updated progress cache to file (1 shows; calculate 2.7ms, serialize 0.0ms, write 0.6ms).
# [security] Auto-generated secrets are persisted in data/config.json.
# ⚠️  An initial admin password was generated. Set ADMIN_PASSWORD before first start or use the in-app recovery flow.
# [ShowProgressCache] Updating progress for 1 shows: Multi Watch Show
# Subtest: queryWatchHistory groups an episode's repeat watches with the oldest first
ok 213 - queryWatchHistory groups an episode's repeat watches with the oldest first
  ---
  duration_ms: 479.5957
  type: 'test'
  ...
# Subtest: queryWatchHistory groups a movie's repeat watches with the oldest first
ok 214 - queryWatchHistory groups a movie's repeat watches with the oldest first
  ---
  duration_ms: 7.5506
  type: 'test'
  ...
# Subtest: queryWatchHistory does not report a single watch as a duplicate group
ok 215 - queryWatchHistory does not report a single watch as a duplicate group
  ---
  duration_ms: 2.8571
  type: 'test'
  ...
# Subtest: deduped dashboard history retains every app that recorded one episode
ok 216 - deduped dashboard history retains every app that recorded one episode
  ---
  duration_ms: 0.5169
  type: 'test'
  ...
# Subtest: deduped dashboard history collapses source aliases for one app
ok 217 - deduped dashboard history collapses source aliases for one app
  ---
  duration_ms: 0.269
  type: 'test'
  ...
# [ShowProgressCache] No episode total for Multi Watch Show: Could not resolve TVDB ID
# [ShowProgressCache] Saved updated progress cache to file (1 shows; calculate 362.4ms, serialize 0.0ms, write 0.8ms).
# [ShowProgressCache] Updating progress for 1 shows: Multi Watch Show
# [ShowProgressCache] Saved updated progress cache to file (1 shows; calculate 0.4ms, serialize 0.0ms, write 1.1ms).
# [ShowProgressCache] Updating progress for 1 shows: Multi Watch Show
# [ShowProgressCache] Saved updated progress cache to file (1 shows; calculate 1.1ms, serialize 0.0ms, write 1.2ms).
# [ShowProgressCache] Updating progress for 2 shows: Multi Watch Show, Repeat Show
# [ShowProgressCache] Saved updated progress cache to file (2 shows; calculate 0.8ms, serialize 0.0ms, write 1.0ms).
# Sync playstate dispatch started {
#   source: 'manual',
#   title: 'Repeat Show - S01E01',
#   intent: 'historical',
#   targets: [],
#   policySkipped: [],
#   type: 'episode',
#   ids: { imdb: undefined, tmdb: 'dupgroup-ep', tvdb: undefined }
# }
# Sync playstate dispatch completed {
#   source: 'manual',
#   title: 'Repeat Show - S01E01',
#   status: 'skipped',
#   results: []
# }
# Sync playstate dispatch started {
#   source: 'manual',
#   title: 'Multi Watch Show - S01E01',
#   intent: 'historical',
#   targets: [],
#   policySkipped: [],
#   type: 'episode',
#   ids: { imdb: undefined, tmdb: 'multi-ep-1', tvdb: undefined }
# }
# Sync playstate dispatch completed {
#   source: 'manual',
#   title: 'Multi Watch Show - S01E01',
#   status: 'skipped',
#   results: []
# }
# [ShowProgressCache] Updating progress for 1 shows: Shadowed Watch Show
# Subtest: handleDuplicateWatchScan detects TV episode duplicates and normalizes mediaType aliases
ok 218 - handleDuplicateWatchScan detects TV episode duplicates and normalizes mediaType aliases
  ---
  duration_ms: 1841.8591
  type: 'test'
  ...
# [ShowProgressCache] No episode total for Shadowed Watch Show: Could not resolve TVDB ID
# [ShowProgressCache] Saved updated progress cache to file (1 shows; calculate 660.9ms, serialize 0.0ms, write 0.9ms).
# [ShowProgressCache] Updating progress for 1 shows: Shadowed Watch Show
# [ShowProgressCache] Saved updated progress cache to file (1 shows; calculate 0.3ms, serialize 0.0ms, write 1.0ms).
# Subtest: handleDuplicateWatchScan never treats a stale unwatched row as a duplicate watch
ok 219 - handleDuplicateWatchScan never treats a stale unwatched row as a duplicate watch
  ---
  duration_ms: 673.2525
  type: 'test'
  ...
# Subtest: editing a movie watch date updates the retained Movies page record
ok 220 - editing a movie watch date updates the retained Movies page record
  ---
  duration_ms: 1.5112
  type: 'test'
  ...
# Subtest: same-show title variants are recognized for provider-specific matching
ok 221 - same-show title variants are recognized for provider-specific matching
  ---
  duration_ms: 0.4543
  type: 'test'
  ...
# Subtest: Fix Match searches a TV base title without losing the displayed year-specific identity
ok 222 - Fix Match searches a TV base title without losing the displayed year-specific identity
  ---
  duration_ms: 0.2344
  type: 'test'
  ...
# Subtest: Fix Match marks a same-title TMDB-only result as an explicit provider split
ok 223 - Fix Match marks a same-title TMDB-only result as an explicit provider split
  ---
  duration_ms: 0.3589
  type: 'test'
  ...
# Subtest: an existing watched episode exposes the same-as-other-episodes date choice
ok 224 - an existing watched episode exposes the same-as-other-episodes date choice
  ---
  duration_ms: 1.9871
  type: 'test'
  ...
# Subtest: editing one rewatch keeps the movie card on the latest remaining watch date
ok 225 - editing one rewatch keeps the movie card on the latest remaining watch date
  ---
  duration_ms: 0.224
  type: 'test'
  ...
# Subtest: editing a movie poster updates loaded library snapshots and related rewatches
ok 226 - editing a movie poster updates loaded library snapshots and related rewatches
  ---
  duration_ms: 0.5929
  type: 'test'
  ...
# Subtest: editing a show poster updates only the matching show and preserves episode stills
ok 227 - editing a show poster updates only the matching show and preserves episode stills
  ---
  duration_ms: 1.2572
  type: 'test'
  ...
# Subtest: TV library cards render the shared show poster instead of the representative episode still
ok 228 - TV library cards render the shared show poster instead of the representative episode still
  ---
  duration_ms: 4.4167
  type: 'test'
  ...
# Subtest: Emby direct login obtains and verifies a user-scoped access token
ok 229 - Emby direct login obtains and verifies a user-scoped access token
  ---
  duration_ms: 197.634
  type: 'test'
  ...
# Subtest: Jellyfin Quick Connect checks availability, polls, and exchanges its secret
ok 230 - Jellyfin Quick Connect checks availability, polls, and exchanges its secret
  ---
  duration_ms: 227.8165
  type: 'test'
  ...
# Subtest: Jellyfin account authentication sends only the modern authorization header
ok 231 - Jellyfin account authentication sends only the modern authorization header
  ---
  duration_ms: 93.3606
  type: 'test'
  ...
# [ShowProgressCache] Rebuilding TV show progress cache from scratch...
# [ShowProgressCache] Rebuilt and saved 0 shows to cache file.
# Emby item resume progress updated { itemId: 'movie-1', positionMs: 970000 }
# Subtest: Emby resume updates include the source progress date for Continue Watching
ok 232 - Emby resume updates include the source progress date for Continue Watching
  ---
  duration_ms: 42.9112
  type: 'test'
  ...
# Subtest: Emby resume date falls back to the dispatch time when the source has no timestamp
ok 233 - Emby resume date falls back to the dispatch time when the source has no timestamp
  ---
  duration_ms: 0.2574
  type: 'test'
  ...
# Emby item resume progress updated { itemId: 'movie-1', positionMs: 0 }
# Subtest: clearing Emby resume state does not make the item look recently played
ok 234 - clearing Emby resume state does not make the item look recently played
  ---
  duration_ms: 59.5076
  type: 'test'
  ...
# Emby item resume progress updated { itemId: 'movie-1', positionMs: 970000 }
# Subtest: telemetry-only updates preserve the source date replayed to Emby
ok 235 - telemetry-only updates preserve the source date replayed to Emby
  ---
  duration_ms: 61.8919
  type: 'test'
  ...
# Subtest: history episode titles resolve by show title without requiring Fix Match ids
ok 236 - history episode titles resolve by show title without requiring Fix Match ids
  ---
  duration_ms: 78.5327
  type: 'test'
  ...
# [ShowProgressCache] Rebuilding TV show progress cache from scratch...
# [ShowProgressCache] Rebuilt and saved 0 shows to cache file.
# [dataRepo] repairEpisodeSeriesIdentity: repaired 0 watch record(s), rekeyed 1 resume position(s), removed 1 duplicate resume alias(es)
# Subtest: scheduled identity repair collapses Ted Lasso episode aliases and future writes stay canonical
ok 237 - scheduled identity repair collapses Ted Lasso episode aliases and future writes stay canonical
  ---
  duration_ms: 70.8784
  type: 'test'
  ...
# Subtest: new episode playstate writes key on the proven profile, not the episode ids or title (plan playstate-episode-id-repair phase 5)
ok 238 - new episode playstate writes key on the proven profile, not the episode ids or title (plan playstate-episode-id-repair phase 5)
  ---
  duration_ms: 11.8524
  type: 'test'
  ...
# Subtest: a disagreeing series-level id outranks the single known title profile (decisions entry 34)
ok 239 - a disagreeing series-level id outranks the single known title profile (decisions entry 34)
  ---
  duration_ms: 17.8311
  type: 'test'
  ...
# Subtest: a progress write keeps its own series ids where the title profile has none
ok 240 - a progress write keeps its own series ids where the title profile has none
  ---
  duration_ms: 5.4591
  type: 'test'
  ...
# [dataRepo] repairPlaystateEpisodeIdAliases: removed 1 episode-id or title-keyed playstate alias(es), rekeyed 1; 1 conflicting alias(es) left for review
# [dataRepo] repairPlaystateEpisodeIdAliases: removed 0 episode-id or title-keyed playstate alias(es), rekeyed 3; 0 conflicting alias(es) left for review
# [dataRepo] repairPlaystateEpisodeIdAliases: removed 0 episode-id or title-keyed playstate alias(es), rekeyed 1; 0 conflicting alias(es) left for review
# [dataRepo] repairPlaystateEpisodeIdAliases: removed 2 episode-id or title-keyed playstate alias(es), rekeyed 1; 1 conflicting alias(es) left for review
# Subtest: repair leaves episode-level progress unresolved when same-title reboots are ambiguous
ok 241 - repair leaves episode-level progress unresolved when same-title reboots are ambiguous
  ---
  duration_ms: 3.624
  type: 'test'
  ...
# Subtest: playstate episode-id aliases are folded only when TMDB find proves them (plan playstate-episode-id-repair)
ok 242 - playstate episode-id aliases are folded only when TMDB find proves them (plan playstate-episode-id-repair)
  ---
  duration_ms: 4.7641
  type: 'test'
  ...
# Subtest: tier 2: a TVDB episode lookup proves aliases TMDB find cannot (plan playstate-episode-id-repair)
ok 243 - tier 2: a TVDB episode lookup proves aliases TMDB find cannot (plan playstate-episode-id-repair)
  ---
  duration_ms: 5.8816
  type: 'test'
  ...
# Subtest: tier 3: a profile with no TMDB id is bridged by its own ids resolving to TMDB's show (plan playstate-episode-id-repair)
ok 244 - tier 3: a profile with no TMDB id is bridged by its own ids resolving to TMDB's show (plan playstate-episode-id-repair)
  ---
  duration_ms: 7.5831
  type: 'test'
  ...
# Subtest: id-less title-keyed playstate rows fold onto the title's sole profile (plan playstate-episode-id-repair phase 5 step 2)
ok 245 - id-less title-keyed playstate rows fold onto the title's sole profile (plan playstate-episode-id-repair phase 5 step 2)
  ---
  duration_ms: 11.7361
  type: 'test'
  ...
# Subtest: TVDB episode answers are classified and cached for the playstate repair
ok 246 - TVDB episode answers are classified and cached for the playstate repair
  ---
  duration_ms: 1090.7579
  type: 'test'
  ...
# Subtest: TMDB find answers are classified and cached for the playstate repair
ok 247 - TMDB find answers are classified and cached for the playstate repair
  ---
  duration_ms: 718.2673
  type: 'test'
  ...
# Subtest: recognizes synthetic media-server episode titles
ok 248 - recognizes synthetic media-server episode titles
  ---
  duration_ms: 1.9792
  type: 'test'
  ...
# Subtest: rejects a placeholder episode from automatic library history when it has no provider identity
ok 249 - rejects a placeholder episode from automatic library history when it has no provider identity
  ---
  duration_ms: 1.3729
  type: 'test'
  ...
# Subtest: rejects an uncertain coordinate title even when only a series provider id is present
ok 250 - rejects an uncertain coordinate title even when only a series provider id is present
  ---
  duration_ms: 0.2037
  type: 'test'
  ...
# Subtest: accepts a real episode title even when an older server item has no provider id
ok 251 - accepts a real episode title even when an older server item has no provider id
  ---
  duration_ms: 0.1416
  type: 'test'
  ...
# Subtest: fails closed when automatic metadata is incomplete
ok 252 - fails closed when automatic metadata is incomplete
  ---
  duration_ms: 0.2392
  type: 'test'
  ...
# Subtest: rejects impossible episode coordinates but does not police manual history writes
ok 253 - rejects impossible episode coordinates but does not police manual history writes
  ---
  duration_ms: 0.2127
  type: 'test'
  ...
# Subtest: episode spoilers are hidden by default
ok 254 - episode spoilers are hidden by default
  ---
  duration_ms: 8.5148
  type: 'test'
  ...
# Subtest: a saved spoiler preference can reveal unwatched episode details
ok 255 - a saved spoiler preference can reveal unwatched episode details
  ---
  duration_ms: 3.9102
  type: 'test'
  ...
# [ShowProgressCache] Rebuilding TV show progress cache from scratch...
# [ShowProgressCache] Rebuilt and saved 0 shows to cache file.
# Subtest: auditEpisodeTitleGaps reports rows with no real stored episode name
ok 256 - auditEpisodeTitleGaps reports rows with no real stored episode name
  ---
  duration_ms: 3.7807
  type: 'test'
  ...
# Subtest: backfillEpisodeTitleGaps fills a null title from a sibling watch row holding the real name
ok 257 - backfillEpisodeTitleGaps fills a null title from a sibling watch row holding the real name
  ---
  duration_ms: 48.682
  type: 'test'
  ...
# Subtest: backfillEpisodeTitleGaps leaves rows unresolved when nothing real is stored and fetch is disabled
ok 258 - backfillEpisodeTitleGaps leaves rows unresolved when nothing real is stored and fetch is disabled
  ---
  duration_ms: 9.6037
  type: 'test'
  ...
# Subtest: backfillEpisodeTitleGaps scans more than the old 100-row audit cap in one operation
ok 259 - backfillEpisodeTitleGaps scans more than the old 100-row audit cap in one operation
  ---
  duration_ms: 42.5528
  type: 'test'
  ...
# Subtest: verified title-less rows are counted separately and omitted from the repair preview
ok 260 - verified title-less rows are counted separately and omitted from the repair preview
  ---
  duration_ms: 0.844
  type: 'test'
  ...
# [ShowProgressCache] Rebuilding TV show progress cache from scratch...
# [ShowProgressCache] Rebuilt and saved 0 shows to cache file.
# Subtest: ingest keeps a genuine reported episode name
ok 261 - ingest keeps a genuine reported episode name
  ---
  duration_ms: 3.2416
  type: 'test'
  ...
# Subtest: ingest replaces a bare-coordinate episode_title with a stored real name when present
ok 262 - ingest replaces a bare-coordinate episode_title with a stored real name when present
  ---
  duration_ms: 1.5466
  type: 'test'
  ...
# Subtest: ingest drops a bare-coordinate episode_title to null when no real name is stored anywhere
ok 263 - ingest drops a bare-coordinate episode_title to null when no real name is stored anywhere
  ---
  duration_ms: 1.0588
  type: 'test'
  ...
# Subtest: ingest drops a synthesized 'Episode 08' placeholder when a real stored name exists
ok 264 - ingest drops a synthesized 'Episode 08' placeholder when a real stored name exists
  ---
  duration_ms: 0.7499
  type: 'test'
  ...
# Subtest: placeholder detector flags null/empty, bare numbers, and Episode N labels
ok 265 - placeholder detector flags null/empty, bare numbers, and Episode N labels
  ---
  duration_ms: 0.9457
  type: 'test'
  ...
# Subtest: resolvedEpisodeTitleForRecord returns a real incoming title unchanged
ok 266 - resolvedEpisodeTitleForRecord returns a real incoming title unchanged
  ---
  duration_ms: 0.2396
  type: 'test'
  ...
# Subtest: resolveStoredEpisodeName finds a real title from a sibling watch row
ok 267 - resolveStoredEpisodeName finds a real title from a sibling watch row
  ---
  duration_ms: 6.2441
  type: 'test'
  ...
# Subtest: resolveStoredEpisodeName ignores sibling rows that only carry coordinates
ok 268 - resolveStoredEpisodeName ignores sibling rows that only carry coordinates
  ---
  duration_ms: 1.1175
  type: 'test'
  ...
# Subtest: resolveStoredEpisodeName reads a name from cached season metadata by show tvdb id
ok 269 - resolveStoredEpisodeName reads a name from cached season metadata by show tvdb id
  ---
  duration_ms: 0.7048
  type: 'test'
  ...
# Subtest: resolvedEpisodeTitleForRecord leaves incoming null when nothing is stored and season has no cached name
ok 270 - resolvedEpisodeTitleForRecord leaves incoming null when nothing is stored and season has no cached name
  ---
  duration_ms: 0.434
  type: 'test'
  ...
# Subtest: show searches include fully watched shows even when the filter is enabled
ok 271 - show searches include fully watched shows even when the filter is enabled
  ---
  duration_ms: 0.8688
  type: 'test'
  ...
# Subtest: A-Z navigation is reserved for alphabetical explorer sorts
ok 272 - A-Z navigation is reserved for alphabetical explorer sorts
  ---
  duration_ms: 0.2121
  type: 'test'
  ...
# Subtest: episodeRecord preserves Plex specials season zero
ok 273 - episodeRecord preserves Plex specials season zero
  ---
  duration_ms: 2.617
  type: 'test'
  ...
# Subtest: forceSyncStopAction cancels an in-process worker
ok 274 - forceSyncStopAction cancels an in-process worker
  ---
  duration_ms: 1.1136
  type: 'test'
  ...
# Subtest: forceSyncStopAction resets a persisted lock after restart
ok 275 - forceSyncStopAction resets a persisted lock after restart
  ---
  duration_ms: 0.2118
  type: 'test'
  ...
# Subtest: forceSyncStopAction is idle when no worker or lock exists
ok 276 - forceSyncStopAction is idle when no worker or lock exists
  ---
  duration_ms: 0.2024
  type: 'test'
  ...
# [ShowProgressCache] Rebuilding TV show progress cache from scratch...
# [ShowProgressCache] Rebuilt and saved 0 shows to cache file.
# Subtest: force-sync planner produces typed actions and summary without writes
ok 277 - force-sync planner produces typed actions and summary without writes
  ---
  duration_ms: 2.4634
  type: 'test'
  ...
# Subtest: scope filters media types and blocks plans over maxChanges
ok 278 - scope filters media types and blocks plans over maxChanges
  ---
  duration_ms: 0.5594
  type: 'test'
  ...
# Subtest: Force Sync treats Plembfin history as canonical when servers disagree
ok 279 - Force Sync treats Plembfin history as canonical when servers disagree
  ---
  duration_ms: 0.8902
  type: 'test'
  ...
# Subtest: Force Sync repairs a remote played flag without deleting Plembfin history
ok 280 - Force Sync repairs a remote played flag without deleting Plembfin history
  ---
  duration_ms: 0.4622
  type: 'test'
  ...
# Subtest: staleness detects TTL and changed watched counts
ok 281 - staleness detects TTL and changed watched counts
  ---
  duration_ms: 0.2391
  type: 'test'
  ...
# Subtest: summary classifies large destructive plans for strong confirmation
ok 282 - summary classifies large destructive plans for strong confirmation
  ---
  duration_ms: 0.3178
  type: 'test'
  ...
# Subtest: a failed server scan is not treated as an empty library or write target
ok 283 - a failed server scan is not treated as an empty library or write target
  ---
  duration_ms: 0.7771
  type: 'test'
  ...
# Subtest: Force Sync target generation respects receive roles
ok 284 - Force Sync target generation respects receive roles
  ---
  duration_ms: 0.3252
  type: 'test'
  ...
# Subtest: onboarding scan uses release date when Plex has no played timestamp
ok 285 - onboarding scan uses release date when Plex has no played timestamp
  ---
  duration_ms: 1.5065
  type: 'test'
  ...
# Subtest: mapPlexWatchedItem prefers the show's tmdb/tvdb guid over the episode's own guid
ok 286 - mapPlexWatchedItem prefers the show's tmdb/tvdb guid over the episode's own guid
  ---
  duration_ms: 0.716
  type: 'test'
  ...
# Subtest: onboarding scan uses release date when Emby has no played timestamp
ok 287 - onboarding scan uses release date when Emby has no played timestamp
  ---
  duration_ms: 0.5417
  type: 'test'
  ...
# Subtest: build versions format in core utils, so the sidebar badge never waits for Settings
ok 288 - build versions format in core utils, so the sidebar badge never waits for Settings
  ---
  duration_ms: 1.7577
  type: 'test'
  ...
# Subtest: list dates format without the Stats route module
ok 289 - list dates format without the Stats route module
  ---
  duration_ms: 20.1643
  type: 'test'
  ...
# Subtest: Now Playing links resolve TV sessions to the show and movies by id or title
ok 290 - Now Playing links resolve TV sessions to the show and movies by id or title
  ---
  duration_ms: 1.2722
  type: 'test'
  ...
# Subtest: Now Playing TV fallback reuses a loaded local show identity when the provider omits ids
ok 291 - Now Playing TV fallback reuses a loaded local show identity when the provider omits ids
  ---
  duration_ms: 0.4807
  type: 'test'
  ...
# Subtest: media records dedupe by show identity and keep the latest watch
ok 292 - media records dedupe by show identity and keep the latest watch
  ---
  duration_ms: 1.1905
  type: 'test'
  ...
# Subtest: Up Next show helpers match across id field spellings and escape markup
ok 293 - Up Next show helpers match across id field spellings and escape markup
  ---
  duration_ms: 1.0015
  type: 'test'
  ...
# Subtest: the Manual Watch review summary shares one in-flight request
ok 294 - the Manual Watch review summary shares one in-flight request
  ---
  duration_ms: 0.7618
  type: 'test'
  ...
# Subtest: personal metadata fill asks only about the page being viewed
ok 295 - personal metadata fill asks only about the page being viewed
  ---
  duration_ms: 54.6517
  type: 'test'
  ...
# Subtest: Settings status reuse: page open and saved-config apply share one request, saves always refetch
ok 296 - Settings status reuse: page open and saved-config apply share one request, saves always refetch
  ---
  duration_ms: 0.9009
  type: 'test'
  ...
# Subtest: sync history is reused within one Settings navigation but a forced load refetches
ok 297 - sync history is reused within one Settings navigation but a forced load refetches
  ---
  duration_ms: 0.7182
  type: 'test'
  ...
# Subtest: provider history changes fall back to the durable record id after identity repair rewrites the key
ok 298 - provider history changes fall back to the durable record id after identity repair rewrites the key
  ---
  duration_ms: 1.6412
  type: 'test'
  ...
# Subtest: a finished setup never downloads the onboarding wizard
ok 299 - a finished setup never downloads the onboarding wizard
  ---
  duration_ms: 0.7947
  type: 'test'
  ...
# Subtest: refresh-job status is resumed from Settings, not on every page
ok 300 - refresh-job status is resumed from Settings, not on every page
  ---
  duration_ms: 0.3886
  type: 'test'
  ...
# Subtest: route entry scroll reset survives lazy route rendering
ok 301 - route entry scroll reset survives lazy route rendering
  ---
  duration_ms: 0.3149
  type: 'test'
  ...
# Subtest: Now Playing refreshes suspended mobile pages on resume
ok 302 - Now Playing refreshes suspended mobile pages on resume
  ---
  duration_ms: 0.3017
  type: 'test'
  ...
# Subtest: mobile show detail episodes stay in a two-column grid
ok 303 - mobile show detail episodes stay in a two-column grid
  ---
  duration_ms: 0.649
  type: 'test'
  ...
# Subtest: mobile TV show summaries sit below the logo without moving progress
ok 304 - mobile TV show summaries sit below the logo without moving progress
  ---
  duration_ms: 0.6494
  type: 'test'
  ...
# Subtest: mobile show detail episodes use a compact title, availability, summary, and watched hierarchy
ok 305 - mobile show detail episodes use a compact title, availability, summary, and watched hierarchy
  ---
  duration_ms: 0.7395
  type: 'test'
  ...
# Subtest: mobile TV season summary stays on one line without Expand All
ok 306 - mobile TV season summary stays on one line without Expand All
  ---
  duration_ms: 0.4611
  type: 'test'
  ...
# Subtest: mobile TV detail controls keep navigation and season options compact
ok 307 - mobile TV detail controls keep navigation and season options compact
  ---
  duration_ms: 1.3276
  type: 'test'
  ...
# Subtest: mobile media controls keep watch actions in Options and popup surfaces within the viewport
ok 308 - mobile media controls keep watch actions in Options and popup surfaces within the viewport
  ---
  duration_ms: 3.5083
  type: 'test'
  ...
# Subtest: mobile page controls share the media action-bar layout without redundant Options menus
ok 309 - mobile page controls share the media action-bar layout without redundant Options menus
  ---
  duration_ms: 4.0285
  type: 'test'
  ...
# Subtest: the lazy binding list is parsed
ok 310 - the lazy binding list is parsed
  ---
  duration_ms: 0.867
  type: 'test'
  ...
# Subtest: core modules never store a deferred placeholder as a callback
ok 311 - core modules never store a deferred placeholder as a callback
  ---
  duration_ms: 41.1379
  type: 'test'
  ...
# Subtest: route modules never receive another route module's placeholder by value
ok 312 - route modules never receive another route module's placeholder by value
  ---
  duration_ms: 18.1935
  type: 'test'
  ...
# Subtest: each route module is initialized exactly once, from its registry entry
ok 313 - each route module is initialized exactly once, from its registry entry
  ---
  duration_ms: 3.392
  type: 'test'
  ...
# Subtest: no synchronous placeholder is chained like a promise
ok 314 - no synchronous placeholder is chained like a promise
  ---
  duration_ms: 21.1838
  type: 'test'
  ...
# Subtest: the watch-action re-render reloads the data behind the visible page
ok 315 - the watch-action re-render reloads the data behind the visible page
  ---
  duration_ms: 0.3878
  type: 'test'
  ...
# Subtest: saved config is applied only after the shell modules are initialized
ok 316 - saved config is applied only after the shell modules are initialized
  ---
  duration_ms: 0.4135
  type: 'test'
  ...
# Subtest: settings-only status modules run only while signed in on Settings
ok 317 - settings-only status modules run only while signed in on Settings
  ---
  duration_ms: 0.6708
  type: 'test'
  ...
# Subtest: activations before the shell modules load are held and replayed, never dropped
ok 318 - activations before the shell modules load are held and replayed, never dropped
  ---
  duration_ms: 0.5933
  type: 'test'
  ...
# Subtest: startup status summaries stay lightweight and run once per token
ok 319 - startup status summaries stay lightweight and run once per token
  ---
  duration_ms: 0.7034
  type: 'test'
  ...
# Subtest: a route waits for its own modules and is replayed once, not the whole graph
ok 320 - a route waits for its own modules and is replayed once, not the whole graph
  ---
  duration_ms: 0.6268
  type: 'test'
  ...
# Subtest: only the first dashboard paint may accept a stale Up Next projection
ok 321 - only the first dashboard paint may accept a stale Up Next projection
  ---
  duration_ms: 0.5229
  type: 'test'
  ...
# Subtest: startup reads the bundled version before deferring a remote changelog check
ok 322 - startup reads the bundled version before deferring a remote changelog check
  ---
  duration_ms: 0.7187
  type: 'test'
  ...
# Subtest: the version badge opens the dedicated changelog route
ok 323 - the version badge opens the dedicated changelog route
  ---
  duration_ms: 0.2133
  type: 'test'
  ...
# Subtest: the About page uses the installed release metadata
ok 324 - the About page uses the installed release metadata
  ---
  duration_ms: 0.2611
  type: 'test'
  ...
# Subtest: diagnostic logs are fetched only while the Logs panel is visible
ok 325 - diagnostic logs are fetched only while the Logs panel is visible
  ---
  duration_ms: 0.3936
  type: 'test'
  ...
# Subtest: dynamic sidebar controls keep their own visibility outside demo mode
ok 326 - dynamic sidebar controls keep their own visibility outside demo mode
  ---
  duration_ms: 0.2759
  type: 'test'
  ...
# Subtest: telemetryTargetStates parses scheduler, webhook, and progress target lines
ok 327 - telemetryTargetStates parses scheduler, webhook, and progress target lines
  ---
  duration_ms: 1.7359
  type: 'test'
  ...
# Subtest: targetStateUnavailable recognizes every not-found spelling used by telemetry
ok 328 - targetStateUnavailable recognizes every not-found spelling used by telemetry
  ---
  duration_ms: 0.1725
  type: 'test'
  ...
# Subtest: detail sync state only blocks a visible item while its own import or dispatch is active
ok 329 - detail sync state only blocks a visible item while its own import or dispatch is active
  ---
  duration_ms: 0.4181
  type: 'test'
  ...
# Subtest: categorizeIssues preserves the existing Sync Issues buckets
ok 330 - categorizeIssues preserves the existing Sync Issues buckets
  ---
  duration_ms: 0.2598
  type: 'test'
  ...
# Subtest: cache-only poster surfaces keep authenticated proxy artwork
ok 331 - cache-only poster surfaces keep authenticated proxy artwork
  ---
  duration_ms: 0.6453
  type: 'test'
  ...
# Subtest: now-playing cards start from a media-key proxy when the provider path is browser-inaccessible
ok 332 - now-playing cards start from a media-key proxy when the provider path is browser-inaccessible
  ---
  duration_ms: 0.2844
  type: 'test'
  ...
# Subtest: now-playing reconciliation removes the empty placeholder when live cards arrive
ok 333 - now-playing reconciliation removes the empty placeholder when live cards arrive
  ---
  duration_ms: 2.5529
  type: 'test'
  ...
# Subtest: forced resume refresh replaces a suspended now-playing request
ok 334 - forced resume refresh replaces a suspended now-playing request
  ---
  duration_ms: 5.4755
  type: 'test'
  ...
# Subtest: frontend escaping utilities encode markup and attribute delimiters
ok 335 - frontend escaping utilities encode markup and attribute delimiters
  ---
  duration_ms: 0.8364
  type: 'test'
  ...
# Subtest: frontend playback formatting clamps progress and renders clocks
ok 336 - frontend playback formatting clamps progress and renders clocks
  ---
  duration_ms: 0.1997
  type: 'test'
  ...
# Subtest: frontend platform and title helpers normalize user-facing labels
ok 337 - frontend platform and title helpers normalize user-facing labels
  ---
  duration_ms: 1.1803
  type: 'test'
  ...
# Subtest: formatSeasonTitle preserves season numbers even when custom season titles exist
ok 338 - formatSeasonTitle preserves season numbers even when custom season titles exist
  ---
  duration_ms: 0.3908
  type: 'test'
  ...
# Subtest: appendRestInChunks appends the rest in order, one chunk per idle step, then completes once
ok 339 - appendRestInChunks appends the rest in order, one chunk per idle step, then completes once
  ---
  duration_ms: 0.3322
  type: 'test'
  ...
# Subtest: appendRestInChunks completes immediately when nothing is left
ok 340 - appendRestInChunks completes immediately when nothing is left
  ---
  duration_ms: 0.1521
  type: 'test'
  ...
# Subtest: appendRestInChunks: a newer run for the same key cancels the older one
ok 341 - appendRestInChunks: a newer run for the same key cancels the older one
  ---
  duration_ms: 0.2348
  type: 'test'
  ...
# Subtest: appendRestInChunks stops without completing when the list has gone
ok 342 - appendRestInChunks stops without completing when the list has gone
  ---
  duration_ms: 0.1232
  type: 'test'
  ...
# Subtest: test\\helpers.js
ok 51 - test\\helpers.js
  ---
  duration_ms: 81.9598
  type: 'test'
  ...
# [ShowProgressCache] Rebuilding TV show progress cache from scratch...
# [ShowProgressCache] Rebuilt and saved 0 shows to cache file.
# [security] Auto-generated secrets are persisted in data/config.json.
# [security] Pristine install detected - open the app to claim the administrator account. No password was generated.
# Emby item marked played { itemId: 'emby-item', datePlayed: '20190811193000' }
# Subtest: sync intent is explicit and never inferred from how old the date looks
ok 344 - sync intent is explicit and never inferred from how old the date looks
  ---
  duration_ms: 2.4473
  type: 'test'
  ...
# Subtest: historical Plex watched intent is sent when the setting is on
ok 345 - historical Plex watched intent is sent when the setting is on
  ---
  duration_ms: 0.662
  type: 'test'
  ...
# Subtest: historical Plex watched intent is classified as skipped_by_policy when the setting is off
ok 346 - historical Plex watched intent is classified as skipped_by_policy when the setting is off
  ---
  duration_ms: 0.3416
  type: 'test'
  ...
# Subtest: live and mark-watched-now Plex intents are still sent when the setting is off
ok 347 - live and mark-watched-now Plex intents are still sent when the setting is off
  ---
  duration_ms: 0.263
  type: 'test'
  ...
# Subtest: the Plex policy never suppresses Emby, Jellyfin, or an unwatch
ok 348 - the Plex policy never suppresses Emby, Jellyfin, or an unwatch
  ---
  duration_ms: 0.3184
  type: 'test'
  ...
# Subtest: policy skips and unsupported outcomes are not retryable; failures are
ok 349 - policy skips and unsupported outcomes are not retryable; failures are
  ---
  duration_ms: 0.1542
  type: 'test'
  ...
# Subtest: the Plex historical setting defaults to on and round-trips through the config store
ok 350 - the Plex historical setting defaults to on and round-trips through the config store
  ---
  duration_ms: 4.1581
  type: 'test'
  ...
# Subtest: the canonical play date is read from the record, not substituted with now
ok 351 - the canonical play date is read from the record, not substituted with now
  ---
  duration_ms: 0.4585
  type: 'test'
  ...
# Subtest: Emby mark-played carries the original play date
ok 352 - Emby mark-played carries the original play date
  ---
  duration_ms: 4.136
  type: 'test'
  ...
# Emby rejected DatePlayed; retrying mark played without the original date { itemId: 'emby-item', status: 400 }
# Emby item marked played { itemId: 'emby-item', datePlayed: '20190811193000' }
# Jellyfin item marked played { itemId: 'jellyfin-item', datePlayed: '2019-08-11T19:30:00.000Z' }
# Plex mark played skipped by historical sync policy { title: 'Example' }
# Plex item marked played { ratingKey: '42' }
# Subtest: Emby falls back to a plain mark-played when the server rejects DatePlayed
ok 353 - Emby falls back to a plain mark-played when the server rejects DatePlayed
  ---
  duration_ms: 69.7433
  type: 'test'
  ...
# Subtest: Jellyfin mark-played sends datePlayed
ok 354 - Jellyfin mark-played sends datePlayed
  ---
  duration_ms: 1.3934
  type: 'test'
  ...
# Subtest: the Plex adapter refuses a historical watch when the policy is off, and sends a live one
ok 355 - the Plex adapter refuses a historical watch when the policy is off, and sends a live one
  ---
  duration_ms: 2.5819
  type: 'test'
  ...
# Plex item already watched; no mark-played request sent { ratingKey: '42' }
# Sync playstate dispatch started {
#   source: 'manual',
#   title: 'Example',
#   intent: 'historical',
#   targets: [],
#   policySkipped: [ 'plex' ],
#   type: 'movie',
#   ids: { tmdb: '123' }
# }
# Sync playstate dispatch completed { source: 'manual', title: 'Example', status: 'skipped', results: [] }
# Sync playstate dispatch started {
#   source: 'manual',
#   title: 'Example',
#   intent: 'historical',
#   targets: [ 'plex' ],
#   policySkipped: [],
#   type: 'movie',
#   ids: { tmdb: '123' }
# }
# Subtest: an already-watched Plex item does not receive a redundant mark-played write
ok 356 - an already-watched Plex item does not receive a redundant mark-played write
  ---
  duration_ms: 43.7915
  type: 'test'
  ...
# Subtest: a Trakt baseline creates no outbound provider work; an import projects the snapshot
ok 357 - a Trakt baseline creates no outbound provider work; an import projects the snapshot
  ---
  duration_ms: 0.2191
  type: 'test'
  ...
# Subtest: Tautulli target selection and the Plex policy compose without disabling the other providers
ok 358 - Tautulli target selection and the Plex policy compose without disabling the other providers
  ---
  duration_ms: 0.5069
  type: 'test'
  ...
# Subtest: provider outcomes distinguish sent, already matching, skipped by policy, unsupported, and failed
ok 359 - provider outcomes distinguish sent, already matching, skipped by policy, unsupported, and failed
  ---
  duration_ms: 0.527
  type: 'test'
  ...
# Subtest: the browser merges per-batch provider outcomes and reports a policy skip in plain words
ok 360 - the browser merges per-batch provider outcomes and reports a policy skip in plain words
  ---
  duration_ms: 1.7017
  type: 'test'
  ...
# Subtest: a Plex policy skip still falls through to the tracker dispatch instead of returning early
ok 361 - a Plex policy skip still falls through to the tracker dispatch instead of returning early
  ---
  duration_ms: 5.4167
  type: 'test'
  ...
# Plex item marked played { ratingKey: '42' }
# Sync playstate dispatch completed {
#   source: 'manual',
#   title: 'Example',
#   status: 'success',
#   results: [ { target: 'plex', status: 'fulfilled', reason: undefined } ]
# }
# Sync unplayed dispatch started {
#   source: 'manual',
#   targets: [ 'plex' ],
#   type: 'movie',
#   ids: { tmdb: '123' }
# }
# Subtest: with the policy on, the same historical watch is dispatched to Plex
ok 362 - with the policy on, the same historical watch is dispatched to Plex
  ---
  duration_ms: 52.267
  type: 'test'
  ...
# Plex item resume progress updated { ratingKey: '42', positionMs: 0 }
# Plex item marked unplayed { ratingKey: '42' }
# Sync unplayed dispatch completed {
#   source: 'manual',
#   results: [ { target: 'plex', status: 'fulfilled', reason: undefined } ]
# }
# Plex mark played skipped by historical sync policy { title: 'Example' }
# Sync playstate dispatch started {
#   source: 'manual',
#   title: 'Example',
#   intent: 'historical',
#   targets: [],
#   policySkipped: [ 'plex' ],
#   type: 'movie',
#   ids: { tmdb: '123' }
# }
# Sync playstate dispatch completed { source: 'manual', title: 'Example', status: 'skipped', results: [] }
# Sync playstate dispatch started {
#   source: 'manual',
#   title: 'Example',
#   intent: 'live',
#   targets: [ 'plex' ],
#   policySkipped: [],
#   type: 'movie',
#   ids: { tmdb: '123' }
# }
# Subtest: an unwatch reaches Plex even when historical watched sync is off
ok 363 - an unwatch reaches Plex even when historical watched sync is off
  ---
  duration_ms: 92.937
  type: 'test'
  ...
# Subtest: the manual-watch route carries the browser's intent through to the adapters
ok 364 - the manual-watch route carries the browser's intent through to the adapters
  ---
  duration_ms: 0.51
  type: 'test'
  ...
# Subtest: the adapter sees the same intent the orchestrator routed on
ok 365 - the adapter sees the same intent the orchestrator routed on
  ---
  duration_ms: 0.4701
  type: 'test'
  ...
# Subtest: a canonical replay is historical, so Force Sync cannot reach Plex when the policy is off
ok 366 - a canonical replay is historical, so Force Sync cannot reach Plex when the policy is off
  ---
  duration_ms: 0.9681
  type: 'test'
  ...
# Subtest: force_sync resolves to a historical intent rather than a manual one
ok 367 - force_sync resolves to a historical intent rather than a manual one
  ---
  duration_ms: 0.1232
  type: 'test'
  ...
# Plex item marked played { ratingKey: '42' }
# Sync playstate dispatch completed {
#   source: 'manual',
#   title: 'Example',
#   status: 'success',
#   results: [ { target: 'plex', status: 'fulfilled', reason: undefined } ]
# }
# Sync unplayed dispatch started {
#   source: 'manual',
#   targets: [ 'plex' ],
#   type: 'movie',
#   ids: { tmdb: '123' }
# }
# Subtest: a caller restoring genuinely live state keeps its explicit intent
ok 368 - a caller restoring genuinely live state keeps its explicit intent
  ---
  duration_ms: 28.3566
  type: 'test'
  ...
# Plex item resume progress updated { ratingKey: '42', positionMs: 0 }
# Plex item marked unplayed { ratingKey: '42' }
# Sync unplayed dispatch completed {
#   source: 'manual',
#   results: [ { target: 'plex', status: 'fulfilled', reason: undefined } ]
# }
# Subtest: a canonical unwatch still reaches Plex when the policy is off
ok 369 - a canonical unwatch still reaches Plex when the policy is off
  ---
  duration_ms: 92.7436
  type: 'test'
  ...
# [ShowProgressCache] Rebuilding TV show progress cache from scratch...
# [ShowProgressCache] Rebuilt and saved 0 shows to cache file.
# Subtest: flat history keeps global same-day collapsing while paging through indexed rows
ok 370 - flat history keeps global same-day collapsing while paging through indexed rows
  ---
  duration_ms: 56.0079
  type: 'test'
  ...
# Subtest: flat history applies search before same-day collapsing
ok 371 - flat history applies search before same-day collapsing
  ---
  duration_ms: 11.4446
  type: 'test'
  ...
# Subtest: an episode shows its name, the watched date and the app badge
ok 372 - an episode shows its name, the watched date and the app badge
  ---
  duration_ms: 18.6953
  type: 'test'
  ...
# Subtest: a movie has no episode line
ok 373 - a movie has no episode line
  ---
  duration_ms: 0.6489
  type: 'test'
  ...
# Subtest: a missing date or app does not break the overlay
ok 374 - a missing date or app does not break the overlay
  ---
  duration_ms: 0.3356
  type: 'test'
  ...
# Subtest: all three History views put the overlay on the poster and refresh its episode name
ok 375 - all three History views put the overlay on the poster and refresh its episode name
  ---
  duration_ms: 1.1212
  type: 'test'
  ...
# Subtest: the overlay shows only on folded History posters, over a blur
ok 376 - the overlay shows only on folded History posters, over a blur
  ---
  duration_ms: 4.7926
  type: 'test'
  ...
# Subtest: CSP image origins are memoized until the settings revision changes
ok 377 - CSP image origins are memoized until the settings revision changes
  ---
  duration_ms: 1.4273
  type: 'test'
  ...
# Subtest: ordinary responses are gzip-compressed while live updates are not
ok 378 - ordinary responses are gzip-compressed while live updates are not
  ---
  duration_ms: 29.0337
  type: 'test'
  ...
# Subtest: opt-in HTTP timing reports slow responses and event-loop context
ok 379 - opt-in HTTP timing reports slow responses and event-loop context
  ---
  duration_ms: 5.2461
  type: 'test'
  ...
# Subtest: public static headers revalidate index and manifest without starting long max-age
ok 380 - public static headers revalidate index and manifest without starting long max-age
  ---
  duration_ms: 0.3292
  type: 'test'
  ...
# Subtest: only a versioned asset request is cached immutably
ok 381 - only a versioned asset request is cached immutably
  ---
  duration_ms: 0.2784
  type: 'test'
  ...
# Subtest: local development can explicitly disable public asset caching
ok 382 - local development can explicitly disable public asset caching
  ---
  duration_ms: 0.2031
  type: 'test'
  ...
# Subtest: Jellyfin auth preserves legacy credential fields while using modern transport
ok 383 - Jellyfin auth preserves legacy credential fields while using modern transport
  ---
  duration_ms: 1.5867
  type: 'test'
  ...
# Jellyfin item marked played { itemId: 'jellyfin-item', datePlayed: 'server time' }
# Subtest: Jellyfin API calls use the modern header without legacy query or token headers
ok 384 - Jellyfin API calls use the modern header without legacy query or token headers
  ---
  duration_ms: 47.1534
  type: 'test'
  ...
# Subtest: Jellyfin inventory feeds request supported fields and preserve UserData
ok 385 - Jellyfin inventory feeds request supported fields and preserve UserData
  ---
  duration_ms: 173.0642
  type: 'test'
  ...
# Subtest: Jellyfin resume feed reads the Resume endpoint, which lists a merged episode's non-primary version
ok 386 - Jellyfin resume feed reads the Resume endpoint, which lists a merged episode's non-primary version
  ---
  duration_ms: 30.5166
  type: 'test'
  ...
# Subtest: Jellyfin resume feed falls back to the IsResumable query when the Resume route is missing
ok 387 - Jellyfin resume feed falls back to the IsResumable query when the Resume route is missing
  ---
  duration_ms: 92.5612
  type: 'test'
  ...
# Subtest: Jellyfin provider lookups do not send UserData as an ItemField
ok 388 - Jellyfin provider lookups do not send UserData as an ItemField
  ---
  duration_ms: 30.662
  type: 'test'
  ...
# Subtest: legacy movie slugs remain usable as metadata search titles after unwatching
ok 389 - legacy movie slugs remain usable as metadata search titles after unwatching
  ---
  duration_ms: 1.148
  type: 'test'
  ...
# [ShowProgressCache] Rebuilding TV show progress cache from scratch...
# [ShowProgressCache] Rebuilt and saved 0 shows to cache file.
# [ShowProgressCache] Updating progress for 1 shows: Reacher
# Subtest: library inventory media keeps series identity and exact provider item id
ok 390 - library inventory media keeps series identity and exact provider item id
  ---
  duration_ms: 2.3809
  type: 'test'
  ...
# [ShowProgressCache] No episode total for Reacher: Could not resolve TVDB ID
# [ShowProgressCache] Saved updated progress cache to file (1 shows; calculate 392.6ms, serialize 0.0ms, write 1.1ms).
# [ShowProgressCache] Updating progress for 1 shows: The Walking Dead
# Subtest: availability reconciliation repairs a present unplayed item from canonical watched state
ok 391 - availability reconciliation repairs a present unplayed item from canonical watched state
  ---
  duration_ms: 420.0971
  type: 'test'
  ...
# [ShowProgressCache] No episode total for The Walking Dead: Could not resolve TVDB ID
# [ShowProgressCache] Saved updated progress cache to file (1 shows; calculate 664.2ms, serialize 0.0ms, write 0.8ms).
# [ShowProgressCache] Updating progress for 1 shows: Reacher
# [ShowProgressCache] Saved updated progress cache to file (1 shows; calculate 0.3ms, serialize 0.0ms, write 0.9ms).
# [ShowProgressCache] Updating progress for 1 shows: The Assembly
# Subtest: Plex filtered inventory repairs missing viewCount items using explicit unplayed-feed evidence
ok 392 - Plex filtered inventory repairs missing viewCount items using explicit unplayed-feed evidence
  ---
  duration_ms: 668.4941
  type: 'test'
  ...
# Subtest: Plex incomplete inventory without filtered-feed evidence is not treated as unplayed
ok 393 - Plex incomplete inventory without filtered-feed evidence is not treated as unplayed
  ---
  duration_ms: 0.3504
  type: 'test'
  ...
# Subtest: availability reconciliation does not overwrite a canonical unwatch
ok 394 - availability reconciliation does not overwrite a canonical unwatch
  ---
  duration_ms: 5.175
  type: 'test'
  ...
# [ShowProgressCache] No episode total for The Assembly: Upstream request failed (connection failed before the service returned a response)
# [ShowProgressCache] Saved updated progress cache to file (1 shows; calculate 2132.7ms, serialize 0.0ms, write 0.9ms).
# Subtest: an id-less episode is not marked from a same-title show's watch once its series ids resolve
ok 395 - an id-less episode is not marked from a same-title show's watch once its series ids resolve
  ---
  duration_ms: 2138.5983
  type: 'test'
  ...
# Subtest: a failed provider inventory produces no writes and no inferred unwatch
ok 396 - a failed provider inventory produces no writes and no inferred unwatch
  ---
  duration_ms: 0.4595
  type: 'test'
  ...
# Subtest: the restore fence is checked immediately before a provider write, not for every candidate
ok 397 - the restore fence is checked immediately before a provider write, not for every candidate
  ---
  duration_ms: 0.1807
  type: 'test'
  ...
# Subtest: a large availability pass yields so timers and requests are not starved
ok 398 - a large availability pass yields so timers and requests are not starved
  ---
  duration_ms: 285.1419
  type: 'test'
  ...
# [ShowProgressCache] Rebuilding TV show progress cache from scratch...
# [ShowProgressCache] Rebuilt and saved 0 shows to cache file.
# [ShowProgressCache] Updating progress for 1 shows: The 'Burbs
# [ShowProgressCache] Saved updated progress cache to file (1 shows; calculate 1.2ms, serialize 0.0ms, write 1.1ms).
# [ShowProgressCache] Updating progress for 1 shows: Silo
# [ShowProgressCache] Saved updated progress cache to file (1 shows; calculate 3.5ms, serialize 0.0ms, write 0.9ms).
# [ShowProgressCache] Updating progress for 1 shows: Silo
# [ShowProgressCache] Saved updated progress cache to file (1 shows; calculate 0.4ms, serialize 0.0ms, write 0.8ms).
# [ShowProgressCache] Updating progress for 1 shows: Normal Show
# Subtest: auditLikelyFalseUnwatches flags an episode with a single automatic-sourced unwatched row and no watched row
ok 399 - auditLikelyFalseUnwatches flags an episode with a single automatic-sourced unwatched row and no watched row
  ---
  duration_ms: 43.8242
  type: 'test'
  ...
# Subtest: auditLikelyFalseUnwatches flags an episode with two automatic-sourced unwatched rows from different platforms
ok 400 - auditLikelyFalseUnwatches flags an episode with two automatic-sourced unwatched rows from different platforms
  ---
  duration_ms: 11.5902
  type: 'test'
  ...
# [ShowProgressCache] No episode total for Normal Show: Could not resolve TVDB ID
# [ShowProgressCache] Saved updated progress cache to file (1 shows; calculate 382.8ms, serialize 0.0ms, write 0.8ms).
# [ShowProgressCache] Updating progress for 1 shows: Normal Show
# [ShowProgressCache] Saved updated progress cache to file (1 shows; calculate 0.3ms, serialize 0.0ms, write 0.9ms).
# [ShowProgressCache] Updating progress for 1 shows: Deliberate Show
# [ShowProgressCache] Saved updated progress cache to file (1 shows; calculate 0.5ms, serialize 0.0ms, write 1.0ms).
# [ShowProgressCache] Updating progress for 1 shows: Consolidate Show
# [ShowProgressCache] Saved updated progress cache to file (1 shows; calculate 0.4ms, serialize 0.0ms, write 0.7ms).
# [ShowProgressCache] Updating progress for 1 shows: Consolidate Show
# [ShowProgressCache] Saved updated progress cache to file (1 shows; calculate 0.2ms, serialize 0.0ms, write 0.7ms).
# [ShowProgressCache] Updating progress for 3 shows: Consolidate Show, Silo, The 'Burbs
# Subtest: auditLikelyFalseUnwatches ignores an episode that still has a watched row
ok 401 - auditLikelyFalseUnwatches ignores an episode that still has a watched row
  ---
  duration_ms: 389.1144
  type: 'test'
  ...
# Subtest: auditLikelyFalseUnwatches ignores a genuine manual-only unwatch with no automatic source involved
ok 402 - auditLikelyFalseUnwatches ignores a genuine manual-only unwatch with no automatic source involved
  ---
  duration_ms: 3.4253
  type: 'test'
  ...
# [ShowProgressCache] No episode total for Consolidate Show: Could not resolve TVDB ID
# [ShowProgressCache] No episode total for Silo: Could not resolve TVDB ID
# [ShowProgressCache] No episode total for The 'Burbs: Could not resolve TVDB ID
# [ShowProgressCache] Saved updated progress cache to file (3 shows; calculate 2094.0ms, serialize 0.0ms, write 0.9ms).
# Subtest: repairLikelyFalseUnwatches consolidates stale rows into one fresh watched record
ok 403 - repairLikelyFalseUnwatches consolidates stale rows into one fresh watched record
  ---
  duration_ms: 2117.7494
  type: 'test'
  ...
# [ShowProgressCache] Rebuilding TV show progress cache from scratch...
# [ShowProgressCache] Rebuilt and saved 0 shows to cache file.
# Subtest: stale live-session cache rows are not trusted as completion evidence
ok 404 - stale live-session cache rows are not trusted as completion evidence
  ---
  duration_ms: 0.9831
  type: 'test'
  ...
# Subtest: live sessions are terminal only when playback has reached the final grace window
ok 405 - live sessions are terminal only when playback has reached the final grace window
  ---
  duration_ms: 0.2014
  type: 'test'
  ...
# Subtest: a paused Plex session is still reported as a live session
ok 406 - a paused Plex session is still reported as a live session
  ---
  duration_ms: 1.215
  type: 'test'
  ...
# Subtest: a stopped Plex session is not reported as a live session
ok 407 - a stopped Plex session is not reported as a live session
  ---
  duration_ms: 0.1166
  type: 'test'
  ...
# Subtest: terminal provider states do not remain active while paused sessions do
ok 408 - terminal provider states do not remain active while paused sessions do
  ---
  duration_ms: 0.9193
  type: 'test'
  ...
# Subtest: Plex sessions carry the player account id when <User> is empty
ok 409 - Plex sessions carry the player account id when <User> is empty
  ---
  duration_ms: 0.3206
  type: 'test'
  ...
# Subtest: Plex episode sessions carry the show handle for series id resolution
ok 410 - Plex episode sessions carry the show handle for series id resolution
  ---
  duration_ms: 0.2501
  type: 'test'
  ...
# Subtest: Plex episode sessions carry the episode title
ok 411 - Plex episode sessions carry the episode title
  ---
  duration_ms: 0.1693
  type: 'test'
  ...
# Subtest: two movies on the same client get distinct session keys
ok 412 - two movies on the same client get distinct session keys
  ---
  duration_ms: 0.4192
  type: 'test'
  ...
# Subtest: the same item on the same client keeps a stable session key
ok 413 - the same item on the same client keeps a stable session key
  ---
  duration_ms: 0.4346
  type: 'test'
  ...
# [security] Auto-generated secrets are persisted in data/config.json.
# [security] Pristine install detected - open the app to claim the administrator account. No password was generated.
# [ShowProgressCache] Rebuilding TV show progress cache from scratch...
# [ShowProgressCache] Rebuilt and saved 0 shows to cache file.
# Subtest: liveUpdates rejects unauthorized requests
ok 414 - liveUpdates rejects unauthorized requests
  ---
  duration_ms: 2.1557
  type: 'test'
  ...
# Subtest: liveUpdates rejects non-GET methods
ok 415 - liveUpdates rejects non-GET methods
  ---
  duration_ms: 0.3167
  type: 'test'
  ...
# Subtest: liveUpdates establishes SSE stream and sends ready event
ok 416 - liveUpdates establishes SSE stream and sends ready event
  ---
  duration_ms: 1.7213
  type: 'test'
  ...
# Subtest: liveUpdates includes the changed media item in history version events
ok 417 - liveUpdates includes the changed media item in history version events
  ---
  duration_ms: 608.1317
  type: 'test'
  ...
# Subtest: liveUpdates includes manual watch review changes without coalescing watch history
ok 418 - liveUpdates includes manual watch review changes without coalescing watch history
  ---
  duration_ms: 619.6413
  type: 'test'
  ...
# Subtest: liveUpdates broadcasts history version changes
ok 419 - liveUpdates broadcasts history version changes
  ---
  duration_ms: 604.1143
  type: 'test'
  ...
# Subtest: liveUpdates broadcasts Up Next cache version changes
ok 420 - liveUpdates broadcasts Up Next cache version changes
  ---
  duration_ms: 604.9977
  type: 'test'
  ...
# Subtest: liveUpdates broadcasts background sync progress
ok 421 - liveUpdates broadcasts background sync progress
  ---
  duration_ms: 1305.8535
  type: 'test'
  ...
# Subtest: liveUpdates broadcasts retry-all background job progress
ok 422 - liveUpdates broadcasts retry-all background job progress
  ---
  duration_ms: 605.6514
  type: 'test'
  ...
# Subtest: liveUpdates reports an active onboarding import even without dispatch counts
ok 423 - liveUpdates reports an active onboarding import even without dispatch counts
  ---
  duration_ms: 605.2041
  type: 'test'
  ...
# Subtest: liveUpdates exposes a persisted restore blocker as sync attention
ok 424 - liveUpdates exposes a persisted restore blocker as sync attention
  ---
  duration_ms: 612.0877
  type: 'test'
  ...
# Subtest: liveUpdates recovers and broadcasts idle after an interrupted sync heartbeat expires
ok 425 - liveUpdates recovers and broadcasts idle after an interrupted sync heartbeat expires
  ---
  duration_ms: 613.8842
  type: 'test'
  ...
# Subtest: client live-updates parses SSE stream and invokes callbacks
ok 426 - client live-updates parses SSE stream and invokes callbacks
  ---
  duration_ms: 108.4107
  type: 'test'
  ...
# Subtest: client live-updates forwards active sync labels
ok 427 - client live-updates forwards active sync labels
  ---
  duration_ms: 108.5138
  type: 'test'
  ...
# Subtest: client live-updates forwards sync attention summaries
ok 428 - client live-updates forwards sync attention summaries
  ---
  duration_ms: 108.589
  type: 'test'
  ...
# Subtest: client applies reconnect progress before reacting to its newer version
ok 429 - client applies reconnect progress before reacting to its newer version
  ---
  duration_ms: 108.8005
  type: 'test'
  ...
# Subtest: client live-updates separates standalone and history-paired Up Next changes
ok 430 - client live-updates separates standalone and history-paired Up Next changes
  ---
  duration_ms: 108.7845
  type: 'test'
  ...
# Subtest: client live-updates does not occupy a connection while the tab is hidden
ok 431 - client live-updates does not occupy a connection while the tab is hidden
  ---
  duration_ms: 61.8074
  type: 'test'
  ...
# Subtest: website targets are grouped by guide when several surfaces share a doc
ok 432 - website targets are grouped by guide when several surfaces share a doc
  ---
  duration_ms: 1.5123
  type: 'test'
  ...
# Subtest: rebuilding the ledger updates an existing target without duplicating its guide or bullets
ok 433 - rebuilding the ledger updates an existing target without duplicating its guide or bullets
  ---
  duration_ms: 2.8459
  type: 'test'
  ...
# Subtest: tooling commits stay in the inventory but do not become changelog-ready app changes
ok 434 - tooling commits stay in the inventory but do not become changelog-ready app changes
  ---
  duration_ms: 0.3955
  type: 'test'
  ...
# [ShowProgressCache] Rebuilding TV show progress cache from scratch...
# [ShowProgressCache] Rebuilt and saved 0 shows to cache file.
# [security] Auto-generated secrets are persisted in data/config.json.
# [security] Pristine install detected - open the app to claim the administrator account. No password was generated.
# Subtest: manual unwatch commits local state and queues outbound sync during a restore
ok 435 - manual unwatch commits local state and queues outbound sync during a restore
  ---
  duration_ms: 39.4518
  type: 'test'
  ...
# [security] Auto-generated secrets are persisted in data/config.json.
# [security] Pristine install detected - open the app to claim the administrator account. No password was generated.
# [ShowProgressCache] Rebuilding TV show progress cache from scratch...
# [ShowProgressCache] Rebuilt and saved 0 shows to cache file.
# [ShowProgressCache] Updating progress for 1 shows: Grouped Route Show
# [ShowProgressCache] No episode total for Grouped Route Show: Could not resolve TVDB ID
# [ShowProgressCache] Saved updated progress cache to file (1 shows; calculate 354.6ms, serialize 0.0ms, write 1.4ms).
# Subtest: manual show watch uses grouped Trakt writes instead of one pair per episode
ok 436 - manual show watch uses grouped Trakt writes instead of one pair per episode
  ---
  duration_ms: 638.7341
  type: 'test'
  ...
# [security] Auto-generated secrets are persisted in data/config.json.
# [security] Pristine install detected - open the app to claim the administrator account. No password was generated.
# [ShowProgressCache] Rebuilding TV show progress cache from scratch...
# [ShowProgressCache] Rebuilt and saved 0 shows to cache file.
# Subtest: manualWatchMediaFromRecord carries the record's watched_at through to outbound dispatch
ok 437 - manualWatchMediaFromRecord carries the record's watched_at through to outbound dispatch
  ---
  duration_ms: 0.6169
  type: 'test'
  ...
# Subtest: manualWatchMediaFromRecord leaves watched_at undefined (not null or empty) when the record has none
ok 438 - manualWatchMediaFromRecord leaves watched_at undefined (not null or empty) when the record has none
  ---
  duration_ms: 0.1127
  type: 'test'
  ...
# [ShowProgressCache] Rebuilding TV show progress cache from scratch...
# [ShowProgressCache] Rebuilt and saved 0 shows to cache file.
# [security] Auto-generated secrets are persisted in data/config.json.
# [security] Pristine install detected - open the app to claim the administrator account. No password was generated.
# [ShowProgressCache] Updating progress for 1 shows: Existing Review Show
# Subtest: manual watch reviews are durable, deduplicated, and re-open on a changed provider snapshot
ok 439 - manual watch reviews are durable, deduplicated, and re-open on a changed provider snapshot
  ---
  duration_ms: 17.0421
  type: 'test'
  ...
# Subtest: a pending review is hidden when an older watched record already exists
ok 440 - a pending review is hidden when an older watched record already exists
  ---
  duration_ms: 16.7182
  type: 'test'
  ...
# Subtest: approved reviews stay closed when the same provider flag is seen again
ok 441 - approved reviews stay closed when the same provider flag is seen again
  ---
  duration_ms: 2.3808
  type: 'test'
  ...
# Subtest: pending reviews are hidden after the item becomes canonically watched
ok 442 - pending reviews are hidden after the item becomes canonically watched
  ---
  duration_ms: 6.5017
  type: 'test'
  ...
# Subtest: a review is ignored when Plembfin already marked the whole show watched
ok 443 - a review is ignored when Plembfin already marked the whole show watched
  ---
  duration_ms: 0.4992
  type: 'test'
  ...
# Subtest: episode reviews expose the watched state of the surrounding episodes
ok 444 - episode reviews expose the watched state of the surrounding episodes
  ---
  duration_ms: 6.9114
  type: 'test'
  ...
# Subtest: pending reviews are hidden and retired after an explicit unwatch
ok 445 - pending reviews are hidden and retired after an explicit unwatch
  ---
  duration_ms: 15.1819
  type: 'test'
  ...
# Subtest: manual movie unwatch clears a provider-id alias when part numbers use words and roman numerals
ok 446 - manual movie unwatch clears a provider-id alias when part numbers use words and roman numerals
  ---
  duration_ms: 15.2919
  type: 'test'
  ...
# Subtest: generic provider watched flags are suppressed while the canonical state is unwatched
ok 447 - generic provider watched flags are suppressed while the canonical state is unwatched
  ---
  duration_ms: 0.9944
  type: 'test'
  ...
# Subtest: review-required provider flags can be held for a decision while locally unwatched
ok 448 - review-required provider flags can be held for a decision while locally unwatched
  ---
  duration_ms: 1.4473
  type: 'test'
  ...
# Subtest: a manual unwatch tombstone suppresses a provider alias with a title-normalization mismatch
ok 449 - a manual unwatch tombstone suppresses a provider alias with a title-normalization mismatch
  ---
  duration_ms: 3.3654
  type: 'test'
  ...
# Subtest: explicit provider Mark played events can still open a review after an unwatch
ok 450 - explicit provider Mark played events can still open a review after an unwatch
  ---
  duration_ms: 1.4421
  type: 'test'
  ...
# [ShowProgressCache] No episode total for Existing Review Show: Could not resolve TVDB ID
# [ShowProgressCache] Saved updated progress cache to file (1 shows; calculate 395.3ms, serialize 0.0ms, write 0.8ms).
# Episode series handle lookup failed {
#   source: 'plex',
#   itemId: 'plex-review-existing',
#   error: 'Missing Plex baseUrl or token'
# }
# [ShowProgressCache] Updating progress for 1 shows: Existing Review Show
# [ShowProgressCache] Saved updated progress cache to file (1 shows; calculate 0.7ms, serialize 0.0ms, write 1.0ms).
# Sync playstate dispatch started {
#   source: 'plex',
#   title: 'Existing Review Show - S01E01 - Pilot',
#   intent: 'live',
#   targets: [],
#   policySkipped: [],
#   type: 'episode',
#   ids: { imdb: undefined, tmdb: undefined, tvdb: undefined }
# }
# Sync playstate dispatch completed {
#   source: 'plex',
#   title: 'Existing Review Show - S01E01 - Pilot',
#   status: 'skipped',
#   results: []
# }
# Sync playstate dispatch started {
#   source: 'emby',
#   title: 'Manual Date Movie',
#   intent: 'live',
#   targets: [],
#   policySkipped: [],
#   type: 'movie',
#   ids: { imdb: undefined, tmdb: 'manual-date-movie', tvdb: undefined }
# }
# Sync playstate dispatch completed {
#   source: 'emby',
#   title: 'Manual Date Movie',
#   status: 'skipped',
#   results: []
# }
# Loop cache primed for outbound targets {
#   keys: 9,
#   source: 'manual',
#   targets: [ 'plex', 'emby', 'jellyfin' ],
#   prefix: 'unplayed_loop'
# }
# Sync unplayed dispatch started {
#   source: 'manual',
#   targets: [ 'plex', 'emby', 'jellyfin' ],
#   type: 'movie',
#   ids: { imdb: undefined, tmdb: 'dismiss-plex', tvdb: undefined }
# }
# Subtest: mark watched now updates an existing cross-key watch instead of keeping its old date
ok 451 - mark watched now updates an existing cross-key watch instead of keeping its old date
  ---
  duration_ms: 414.94
  type: 'test'
  ...
# Subtest: manual watch review accepts an explicit date and time
ok 452 - manual watch review accepts an explicit date and time
  ---
  duration_ms: 6.7766
  type: 'test'
  ...
# [NOT FOUND] No matching item in Emby library for: "Dismiss plex Movie"
# [NOT FOUND] No matching item in Jellyfin library for: "Dismiss plex Movie"
# Plex item resume progress updated { ratingKey: 'plex-dismiss-item', positionMs: 0 }
# Plex item marked unplayed { ratingKey: 'plex-dismiss-item' }
# [NOT FOUND] No matching item in Emby library for: "Dismiss plex Movie"
# [NOT FOUND] No matching item in Jellyfin library for: "Dismiss plex Movie"
# Sync unplayed dispatch completed {
#   source: 'manual',
#   results: [
#     { target: 'plex', status: 'fulfilled', reason: undefined },
#     { target: 'emby', status: 'fulfilled', reason: undefined },
#     { target: 'jellyfin', status: 'fulfilled', reason: undefined }
#   ]
# }
# Loop cache primed for outbound targets {
#   keys: 9,
#   source: 'manual',
#   targets: [ 'plex', 'emby', 'jellyfin' ],
#   prefix: 'unplayed_loop'
# }
# Sync unplayed dispatch started {
#   source: 'manual',
#   targets: [ 'plex', 'emby', 'jellyfin' ],
#   type: 'movie',
#   ids: { imdb: undefined, tmdb: 'dismiss-emby', tvdb: undefined }
# }
# Plex movie lookup started { guid: 'tmdb://dismiss-emby' }
# Plex movie lookup started { guid: 'themoviedb://dismiss-emby' }
# Plex movie lookup started { guid: 'com.plexapp.agents.themoviedb://dismiss-emby' }
# Emby item resume progress updated { itemId: 'emby-dismiss-item', positionMs: 0 }
# Emby item marked unplayed { itemId: 'emby-dismiss-item' }
# [NOT FOUND] No matching item in Jellyfin library for: "Dismiss emby Movie"
# [NOT FOUND] No matching item in Plex library for: "Dismiss emby Movie"
# Plex movie lookup started { guid: 'tmdb://dismiss-emby' }
# Plex movie lookup started { guid: 'themoviedb://dismiss-emby' }
# Plex movie lookup started { guid: 'com.plexapp.agents.themoviedb://dismiss-emby' }
# [NOT FOUND] No matching item in Jellyfin library for: "Dismiss emby Movie"
# [NOT FOUND] No matching item in Plex library for: "Dismiss emby Movie"
# Sync unplayed dispatch completed {
#   source: 'manual',
#   results: [
#     { target: 'plex', status: 'fulfilled', reason: undefined },
#     { target: 'emby', status: 'fulfilled', reason: undefined },
#     { target: 'jellyfin', status: 'fulfilled', reason: undefined }
#   ]
# }
# Loop cache primed for outbound targets {
#   keys: 9,
#   source: 'manual',
#   targets: [ 'plex', 'emby', 'jellyfin' ],
#   prefix: 'unplayed_loop'
# }
# Sync unplayed dispatch started {
#   source: 'manual',
#   targets: [ 'plex', 'emby', 'jellyfin' ],
#   type: 'movie',
#   ids: { imdb: undefined, tmdb: 'dismiss-jellyfin', tvdb: undefined }
# }
# Plex movie lookup started { guid: 'tmdb://dismiss-jellyfin' }
# Plex movie lookup started { guid: 'themoviedb://dismiss-jellyfin' }
# Plex movie lookup started { guid: 'com.plexapp.agents.themoviedb://dismiss-jellyfin' }
# Jellyfin item resume progress updated { itemId: 'jellyfin-dismiss-item', positionMs: 0 }
# [NOT FOUND] No matching item in Emby library for: "Dismiss jellyfin Movie"
# Jellyfin item marked unplayed { itemId: 'jellyfin-dismiss-item' }
# [NOT FOUND] No matching item in Emby library for: "Dismiss jellyfin Movie"
# [NOT FOUND] No matching item in Plex library for: "Dismiss jellyfin Movie"
# Plex movie lookup started { guid: 'tmdb://dismiss-jellyfin' }
# Plex movie lookup started { guid: 'themoviedb://dismiss-jellyfin' }
# Plex movie lookup started { guid: 'com.plexapp.agents.themoviedb://dismiss-jellyfin' }
# [NOT FOUND] No matching item in Plex library for: "Dismiss jellyfin Movie"
# Sync unplayed dispatch completed {
#   source: 'manual',
#   results: [
#     { target: 'plex', status: 'fulfilled', reason: undefined },
#     { target: 'emby', status: 'fulfilled', reason: undefined },
#     { target: 'jellyfin', status: 'fulfilled', reason: undefined }
#   ]
# }
# Loop cache primed for outbound targets {
#   keys: 9,
#   source: 'manual',
#   targets: [ 'plex', 'emby', 'jellyfin' ],
#   prefix: 'unplayed_loop'
# }
# Sync unplayed dispatch started {
#   source: 'manual',
#   targets: [ 'plex', 'emby', 'jellyfin' ],
#   type: 'movie',
#   ids: { imdb: undefined, tmdb: 'dismiss-failure', tvdb: undefined }
# }
# Emby lookup failed for providerTerm: tmdb.dismiss-failure Error: Emby request failed with status 503
#     at fetchJson (file:///C:/Github/plembfin/server/src/utils/embyClient.js:57:19)
#     at async file:///C:/Github/plembfin/server/src/utils/embyClient.js:364:18
#     at async Promise.allSettled (index 0)
#     at async findByProviderIds (file:///C:/Github/plembfin/server/src/utils/embyClient.js:375:19)
#     at async findEmbyItems (file:///C:/Github/plembfin/server/src/utils/embyClient.js:418:18)
#     at async setEmbyProgress (file:///C:/Github/plembfin/server/src/utils/embyClient.js:541:19)
#     at async runWithOutboundStateLease.shouldDefer.shouldDefer (file:///C:/Github/plembfin/server/src/utils/syncOrchestrator.js:1410:11)
#     at async runWithOutboundStateLease (file:///C:/Github/plembfin/server/src/utils/outboundStateLease.js:172:12)
#     at async Promise.allSettled (index 1)
#     at async syncMediaUnplayedPlaystate (file:///C:/Github/plembfin/server/src/utils/syncOrchestrator.js:1427:21) {
#   status: 503
# }
# Jellyfin lookup failed for providerTerm: tmdb.dismiss-failure Error: Jellyfin request failed with status 503
#     at fetchJson (file:///C:/Github/plembfin/server/src/utils/jellyfinClient.js:38:19)
#     at async file:///C:/Github/plembfin/server/src/utils/jellyfinClient.js:386:18
#     at async Promise.allSettled (index 0)
#     at async findByProviderIds (file:///C:/Github/plembfin/server/src/utils/jellyfinClient.js:397:19)
#     at async findJellyfinItems (file:///C:/Github/plembfin/server/src/utils/jellyfinClient.js:440:18)
#     at async setJellyfinProgress (file:///C:/Github/plembfin/server/src/utils/jellyfinClient.js:567:19)
#     at async runWithOutboundStateLease.shouldDefer.shouldDefer (file:///C:/Github/plembfin/server/src/utils/syncOrchestrator.js:1410:11)
#     at async runWithOutboundStateLease (file:///C:/Github/plembfin/server/src/utils/outboundStateLease.js:172:12)
#     at async Promise.allSettled (index 2)
#     at async syncMediaUnplayedPlaystate (file:///C:/Github/plembfin/server/src/utils/syncOrchestrator.js:1427:21) {
#   status: 503
# }
# Emby progress client failed Error: Emby request failed with status 503
#     at fetchJson (file:///C:/Github/plembfin/server/src/utils/embyClient.js:57:19)
#     at async file:///C:/Github/plembfin/server/src/utils/embyClient.js:364:18
#     at async Promise.allSettled (index 0)
#     at async findByProviderIds (file:///C:/Github/plembfin/server/src/utils/embyClient.js:375:19)
#     at async findEmbyItems (file:///C:/Github/plembfin/server/src/utils/embyClient.js:418:18)
#     at async setEmbyProgress (file:///C:/Github/plembfin/server/src/utils/embyClient.js:541:19)
#     at async runWithOutboundStateLease.shouldDefer.shouldDefer (file:///C:/Github/plembfin/server/src/utils/syncOrchestrator.js:1410:11)
#     at async runWithOutboundStateLease (file:///C:/Github/plembfin/server/src/utils/outboundStateLease.js:172:12)
#     at async Promise.allSettled (index 1)
#     at async syncMediaUnplayedPlaystate (file:///C:/Github/plembfin/server/src/utils/syncOrchestrator.js:1427:21) {
#   status: 503
# }
# Jellyfin progress client failed Error: Jellyfin request failed with status 503
#     at fetchJson (file:///C:/Github/plembfin/server/src/utils/jellyfinClient.js:38:19)
#     at async file:///C:/Github/plembfin/server/src/utils/jellyfinClient.js:386:18
#     at async Promise.allSettled (index 0)
#     at async findByProviderIds (file:///C:/Github/plembfin/server/src/utils/jellyfinClient.js:397:19)
#     at async findJellyfinItems (file:///C:/Github/plembfin/server/src/utils/jellyfinClient.js:440:18)
#     at async setJellyfinProgress (file:///C:/Github/plembfin/server/src/utils/jellyfinClient.js:567:19)
#     at async runWithOutboundStateLease.shouldDefer.shouldDefer (file:///C:/Github/plembfin/server/src/utils/syncOrchestrator.js:1410:11)
#     at async runWithOutboundStateLease (file:///C:/Github/plembfin/server/src/utils/outboundStateLease.js:172:12)
#     at async Promise.allSettled (index 2)
#     at async syncMediaUnplayedPlaystate (file:///C:/Github/plembfin/server/src/utils/syncOrchestrator.js:1427:21) {
#   status: 503
# }
# Resume progress clear on emby during unwatch failed (non-fatal) Emby request failed with status 503
# Resume progress clear on jellyfin during unwatch failed (non-fatal) Jellyfin request failed with status 503
# Plex progress client failed Error: Plex progress unscrobble failed with status 503
#     at setPlexProgress (file:///C:/Github/plembfin/server/src/utils/plexClient.js:786:21)
#     at async runWithOutboundStateLease.shouldDefer.shouldDefer (file:///C:/Github/plembfin/server/src/utils/syncOrchestrator.js:1410:11)
#     at async runWithOutboundStateLease (file:///C:/Github/plembfin/server/src/utils/outboundStateLease.js:172:12)
#     at async Promise.allSettled (index 0)
#     at async syncMediaUnplayedPlaystate (file:///C:/Github/plembfin/server/src/utils/syncOrchestrator.js:1427:21)
#     at async applyUnwatchedTransition (file:///C:/Github/plembfin/server/src/utils/watchStateTransitions.js:436:19)
#     at async dismissReview (file:///C:/Github/plembfin/server/src/routes/manualWatchReview.js:189:18)
#     at async handleManualWatchReview (file:///C:/Github/plembfin/server/src/routes/manualWatchReview.js:542:11)
#     at async TestContext.<anonymous> (file:///C:/Github/plembfin/test/manualWatchReview.test.js:647:3)
#     at async Test.run (node:internal/test_runner/test:1054:7) {
#   status: 503
# }
# Resume progress clear on plex during unwatch failed (non-fatal) Plex progress unscrobble failed with status 503
# Emby lookup failed for providerTerm: tmdb.dismiss-failure Error: Emby request failed with status 503
#     at fetchJson (file:///C:/Github/plembfin/server/src/utils/embyClient.js:57:19)
#     at runNextTicks (node:internal/process/task_queues:64:5)
#     at listOnTimeout (node:internal/timers:547:9)
#     at process.processTimers (node:internal/timers:521:7)
#     at async file:///C:/Github/plembfin/server/src/utils/embyClient.js:364:18
#     at async Promise.allSettled (index 0)
#     at async findByProviderIds (file:///C:/Github/plembfin/server/src/utils/embyClient.js:375:19)
#     at async findEmbyItems (file:///C:/Github/plembfin/server/src/utils/embyClient.js:418:18)
#     at async markEmbyUnplayed (file:///C:/Github/plembfin/server/src/utils/embyClient.js:499:19)
#     at async runWithOutboundStateLease.shouldDefer.shouldDefer (file:///C:/Github/plembfin/server/src/utils/syncOrchestrator.js:1418:24) {
#   status: 503
# }
# Emby client failed Error: Emby request failed with status 503
#     at fetchJson (file:///C:/Github/plembfin/server/src/utils/embyClient.js:57:19)
#     at runNextTicks (node:internal/process/task_queues:64:5)
#     at listOnTimeout (node:internal/timers:547:9)
#     at process.processTimers (node:internal/timers:521:7)
#     at async file:///C:/Github/plembfin/server/src/utils/embyClient.js:364:18
#     at async Promise.allSettled (index 0)
#     at async findByProviderIds (file:///C:/Github/plembfin/server/src/utils/embyClient.js:375:19)
#     at async findEmbyItems (file:///C:/Github/plembfin/server/src/utils/embyClient.js:418:18)
#     at async markEmbyUnplayed (file:///C:/Github/plembfin/server/src/utils/embyClient.js:499:19)
#     at async runWithOutboundStateLease.shouldDefer.shouldDefer (file:///C:/Github/plembfin/server/src/utils/syncOrchestrator.js:1418:24) {
#   status: 503
# }
# Jellyfin lookup failed for providerTerm: tmdb.dismiss-failure Error: Jellyfin request failed with status 503
#     at fetchJson (file:///C:/Github/plembfin/server/src/utils/jellyfinClient.js:38:19)
#     at runNextTicks (node:internal/process/task_queues:64:5)
#     at process.processTimers (node:internal/timers:518:9)
#     at async file:///C:/Github/plembfin/server/src/utils/jellyfinClient.js:386:18
#     at async Promise.allSettled (index 0)
#     at async findByProviderIds (file:///C:/Github/plembfin/server/src/utils/jellyfinClient.js:397:19)
#     at async findJellyfinItems (file:///C:/Github/plembfin/server/src/utils/jellyfinClient.js:440:18)
#     at async markJellyfinUnplayed (file:///C:/Github/plembfin/server/src/utils/jellyfinClient.js:523:19)
#     at async runWithOutboundStateLease.shouldDefer.shouldDefer (file:///C:/Github/plembfin/server/src/utils/syncOrchestrator.js:1418:24)
#     at async runWithOutboundStateLease (file:///C:/Github/plembfin/server/src/utils/outboundStateLease.js:172:12) {
#   status: 503
# }
# Jellyfin client failed Error: Jellyfin request failed with status 503
#     at fetchJson (file:///C:/Github/plembfin/server/src/utils/jellyfinClient.js:38:19)
#     at runNextTicks (node:internal/process/task_queues:64:5)
#     at process.processTimers (node:internal/timers:518:9)
#     at async file:///C:/Github/plembfin/server/src/utils/jellyfinClient.js:386:18
#     at async Promise.allSettled (index 0)
#     at async findByProviderIds (file:///C:/Github/plembfin/server/src/utils/jellyfinClient.js:397:19)
#     at async findJellyfinItems (file:///C:/Github/plembfin/server/src/utils/jellyfinClient.js:440:18)
#     at async markJellyfinUnplayed (file:///C:/Github/plembfin/server/src/utils/jellyfinClient.js:523:19)
#     at async runWithOutboundStateLease.shouldDefer.shouldDefer (file:///C:/Github/plembfin/server/src/utils/syncOrchestrator.js:1418:24)
#     at async runWithOutboundStateLease (file:///C:/Github/plembfin/server/src/utils/outboundStateLease.js:172:12) {
#   status: 503
# }
# Plex client failed Error: Plex unscrobble failed with status 503
#     at file:///C:/Github/plembfin/server/src/utils/plexClient.js:745:23
#     at async Promise.all (index 0)
#     at async markPlexUnplayed (file:///C:/Github/plembfin/server/src/utils/plexClient.js:737:5)
#     at async runWithOutboundStateLease.shouldDefer.shouldDefer (file:///C:/Github/plembfin/server/src/utils/syncOrchestrator.js:1418:24)
#     at async runWithOutboundStateLease (file:///C:/Github/plembfin/server/src/utils/outboundStateLease.js:172:12)
#     at async Promise.allSettled (index 0)
#     at async syncMediaUnplayedPlaystate (file:///C:/Github/plembfin/server/src/utils/syncOrchestrator.js:1427:21)
#     at async applyUnwatchedTransition (file:///C:/Github/plembfin/server/src/utils/watchStateTransitions.js:436:19)
#     at async dismissReview (file:///C:/Github/plembfin/server/src/routes/manualWatchReview.js:189:18)
#     at async handleManualWatchReview (file:///C:/Github/plembfin/server/src/routes/manualWatchReview.js:542:11) {
#   status: 503
# }
# Sync unplayed dispatch completed {
#   source: 'manual',
#   results: [
#     {
#       target: 'plex',
#       status: 'rejected',
#       reason: 'Plex unscrobble failed with status 503'
#     },
#     {
#       target: 'emby',
#       status: 'rejected',
#       reason: 'Emby request failed with status 503'
#     },
#     {
#       target: 'jellyfin',
#       status: 'rejected',
#       reason: 'Jellyfin request failed with status 503'
#     }
#   ]
# }
# [ShowProgressCache] Updating progress for 1 shows: Scrubs
# Subtest: dismissing a review marks it unwatched across connected media apps
ok 453 - dismissing a review marks it unwatched across connected media apps
  ---
  duration_ms: 1402.2118
  type: 'test'
  ...
# [ShowProgressCache] No episode total for Scrubs: TVDB login did not return a token
# [ShowProgressCache] Saved updated progress cache to file (1 shows; calculate 1783.0ms, serialize 0.0ms, write 1.1ms).
# [ShowProgressCache] Updating progress for 1 shows: Scrubs
# [ShowProgressCache] Saved updated progress cache to file (1 shows; calculate 0.6ms, serialize 0.0ms, write 1.0ms).
# [ShowProgressCache] Updating progress for 1 shows: Scrubs
# [ShowProgressCache] Saved updated progress cache to file (1 shows; calculate 0.5ms, serialize 0.0ms, write 0.9ms).
# [ShowProgressCache] Updating progress for 1 shows: Scrubs
# [ShowProgressCache] Saved updated progress cache to file (1 shows; calculate 0.4ms, serialize 0.0ms, write 0.9ms).
# Series identity resolved for episode {
#   source: 'plex',
#   title: 'Scrubs - S01E04',
#   seriesItemId: '3200',
#   episodeIds: { imdb: undefined, tmdb: undefined, tvdb: undefined },
#   seriesIds: { imdb: 'tt0285403', tmdb: '4556', tvdb: '76156' }
# }
# Loop cache primed for outbound targets {
#   keys: 5,
#   source: 'manual',
#   targets: [ 'plex' ],
#   prefix: 'unplayed_loop'
# }
# Sync unplayed dispatch started {
#   source: 'manual',
#   targets: [ 'plex' ],
#   type: 'episode',
#   ids: { imdb: 'tt0285403', tmdb: '4556', tvdb: '76156' }
# }
# Plex item resume progress updated { ratingKey: '3263', positionMs: 0 }
# Plex item marked unplayed { ratingKey: '3263' }
# Sync unplayed dispatch completed {
#   source: 'manual',
#   results: [ { target: 'plex', status: 'fulfilled', reason: undefined } ]
# }
# [ShowProgressCache] Updating progress for 1 shows: Scrubs
# [ShowProgressCache] Saved updated progress cache to file (1 shows; calculate 0.3ms, serialize 0.0ms, write 1.1ms).
# [ShowProgressCache] Updating progress for 1 shows: Twin Clinic
# Subtest: dismissing an id-less episode review resolves its show from the reporting item
ok 454 - dismissing an id-less episode review resolves its show from the reporting item
  ---
  duration_ms: 1900.5091
  type: 'test'
  ...
# [ShowProgressCache] No episode total for Twin Clinic: Upstream request failed (connection failed before the service returned a response)
# [ShowProgressCache] Saved updated progress cache to file (1 shows; calculate 2033.2ms, serialize 0.0ms, write 1.0ms).
# [ShowProgressCache] Updating progress for 1 shows: Twin Clinic
# [ShowProgressCache] Saved updated progress cache to file (1 shows; calculate 0.2ms, serialize 0.0ms, write 0.9ms).
# [ShowProgressCache] Updating progress for 1 shows: Twin Clinic
# [ShowProgressCache] Saved updated progress cache to file (1 shows; calculate 0.4ms, serialize 0.0ms, write 1.0ms).
# [ShowProgressCache] Updating progress for 1 shows: Twin Clinic
# [ShowProgressCache] Saved updated progress cache to file (1 shows; calculate 0.5ms, serialize 0.0ms, write 1.0ms).
# [ShowProgressCache] Updating progress for 1 shows: Alias Lane
# Subtest: an unwatch of one same-title show does not retire the other show's pending review by title
ok 455 - an unwatch of one same-title show does not retire the other show's pending review by title
  ---
  duration_ms: 2048.4605
  type: 'test'
  ...
# Subtest: the cached pending listing is reused until a review changes or its ceiling passes
ok 456 - the cached pending listing is reused until a review changes or its ceiling passes
  ---
  duration_ms: 3.9923
  type: 'test'
  ...
# Subtest: the cached summary listing skips episode watch context while the full listing keeps it
ok 457 - the cached summary listing skips episode watch context while the full listing keeps it
  ---
  duration_ms: 2.8645
  type: 'test'
  ...
# [ShowProgressCache] No episode total for Alias Lane: Upstream request failed
# [ShowProgressCache] Saved updated progress cache to file (1 shows; calculate 2115.2ms, serialize 0.0ms, write 1.1ms).
# [ShowProgressCache] Updating progress for 1 shows: Alias Lane
# [ShowProgressCache] Saved updated progress cache to file (1 shows; calculate 0.6ms, serialize 0.0ms, write 1.2ms).
# [ShowProgressCache] Updating progress for 1 shows: Alias Lane
# [ShowProgressCache] Saved updated progress cache to file (1 shows; calculate 0.6ms, serialize 0.0ms, write 1.7ms).
# [ShowProgressCache] Updating progress for 1 shows: Alias Lane
# [ShowProgressCache] Saved updated progress cache to file (1 shows; calculate 0.3ms, serialize 0.0ms, write 1.3ms).
# Loop cache primed for outbound targets { keys: 4, source: 'emby', targets: [ 'plex' ], prefix: 'loop' }
# Sync playstate dispatch started {
#   source: 'emby',
#   title: 'Alias Lane - S01E01',
#   intent: 'live',
#   targets: [ 'plex' ],
#   policySkipped: [],
#   type: 'episode',
#   ids: { imdb: 'tt8000001', tvdb: '8001' }
# }
# Plex client failed Error: Upstream request failed
#     at fetchWithTimeout (file:///C:/Github/plembfin/server/src/utils/outbound.js:249:23)
#     at async fetchPlexWithRefresh (file:///C:/Github/plembfin/server/src/utils/plexFetch.js:19:18)
#     at async searchPlexFallback (file:///C:/Github/plembfin/server/src/utils/plexClient.js:239:22)
#     at async findPlexSeries (file:///C:/Github/plembfin/server/src/utils/plexClient.js:405:14)
#     at async file:///C:/Github/plembfin/server/src/utils/plexClient.js:516:20
#     at async resolvePlexSeriesIdentity (file:///C:/Github/plembfin/server/src/utils/plexClient.js:542:16)
#     at async findPlexEpisodeItems (file:///C:/Github/plembfin/server/src/utils/plexClient.js:558:17)
#     at async findPlexItemUncached (file:///C:/Github/plembfin/server/src/utils/plexClient.js:609:22)
#     at async markPlexPlayed (file:///C:/Github/plembfin/server/src/utils/plexClient.js:678:18)
#     at async runWithOutboundStateLease.shouldDefer.shouldDefer (file:///C:/Github/plembfin/server/src/utils/syncOrchestrator.js:1249:24) {
#   code: 'UPSTREAM_REQUEST_FAILED'
# }
# Sync playstate dispatch completed {
#   source: 'emby',
#   title: 'Alias Lane - S01E01',
#   status: 'error',
#   results: [
#     {
#       target: 'plex',
#       status: 'rejected',
#       reason: 'Upstream request failed'
#     }
#   ]
# }
# [ShowProgressCache] Updating progress for 1 shows: Stale Horses
# [ShowProgressCache] Saved updated progress cache to file (1 shows; calculate 0.3ms, serialize 0.0ms, write 1.2ms).
# Subtest: approving an episode-id review writes playstate under its history row's show key, not an alias
ok 458 - approving an episode-id review writes playstate under its history row's show key, not an alias
  ---
  duration_ms: 2229.304
  type: 'test'
  ...
# [ShowProgressCache] Updating progress for 1 shows: Stale Horses
# [ShowProgressCache] No episode total for Stale Horses: Upstream request failed (connection failed before the service returned a response)
# [ShowProgressCache] Saved updated progress cache to file (1 shows; calculate 2022.1ms, serialize 0.0ms, write 1.0ms).
# [ShowProgressCache] Updating progress for 1 shows: Stale Horses
# [ShowProgressCache] Saved updated progress cache to file (1 shows; calculate 0.3ms, serialize 0.0ms, write 1.2ms).
# [ShowProgressCache] Updating progress for 1 shows: Stale Horses
# [ShowProgressCache] Saved updated progress cache to file (1 shows; calculate 0.3ms, serialize 0.0ms, write 1.3ms).
# [ShowProgressCache] Updating progress for 1 shows: Walking Alias
# Subtest: a review is hidden when history shows the episode watched, even with a stale unwatched playstate
ok 459 - a review is hidden when history shows the episode watched, even with a stale unwatched playstate
  ---
  duration_ms: 2083.1334
  type: 'test'
  ...
# Subtest: the sidebar item count keeps same-title reboots apart, as the review page does
ok 460 - the sidebar item count keeps same-title reboots apart, as the review page does
  ---
  duration_ms: 0.3885
  type: 'test'
  ...
# [ShowProgressCache] No episode total for Walking Alias: Upstream request failed (connection failed before the service returned a response)
# [ShowProgressCache] Saved updated progress cache to file (1 shows; calculate 2093.7ms, serialize 0.0ms, write 0.9ms).
# [ShowProgressCache] Updating progress for 1 shows: Walking Alias
# [ShowProgressCache] Saved updated progress cache to file (1 shows; calculate 0.3ms, serialize 0.0ms, write 1.0ms).
# [ShowProgressCache] Updating progress for 1 shows: Walking Alias
# [ShowProgressCache] Saved updated progress cache to file (1 shows; calculate 0.2ms, serialize 0.0ms, write 0.9ms).
# [ShowProgressCache] Updating progress for 1 shows: Walking Alias
# [ShowProgressCache] Saved updated progress cache to file (1 shows; calculate 0.2ms, serialize 0.0ms, write 0.9ms).
# [ShowProgressCache] Updating progress for 1 shows: Poster Twin
# Subtest: an episode-id review is hidden once cached TMDB find proves it is an episode history shows watched
ok 461 - an episode-id review is hidden once cached TMDB find proves it is an episode history shows watched
  ---
  duration_ms: 3960.426
  type: 'test'
  ...
# [ShowProgressCache] No episode total for Poster Twin: Upstream request failed (connection failed before the service returned a response)
# [ShowProgressCache] Saved updated progress cache to file (1 shows; calculate 1791.2ms, serialize 0.0ms, write 0.8ms).
# [ShowProgressCache] Updating progress for 1 shows: Poster Twin
# [ShowProgressCache] Saved updated progress cache to file (1 shows; calculate 0.4ms, serialize 0.0ms, write 1.5ms).
# [ShowProgressCache] Updating progress for 1 shows: Poster Twin
# [ShowProgressCache] Saved updated progress cache to file (1 shows; calculate 0.3ms, serialize 0.0ms, write 0.8ms).
# [ShowProgressCache] Updating progress for 1 shows: Poster Twin
# [ShowProgressCache] Saved updated progress cache to file (1 shows; calculate 0.2ms, serialize 0.0ms, write 0.8ms).
# Subtest: reviews of a title two shows share name their proven show and flag the title instead of trusting it
ok 462 - reviews of a title two shows share name their proven show and flag the title instead of trusting it
  ---
  duration_ms: 2226.107
  type: 'test'
  ...
# Subtest: manual watch review groups preserve newest incoming order and sort episodes within a show
ok 463 - manual watch review groups preserve newest incoming order and sort episodes within a show
  ---
  duration_ms: 1.6198
  type: 'test'
  ...
# Subtest: a show group whose title two shows share looks its show up by proven ids, never by title alone
ok 464 - a show group whose title two shows share looks its show up by proven ids, never by title alone
  ---
  duration_ms: 0.4658
  type: 'test'
  ...
# Subtest: manual watch review keeps a show in place after removing its first episode
ok 465 - manual watch review keeps a show in place after removing its first episode
  ---
  duration_ms: 0.4121
  type: 'test'
  ...
# Subtest: manual watch review separates season groups and names their action scope
ok 466 - manual watch review separates season groups and names their action scope
  ---
  duration_ms: 0.7513
  type: 'test'
  ...
# Subtest: manual watch review combines provider records for the same episode
ok 467 - manual watch review combines provider records for the same episode
  ---
  duration_ms: 0.2565
  type: 'test'
  ...
# Subtest: manual watch review builds a full season catalog with local status and pending actions
ok 468 - manual watch review builds a full season catalog with local status and pending actions
  ---
  duration_ms: 1.7079
  type: 'test'
  ...
# Subtest: manual watch review show posters do not reuse an episode thumbnail cache entry
ok 469 - manual watch review show posters do not reuse an episode thumbnail cache entry
  ---
  duration_ms: 0.5682
  type: 'test'
  ...
# Subtest: manual watch review confirmation protects single-item unwatched decisions
ok 470 - manual watch review confirmation protects single-item unwatched decisions
  ---
  duration_ms: 0.2638
  type: 'test'
  ...
# Subtest: manual watch review confirmation describes grouped watch decisions
ok 471 - manual watch review confirmation describes grouped watch decisions
  ---
  duration_ms: 0.4751
  type: 'test'
  ...
# Subtest: manual watch review labels adjacent episode watch state
ok 472 - manual watch review labels adjacent episode watch state
  ---
  duration_ms: 0.5672
  type: 'test'
  ...
# Subtest: manual watch review failure details identify the provider cause and retry
ok 473 - manual watch review failure details identify the provider cause and retry
  ---
  duration_ms: 1.0693
  type: 'test'
  ...
# Subtest: manual watch review does not repaint an acted-on item from a stale full refresh
ok 474 - manual watch review does not repaint an acted-on item from a stale full refresh
  ---
  duration_ms: 10.3329
  type: 'test'
  ...
# Subtest: manual watch review summary still counts a new review after an earlier one was approved
ok 475 - manual watch review summary still counts a new review after an earlier one was approved
  ---
  duration_ms: 29.8951
  type: 'test'
  ...
# [ShowProgressCache] Rebuilding TV show progress cache from scratch...
# [ShowProgressCache] Rebuilt and saved 0 shows to cache file.
# [security] Auto-generated secrets are persisted in data/config.json.
# [security] Pristine install detected - open the app to claim the administrator account. No password was generated.
# [ShowProgressCache] Updating progress for 1 shows: Manual Alias Show
# [ShowProgressCache] No episode total for Manual Alias Show: Cannot read properties of null (reading 'external_ids')
# [ShowProgressCache] Saved updated progress cache to file (1 shows; calculate 3.1ms, serialize 0.0ms, write 1.3ms).
# Sync playstate skipped: watched/played syncing is disabled
# Sync playstate skipped: watched/played syncing is disabled
# [ShowProgressCache] Updating progress for 1 shows: Remote Echo Show
# [ShowProgressCache] Saved updated progress cache to file (1 shows; calculate 1.0ms, serialize 0.0ms, write 0.9ms).
# [ShowProgressCache] Updating progress for 1 shows: Remote Echo Show
# [ShowProgressCache] Saved updated progress cache to file (1 shows; calculate 0.2ms, serialize 0.0ms, write 0.8ms).
# [ShowProgressCache] No episode total for Remote Echo Show: Cannot read properties of null (reading 'external_ids')
# [ShowProgressCache] Updating progress for 1 shows: Remote Echo Show
# [ShowProgressCache] Saved updated progress cache to file (1 shows; calculate 0.3ms, serialize 0.0ms, write 0.8ms).
# [ShowProgressCache] Updating progress for 1 shows: Delayed Echo Show
# [ShowProgressCache] No episode total for Delayed Echo Show: Cannot read properties of null (reading 'external_ids')
# [ShowProgressCache] Saved updated progress cache to file (1 shows; calculate 0.9ms, serialize 0.0ms, write 0.8ms).
# [ShowProgressCache] Updating progress for 1 shows: Delayed Echo Show
# [ShowProgressCache] Saved updated progress cache to file (1 shows; calculate 0.2ms, serialize 0.0ms, write 1.1ms).
# [ShowProgressCache] Updating progress for 1 shows: Identity Bridge Show
# Subtest: manual release-day watch records a fresh transition over a newer rematched unwatch
ok 476 - manual release-day watch records a fresh transition over a newer rematched unwatch
  ---
  duration_ms: 66.3231
  type: 'test'
  ...
# Subtest: Plembfin can reassert a manual watch after a newer remote replacement echo
ok 477 - Plembfin can reassert a manual watch after a newer remote replacement echo
  ---
  duration_ms: 16.2206
  type: 'test'
  ...
# Subtest: a delayed provider unwatch cannot overrule an explicit Plembfin watch
ok 478 - a delayed provider unwatch cannot overrule an explicit Plembfin watch
  ---
  duration_ms: 7.4131
  type: 'test'
  ...
# [ShowProgressCache] No episode total for Identity Bridge Show: Could not resolve TVDB ID
# [ShowProgressCache] Saved updated progress cache to file (1 shows; calculate 392.6ms, serialize 0.0ms, write 0.9ms).
# [ShowProgressCache] Updating progress for 1 shows: Identity Bridge Show
# [ShowProgressCache] Saved updated progress cache to file (1 shows; calculate 0.5ms, serialize 0.0ms, write 1.0ms).
# Subtest: same-date display dedupe retains the newest Fix Match identity bridge
ok 479 - same-date display dedupe retains the newest Fix Match identity bridge
  ---
  duration_ms: 398.8955
  type: 'test'
  ...
# Subtest: media connection repository keeps credentials encrypted and device identities stable
ok 480 - media connection repository keeps credentials encrypted and device identities stable
  ---
  duration_ms: 214.444
  type: 'test'
  ...
# Subtest: preparing an already-routed inline detail does not re-enter the route
ok 481 - preparing an already-routed inline detail does not re-enter the route
  ---
  duration_ms: 0.7998
  type: 'test'
  ...
# Subtest: preparing a detail from a normal view still selects Explorer
ok 482 - preparing a detail from a normal view still selects Explorer
  ---
  duration_ms: 0.1483
  type: 'test'
  ...
# Subtest: every cast avatar is lazy-loaded
ok 483 - every cast avatar is lazy-loaded
  ---
  duration_ms: 1.2169
  type: 'test'
  ...
# Subtest: long cast lists defer the extra avatars behind an in-rail card
ok 484 - long cast lists defer the extra avatars behind an in-rail card
  ---
  duration_ms: 0.3037
  type: 'test'
  ...
# Subtest: revealing more cast moves keyboard focus to the first revealed actor
ok 485 - revealing more cast moves keyboard focus to the first revealed actor
  ---
  duration_ms: 0.2345
  type: 'test'
  ...
# Subtest: rail artwork waits for its rail to be reached instead of native lazy loading alone
ok 486 - rail artwork waits for its rail to be reached instead of native lazy loading alone
  ---
  duration_ms: 0.6207
  type: 'test'
  ...
# Subtest: rail image promotion accepts only HTTP(S) URLs
ok 487 - rail image promotion accepts only HTTP(S) URLs
  ---
  duration_ms: 0.2007
  type: 'test'
  ...
# Subtest: every rail poster is lazy-loaded
ok 488 - every rail poster is lazy-loaded
  ---
  duration_ms: 0.2119
  type: 'test'
  ...
# Subtest: lazy images decode off the main thread
ok 489 - lazy images decode off the main thread
  ---
  duration_ms: 0.3349
  type: 'test'
  ...
# Subtest: the app-link pills stay eager
ok 490 - the app-link pills stay eager
  ---
  duration_ms: 0.2587
  type: 'test'
  ...
# Subtest: no media-detail image is left without an explicit loading strategy
ok 491 - no media-detail image is left without an explicit loading strategy
  ---
  duration_ms: 0.9965
  type: 'test'
  ...
# [ShowProgressCache] Rebuilding TV show progress cache from scratch...
# [ShowProgressCache] Rebuilt and saved 0 shows to cache file.
# Subtest: normalizes a show detail Force Sync request and provider ids
ok 492 - normalizes a show detail Force Sync request and provider ids
  ---
  duration_ms: 2.2329
  type: 'test'
  ...
# Subtest: rejects a Force Sync request with no mode or an unrecognized mode
ok 493 - rejects a Force Sync request with no mode or an unrecognized mode
  ---
  duration_ms: 0.6059
  type: 'test'
  ...
# Subtest: Jellyfin episode matching keeps duplicate quality copies
ok 494 - Jellyfin episode matching keeps duplicate quality copies
  ---
  duration_ms: 0.2119
  type: 'test'
  ...
# Subtest: Emby episode matching keeps duplicate quality copies
ok 495 - Emby episode matching keeps duplicate quality copies
  ---
  duration_ms: 0.1699
  type: 'test'
  ...
# Subtest: normalizes target-specific push and pull operations
ok 496 - normalizes target-specific push and pull operations
  ---
  duration_ms: 0.4025
  type: 'test'
  ...
# Subtest: normalizes a season subset for a show detail Force Sync request
ok 497 - normalizes a season subset for a show detail Force Sync request
  ---
  duration_ms: 0.2611
  type: 'test'
  ...
# Subtest: show source-of-truth push preserves each episode's canonical watched state
ok 498 - show source-of-truth push preserves each episode's canonical watched state
  ---
  duration_ms: 0.1425
  type: 'test'
  ...
# Subtest: normalizes the Settings library Force Sync options
ok 499 - normalizes the Settings library Force Sync options
  ---
  duration_ms: 0.3827
  type: 'test'
  ...
# Subtest: Force Sync activity records a user cancellation
ok 500 - Force Sync activity records a user cancellation
  ---
  duration_ms: 0.9625
  type: 'test'
  ...
# Subtest: maps a watched Plex episode into a canonical Plembfin record
ok 501 - maps a watched Plex episode into a canonical Plembfin record
  ---
  duration_ms: 2.5251
  type: 'test'
  ...
# Subtest: an episode's own tmdb/tvdb ids never override the show's requested ids
ok 502 - an episode's own tmdb/tvdb ids never override the show's requested ids
  ---
  duration_ms: 1.456
  type: 'test'
  ...
# Subtest: maps an Emby played item and ignores an unplayed remote item
ok 503 - maps an Emby played item and ignores an unplayed remote item
  ---
  duration_ms: 0.583
  type: 'test'
  ...
# Subtest: a Plex episode marked watched with no viewed date falls back to its release date
ok 504 - a Plex episode marked watched with no viewed date falls back to its release date
  ---
  duration_ms: 0.4823
  type: 'test'
  ...
# Subtest: a played item with neither a viewed date nor a release date is dropped, not fabricated
ok 505 - a played item with neither a viewed date nor a release date is dropped, not fabricated
  ---
  duration_ms: 0.8567
  type: 'test'
  ...
# Subtest: onboarding library import preserves the provider's historical played time
ok 506 - onboarding library import preserves the provider's historical played time
  ---
  duration_ms: 0.299
  type: 'test'
  ...
# Subtest: onboarding library import never replaces a missing played time with the import time
ok 507 - onboarding library import never replaces a missing played time with the import time
  ---
  duration_ms: 0.1168
  type: 'test'
  ...
# [ShowProgressCache] Rebuilding TV show progress cache from scratch...
# [ShowProgressCache] Rebuilt and saved 0 shows to cache file.
# [ShowProgressCache] Updating progress for 1 shows: Promotion Order
# Subtest: dedupeHistory keeps the newest canonical transition regardless of state or row order
ok 508 - dedupeHistory keeps the newest canonical transition regardless of state or row order
  ---
  duration_ms: 15.3717
  type: 'test'
  ...
# Subtest: metadata-only updated_at bumps cannot revive an older canonical state
ok 509 - metadata-only updated_at bumps cannot revive an older canonical state
  ---
  duration_ms: 0.7477
  type: 'test'
  ...
# Subtest: canonical state is resolved across the whole identity group before choosing its display date
ok 510 - canonical state is resolved across the whole identity group before choosing its display date
  ---
  duration_ms: 0.6827
  type: 'test'
  ...
# Subtest: same-event display dedupe cannot discard a newer canonical rewatch
ok 511 - same-event display dedupe cannot discard a newer canonical rewatch
  ---
  duration_ms: 1.0644
  type: 'test'
  ...
# Subtest: same-event provider echoes cannot replace an explicit Plembfin source
ok 512 - same-event provider echoes cannot replace an explicit Plembfin source
  ---
  duration_ms: 0.5662
  type: 'test'
  ...
# Subtest: a newer provider unwatch supersedes an older explicit watched row
ok 513 - a newer provider unwatch supersedes an older explicit watched row
  ---
  duration_ms: 0.2925
  type: 'test'
  ...
# Subtest: a newer exact live completion supersedes an older manual unwatched tombstone
ok 514 - a newer exact live completion supersedes an older manual unwatched tombstone
  ---
  duration_ms: 0.923
  type: 'test'
  ...
# Subtest: a live completion needs both clocks newer than the manual unwatch to revive it
ok 515 - a live completion needs both clocks newer than the manual unwatch to revive it
  ---
  duration_ms: 1.0562
  type: 'test'
  ...
# Subtest: a generic provider watch remains subordinate to a manual unwatched tombstone
ok 516 - a generic provider watch remains subordinate to a manual unwatched tombstone
  ---
  duration_ms: 0.5573
  type: 'test'
  ...
# [ShowProgressCache] No episode total for Promotion Order: Could not resolve TVDB ID
# [ShowProgressCache] Saved updated progress cache to file (1 shows; calculate 387.5ms, serialize 0.0ms, write 1.0ms).
# Loop cache primed for outbound targets {
#   keys: 2,
#   source: 'manual',
#   targets: [ 'emby' ],
#   prefix: 'unplayed_loop'
# }
# Sync unplayed dispatch started {
#   source: 'manual',
#   targets: [ 'emby' ],
#   type: 'episode',
#   ids: { imdb: undefined, tmdb: 'force-sync-canonical', tvdb: undefined }
# }
# Loop cache primed for outbound targets { keys: 2, source: 'manual', targets: [ 'emby' ], prefix: 'loop' }
# Sync playstate dispatch started {
#   source: 'manual',
#   title: 'The Walking Dead - S01E02',
#   intent: 'historical',
#   targets: [ 'emby' ],
#   policySkipped: [],
#   type: 'episode',
#   ids: { imdb: undefined, tmdb: 'force-sync-canonical', tvdb: undefined }
# }
# Subtest: an in-place promotion advances the canonical transition clock
ok 517 - an in-place promotion advances the canonical transition clock
  ---
  duration_ms: 414.0977
  type: 'test'
  ...
# Emby item resume progress updated { itemId: 'walking-dead-s01e01', positionMs: 0 }
# Emby item marked played { itemId: 'walking-dead-s01e02', datePlayed: '20260822200000' }
# Sync playstate dispatch completed {
#   source: 'manual',
#   title: 'The Walking Dead - S01E02',
#   status: 'success',
#   results: [ { target: 'emby', status: 'fulfilled', reason: undefined } ]
# }
# Emby item marked unplayed { itemId: 'walking-dead-s01e01' }
# Sync unplayed dispatch completed {
#   source: 'manual',
#   results: [ { target: 'emby', status: 'fulfilled', reason: undefined } ]
# }
# Loop cache primed for outbound targets {
#   keys: 2,
#   source: 'manual',
#   targets: [ 'emby' ],
#   prefix: 'unplayed_loop'
# }
# Sync unplayed dispatch started {
#   source: 'manual',
#   targets: [ 'emby' ],
#   type: 'movie',
#   ids: { imdb: undefined, tmdb: '329865', tvdb: undefined }
# }
# Subtest: a target-specific show push preserves watched and unwatched state without mutating Trakt
ok 518 - a target-specific show push preserves watched and unwatched state without mutating Trakt
  ---
  duration_ms: 160.3878
  type: 'test'
  ...
# Emby item resume progress updated { itemId: 'arrival-movie', positionMs: 0 }
# Emby item marked unplayed { itemId: 'arrival-movie' }
# Sync unplayed dispatch completed {
#   source: 'manual',
#   results: [ { target: 'emby', status: 'fulfilled', reason: undefined } ]
# }
# Subtest: a successful movie-unwatch push does not revive its older watched history row
ok 519 - a successful movie-unwatch push does not revive its older watched history row
  ---
  duration_ms: 119.8522
  type: 'test'
  ...
# [ShowProgressCache] Rebuilding TV show progress cache from scratch...
# [ShowProgressCache] Rebuilt and saved 0 shows to cache file.
# Loop cache primed for outbound targets { keys: 4, source: 'manual', targets: [ 'emby' ], prefix: 'loop' }
# Sync playstate dispatch started {
#   source: 'manual',
#   title: 'Phase Gap Wrong ID Show - S01E01',
#   intent: 'historical',
#   targets: [ 'emby' ],
#   policySkipped: [],
#   type: 'episode',
#   ids: { imdb: 'imdb-111111', tmdb: '111111', tvdb: 'tvdb-111111' }
# }
# Subtest: Force preflight resolves title metadata once for many sparse items
ok 520 - Force preflight resolves title metadata once for many sparse items
  ---
  duration_ms: 18.23
  type: 'test'
  ...
# [trackerSync] Held 0 watched and 1 unwatched Trakt change(s) for re-check because a newer local/outbound intent or safety guard took precedence.
# Emby item marked played {
#   itemId: 'phase-gap-wrong-id-episode-1',
#   datePlayed: '20260801200000'
# }
# Sync playstate dispatch completed {
#   source: 'manual',
#   title: 'Phase Gap Wrong ID Show - S01E01',
#   status: 'success',
#   results: [ { target: 'emby', status: 'fulfilled', reason: undefined } ]
# }
# Loop cache primed for outbound targets { keys: 2, source: 'manual', targets: [ 'emby' ], prefix: 'loop' }
# Sync playstate dispatch started {
#   source: 'manual',
#   title: 'Wrong ID Movie',
#   intent: 'historical',
#   targets: [ 'emby' ],
#   policySkipped: [],
#   type: 'movie',
#   ids: { imdb: undefined, tmdb: '810001', tvdb: undefined }
# }
# Subtest: a wrong-ID Force episode reports the Trakt mismatch without a title fallback
ok 521 - a wrong-ID Force episode reports the Trakt mismatch without a title fallback
  ---
  duration_ms: 742.8398
  type: 'test'
  ...
# Emby item marked played { itemId: 'wrong-id-movie-emby', datePlayed: '20260821200000' }
# Sync playstate dispatch completed {
#   source: 'manual',
#   title: 'Wrong ID Movie',
#   status: 'success',
#   results: [ { target: 'emby', status: 'fulfilled', reason: undefined } ]
# }
# Loop cache primed for outbound targets {
#   keys: 4,
#   source: 'manual',
#   targets: [ 'emby' ],
#   prefix: 'unplayed_loop'
# }
# Sync unplayed dispatch started {
#   source: 'manual',
#   targets: [ 'emby' ],
#   type: 'episode',
#   ids: {
#     imdb: 'imdb-local-first-show',
#     tmdb: 'local-first-show',
#     tvdb: 'tvdb-local-first-show'
#   }
# }
# Loop cache primed for outbound targets { keys: 4, source: 'manual', targets: [ 'emby' ], prefix: 'loop' }
# Sync playstate dispatch started {
#   source: 'manual',
#   title: 'Local First Show - S01E02',
#   intent: 'historical',
#   targets: [ 'emby' ],
#   policySkipped: [],
#   type: 'episode',
#   ids: {
#     imdb: 'imdb-local-first-show',
#     tmdb: 'local-first-show',
#     tvdb: 'tvdb-local-first-show'
#   }
# }
# Loop cache primed for outbound targets { keys: 4, source: 'manual', targets: [ 'emby' ], prefix: 'loop' }
# Sync playstate dispatch started {
#   source: 'manual',
#   title: 'Local First Show - S01E03',
#   intent: 'historical',
#   targets: [ 'emby' ],
#   policySkipped: [],
#   type: 'episode',
#   ids: {
#     imdb: 'imdb-local-first-show',
#     tmdb: 'local-first-show',
#     tvdb: 'tvdb-local-first-show'
#   }
# }
# Loop cache primed for outbound targets { keys: 4, source: 'manual', targets: [ 'emby' ], prefix: 'loop' }
# Sync playstate dispatch started {
#   source: 'manual',
#   title: 'Local First Show - S01E04',
#   intent: 'historical',
#   targets: [ 'emby' ],
#   policySkipped: [],
#   type: 'episode',
#   ids: {
#     imdb: 'imdb-local-first-show',
#     tmdb: 'local-first-show',
#     tvdb: 'tvdb-local-first-show'
#   }
# }
# Loop cache primed for outbound targets { keys: 4, source: 'manual', targets: [ 'emby' ], prefix: 'loop' }
# Sync playstate dispatch started {
#   source: 'manual',
#   title: 'Local First Show - S01E05',
#   intent: 'historical',
#   targets: [ 'emby' ],
#   policySkipped: [],
#   type: 'episode',
#   ids: {
#     imdb: 'imdb-local-first-show',
#     tmdb: 'local-first-show',
#     tvdb: 'tvdb-local-first-show'
#   }
# }
# Loop cache primed for outbound targets { keys: 4, source: 'manual', targets: [ 'emby' ], prefix: 'loop' }
# Sync playstate dispatch started {
#   source: 'manual',
#   title: 'Local First Show - S01E06',
#   intent: 'historical',
#   targets: [ 'emby' ],
#   policySkipped: [],
#   type: 'episode',
#   ids: {
#     imdb: 'imdb-local-first-show',
#     tmdb: 'local-first-show',
#     tvdb: 'tvdb-local-first-show'
#   }
# }
# Subtest: a wrong-TMDB movie primes and retries its title-derived Trakt identity
ok 522 - a wrong-TMDB movie primes and retries its title-derived Trakt identity
  ---
  duration_ms: 1212.8636
  type: 'test'
  ...
# Emby item resume progress updated { itemId: 'local-first-show-episode-1', positionMs: 0 }
# Emby item marked played { itemId: 'local-first-show-episode-2', datePlayed: '20260802200000' }
# Sync playstate dispatch completed {
#   source: 'manual',
#   title: 'Local First Show - S01E02',
#   status: 'success',
#   results: [ { target: 'emby', status: 'fulfilled', reason: undefined } ]
# }
# Loop cache primed for outbound targets { keys: 4, source: 'manual', targets: [ 'emby' ], prefix: 'loop' }
# Sync playstate dispatch started {
#   source: 'manual',
#   title: 'Local First Show - S01E07',
#   intent: 'historical',
#   targets: [ 'emby' ],
#   policySkipped: [],
#   type: 'episode',
#   ids: {
#     imdb: 'imdb-local-first-show',
#     tmdb: 'local-first-show',
#     tvdb: 'tvdb-local-first-show'
#   }
# }
# Emby item marked played { itemId: 'local-first-show-episode-3', datePlayed: '20260803200000' }
# Sync playstate dispatch completed {
#   source: 'manual',
#   title: 'Local First Show - S01E03',
#   status: 'success',
#   results: [ { target: 'emby', status: 'fulfilled', reason: undefined } ]
# }
# Loop cache primed for outbound targets { keys: 4, source: 'manual', targets: [ 'emby' ], prefix: 'loop' }
# Sync playstate dispatch started {
#   source: 'manual',
#   title: 'Local First Show - S01E08',
#   intent: 'historical',
#   targets: [ 'emby' ],
#   policySkipped: [],
#   type: 'episode',
#   ids: {
#     imdb: 'imdb-local-first-show',
#     tmdb: 'local-first-show',
#     tvdb: 'tvdb-local-first-show'
#   }
# }
# Emby item marked played { itemId: 'local-first-show-episode-4', datePlayed: '20260804200000' }
# Sync playstate dispatch completed {
#   source: 'manual',
#   title: 'Local First Show - S01E04',
#   status: 'success',
#   results: [ { target: 'emby', status: 'fulfilled', reason: undefined } ]
# }
# Emby item marked played { itemId: 'local-first-show-episode-5', datePlayed: '20260805200000' }
# Sync playstate dispatch completed {
#   source: 'manual',
#   title: 'Local First Show - S01E05',
#   status: 'success',
#   results: [ { target: 'emby', status: 'fulfilled', reason: undefined } ]
# }
# Emby item marked played { itemId: 'local-first-show-episode-6', datePlayed: '20260806200000' }
# Sync playstate dispatch completed {
#   source: 'manual',
#   title: 'Local First Show - S01E06',
#   status: 'success',
#   results: [ { target: 'emby', status: 'fulfilled', reason: undefined } ]
# }
# Emby item marked unplayed { itemId: 'local-first-show-episode-1' }
# Sync unplayed dispatch completed {
#   source: 'manual',
#   results: [ { target: 'emby', status: 'fulfilled', reason: undefined } ]
# }
# Emby item marked played { itemId: 'local-first-show-episode-7', datePlayed: '20260807200000' }
# Sync playstate dispatch completed {
#   source: 'manual',
#   title: 'Local First Show - S01E07',
#   status: 'success',
#   results: [ { target: 'emby', status: 'fulfilled', reason: undefined } ]
# }
# Emby item marked played { itemId: 'local-first-show-episode-8', datePlayed: '20260808200000' }
# Sync playstate dispatch completed {
#   source: 'manual',
#   title: 'Local First Show - S01E08',
#   status: 'success',
#   results: [ { target: 'emby', status: 'fulfilled', reason: undefined } ]
# }
# Loop cache primed for outbound targets { keys: 4, source: 'manual', targets: [ 'emby' ], prefix: 'loop' }
# Sync playstate dispatch started {
#   source: 'manual',
#   title: 'Tracker Partial Movie',
#   intent: 'historical',
#   targets: [ 'emby' ],
#   policySkipped: [],
#   type: 'movie',
#   ids: {
#     imdb: 'imdb-tracker-partial',
#     tmdb: 'tracker-partial',
#     tvdb: 'tvdb-tracker-partial'
#   }
# }
# Subtest: all local writes finish before gated Trakt work can occupy the detail Force Sync pool
ok 523 - all local writes finish before gated Trakt work can occupy the detail Force Sync pool
  ---
  duration_ms: 4908.2472
  type: 'test'
  ...
# Emby item marked played { itemId: 'tracker-partial-emby', datePlayed: '20260820200000' }
# Sync playstate dispatch completed {
#   source: 'manual',
#   title: 'Tracker Partial Movie',
#   status: 'success',
#   results: [ { target: 'emby', status: 'fulfilled', reason: undefined } ]
# }
# Loop cache primed for outbound targets { keys: 4, source: 'manual', targets: [ 'emby' ], prefix: 'loop' }
# Sync playstate dispatch started {
#   source: 'manual',
#   title: 'Cancelled Tracker Show - S01E01',
#   intent: 'historical',
#   targets: [ 'emby' ],
#   policySkipped: [],
#   type: 'episode',
#   ids: {
#     imdb: 'imdb-cancelled-tracker-show',
#     tmdb: 'cancelled-tracker-show',
#     tvdb: 'tvdb-cancelled-tracker-show'
#   }
# }
# Loop cache primed for outbound targets { keys: 4, source: 'manual', targets: [ 'emby' ], prefix: 'loop' }
# Sync playstate dispatch started {
#   source: 'manual',
#   title: 'Cancelled Tracker Show - S01E02',
#   intent: 'historical',
#   targets: [ 'emby' ],
#   policySkipped: [],
#   type: 'episode',
#   ids: {
#     imdb: 'imdb-cancelled-tracker-show',
#     tmdb: 'cancelled-tracker-show',
#     tvdb: 'tvdb-cancelled-tracker-show'
#   }
# }
# Loop cache primed for outbound targets { keys: 4, source: 'manual', targets: [ 'emby' ], prefix: 'loop' }
# Sync playstate dispatch started {
#   source: 'manual',
#   title: 'Cancelled Tracker Show - S01E03',
#   intent: 'historical',
#   targets: [ 'emby' ],
#   policySkipped: [],
#   type: 'episode',
#   ids: {
#     imdb: 'imdb-cancelled-tracker-show',
#     tmdb: 'cancelled-tracker-show',
#     tvdb: 'tvdb-cancelled-tracker-show'
#   }
# }
# Loop cache primed for outbound targets { keys: 4, source: 'manual', targets: [ 'emby' ], prefix: 'loop' }
# Sync playstate dispatch started {
#   source: 'manual',
#   title: 'Cancelled Tracker Show - S01E04',
#   intent: 'historical',
#   targets: [ 'emby' ],
#   policySkipped: [],
#   type: 'episode',
#   ids: {
#     imdb: 'imdb-cancelled-tracker-show',
#     tmdb: 'cancelled-tracker-show',
#     tvdb: 'tvdb-cancelled-tracker-show'
#   }
# }
# Loop cache primed for outbound targets { keys: 4, source: 'manual', targets: [ 'emby' ], prefix: 'loop' }
# Sync playstate dispatch started {
#   source: 'manual',
#   title: 'Cancelled Tracker Show - S01E05',
#   intent: 'historical',
#   targets: [ 'emby' ],
#   policySkipped: [],
#   type: 'episode',
#   ids: {
#     imdb: 'imdb-cancelled-tracker-show',
#     tmdb: 'cancelled-tracker-show',
#     tvdb: 'tvdb-cancelled-tracker-show'
#   }
# }
# Loop cache primed for outbound targets { keys: 4, source: 'manual', targets: [ 'emby' ], prefix: 'loop' }
# Sync playstate dispatch started {
#   source: 'manual',
#   title: 'Cancelled Tracker Show - S01E06',
#   intent: 'historical',
#   targets: [ 'emby' ],
#   policySkipped: [],
#   type: 'episode',
#   ids: {
#     imdb: 'imdb-cancelled-tracker-show',
#     tmdb: 'cancelled-tracker-show',
#     tvdb: 'tvdb-cancelled-tracker-show'
#   }
# }
# Subtest: a Trakt failure merges with local success as a persisted partial result
ok 524 - a Trakt failure merges with local success as a persisted partial result
  ---
  duration_ms: 400.5342
  type: 'test'
  ...
# Emby item marked played {
#   itemId: 'cancelled-tracker-show-episode-1',
#   datePlayed: '20260801200000'
# }
# Sync playstate dispatch completed {
#   source: 'manual',
#   title: 'Cancelled Tracker Show - S01E01',
#   status: 'success',
#   results: [ { target: 'emby', status: 'fulfilled', reason: undefined } ]
# }
# Loop cache primed for outbound targets { keys: 4, source: 'manual', targets: [ 'emby' ], prefix: 'loop' }
# Sync playstate dispatch started {
#   source: 'manual',
#   title: 'Cancelled Tracker Show - S01E07',
#   intent: 'historical',
#   targets: [ 'emby' ],
#   policySkipped: [],
#   type: 'episode',
#   ids: {
#     imdb: 'imdb-cancelled-tracker-show',
#     tmdb: 'cancelled-tracker-show',
#     tvdb: 'tvdb-cancelled-tracker-show'
#   }
# }
# Emby item marked played {
#   itemId: 'cancelled-tracker-show-episode-2',
#   datePlayed: '20260802200000'
# }
# Sync playstate dispatch completed {
#   source: 'manual',
#   title: 'Cancelled Tracker Show - S01E02',
#   status: 'success',
#   results: [ { target: 'emby', status: 'fulfilled', reason: undefined } ]
# }
# Loop cache primed for outbound targets { keys: 4, source: 'manual', targets: [ 'emby' ], prefix: 'loop' }
# Sync playstate dispatch started {
#   source: 'manual',
#   title: 'Cancelled Tracker Show - S01E08',
#   intent: 'historical',
#   targets: [ 'emby' ],
#   policySkipped: [],
#   type: 'episode',
#   ids: {
#     imdb: 'imdb-cancelled-tracker-show',
#     tmdb: 'cancelled-tracker-show',
#     tvdb: 'tvdb-cancelled-tracker-show'
#   }
# }
# Emby item marked played {
#   itemId: 'cancelled-tracker-show-episode-3',
#   datePlayed: '20260803200000'
# }
# Sync playstate dispatch completed {
#   source: 'manual',
#   title: 'Cancelled Tracker Show - S01E03',
#   status: 'success',
#   results: [ { target: 'emby', status: 'fulfilled', reason: undefined } ]
# }
# Emby item marked played {
#   itemId: 'cancelled-tracker-show-episode-4',
#   datePlayed: '20260804200000'
# }
# Sync playstate dispatch completed {
#   source: 'manual',
#   title: 'Cancelled Tracker Show - S01E04',
#   status: 'success',
#   results: [ { target: 'emby', status: 'fulfilled', reason: undefined } ]
# }
# Emby item marked played {
#   itemId: 'cancelled-tracker-show-episode-5',
#   datePlayed: '20260805200000'
# }
# Sync playstate dispatch completed {
#   source: 'manual',
#   title: 'Cancelled Tracker Show - S01E05',
#   status: 'success',
#   results: [ { target: 'emby', status: 'fulfilled', reason: undefined } ]
# }
# Emby item marked played {
#   itemId: 'cancelled-tracker-show-episode-6',
#   datePlayed: '20260806200000'
# }
# Sync playstate dispatch completed {
#   source: 'manual',
#   title: 'Cancelled Tracker Show - S01E06',
#   status: 'success',
#   results: [ { target: 'emby', status: 'fulfilled', reason: undefined } ]
# }
# Emby item marked played {
#   itemId: 'cancelled-tracker-show-episode-7',
#   datePlayed: '20260807200000'
# }
# Sync playstate dispatch completed {
#   source: 'manual',
#   title: 'Cancelled Tracker Show - S01E07',
#   status: 'success',
#   results: [ { target: 'emby', status: 'fulfilled', reason: undefined } ]
# }
# Emby item marked played {
#   itemId: 'cancelled-tracker-show-episode-8',
#   datePlayed: '20260808200000'
# }
# Sync playstate dispatch completed {
#   source: 'manual',
#   title: 'Cancelled Tracker Show - S01E08',
#   status: 'success',
#   results: [ { target: 'emby', status: 'fulfilled', reason: undefined } ]
# }
# Subtest: cancellation lets in-flight Trakt items finish and prevents new ones from starting
ok 525 - cancellation lets in-flight Trakt items finish and prevents new ones from starting
  ---
  duration_ms: 1226.9989
  type: 'test'
  ...
# [ShowProgressCache] Rebuilding TV show progress cache from scratch...
# [ShowProgressCache] Rebuilt and saved 0 shows to cache file.
# Subtest: canonicalTitleKey has stable golden values
ok 526 - canonicalTitleKey has stable golden values
  ---
  duration_ms: 1.5787
  type: 'test'
  ...
# Subtest: mediaKeyFor has stable golden values
ok 527 - mediaKeyFor has stable golden values
  ---
  duration_ms: 0.3319
  type: 'test'
  ...
# Subtest: normalizeWatchRecord preserves specials season zero
ok 528 - normalizeWatchRecord preserves specials season zero
  ---
  duration_ms: 2.7626
  type: 'test'
  ...
# Subtest: progressRowToMedia preserves the resume update timestamp for outbound replay
ok 529 - progressRowToMedia preserves the resume update timestamp for outbound replay
  ---
  duration_ms: 0.4972
  type: 'test'
  ...
# Subtest: normalizeWatchRecord recovers specials coordinates from title
ok 530 - normalizeWatchRecord recovers specials coordinates from title
  ---
  duration_ms: 0.5097
  type: 'test'
  ...
# Subtest: normalizeWatchRecord repairs legacy malformed specials codes
ok 531 - normalizeWatchRecord repairs legacy malformed specials codes
  ---
  duration_ms: 0.3446
  type: 'test'
  ...
# Subtest: episode links never promote leaf provider ids into a TV show route
ok 532 - episode links never promote leaf provider ids into a TV show route
  ---
  duration_ms: 4.314
  type: 'test'
  ...
# Subtest: Up Next Watch now links include Jellyfin with the other media apps
ok 533 - Up Next Watch now links include Jellyfin with the other media apps
  ---
  duration_ms: 0.6057
  type: 'test'
  ...
# Subtest: episode links prefer explicit series identities
ok 534 - episode links prefer explicit series identities
  ---
  duration_ms: 0.2673
  type: 'test'
  ...
# Subtest: episode links recover the show title when payloads omit show_title
ok 535 - episode links recover the show title when payloads omit show_title
  ---
  duration_ms: 0.3502
  type: 'test'
  ...
# Subtest: TV metadata lookup can resolve a title from a representative episode TVDB id
ok 536 - TV metadata lookup can resolve a title from a representative episode TVDB id
  ---
  duration_ms: 0.2355
  type: 'test'
  ...
# Subtest: resume cards align a red Clear action with the watch percentage
ok 537 - resume cards align a red Clear action with the watch percentage
  ---
  duration_ms: 0.7517
  type: 'test'
  ...
# Subtest: fanart gateway serves fresh cached responses without fetching
ok 538 - fanart gateway serves fresh cached responses without fetching
  ---
  duration_ms: 1.2244
  type: 'test'
  ...
# Subtest: fanart gateway serves fresh cached misses as null without fetching
ok 539 - fanart gateway serves fresh cached misses as null without fetching
  ---
  duration_ms: 0.3232
  type: 'test'
  ...
# Subtest: light-cached details satisfy light callers but full callers refetch
ok 540 - light-cached details satisfy light callers but full callers refetch
  ---
  duration_ms: 370.3307
  type: 'test'
  ...
# Subtest: getTmdbDetails returns fresh cached TV details without upstream fetches
ok 541 - getTmdbDetails returns fresh cached TV details without upstream fetches
  ---
  duration_ms: 0.3891
  type: 'test'
  ...
# Subtest: demo TV details can resolve a TMDB-keyed row through its TVDB identity
ok 542 - demo TV details can resolve a TMDB-keyed row through its TVDB identity
  ---
  duration_ms: 0.7535
  type: 'test'
  ...
# Subtest: explicit TVDB and IMDb ids cannot reuse a conflicting TMDB cache slot
ok 543 - explicit TVDB and IMDb ids cannot reuse a conflicting TMDB cache slot
  ---
  duration_ms: 772.5495
  type: 'test'
  ...
# Subtest: TMDB-id season requests find TVDB-keyed show metadata
ok 544 - TMDB-id season requests find TVDB-keyed show metadata
  ---
  duration_ms: 4.2603
  type: 'test'
  ...
# Subtest: legacy schema migration is idempotent under concurrent process startup
ok 545 - legacy schema migration is idempotent under concurrent process startup
  ---
  duration_ms: 217.2271
  type: 'test'
  ...
# [ShowProgressCache] Rebuilding TV show progress cache from scratch...
# [ShowProgressCache] Rebuilt and saved 0 shows to cache file.
# [security] Auto-generated secrets are persisted in data/config.json.
# [security] Pristine install detected - open the app to claim the administrator account. No password was generated.
# Subtest: queued watch records are shaped as Sync Activity entries
ok 546 - queued watch records are shaped as Sync Activity entries
  ---
  duration_ms: 2.2699
  type: 'test'
  ...
# Subtest: movie tracker hydration fills missing provider ids without replacing an existing id
ok 547 - movie tracker hydration fills missing provider ids without replacing an existing id
  ---
  duration_ms: 0.2597
  type: 'test'
  ...
# Subtest: adding a movie persists TMDB, IMDb and TVDB ids without resetting dispatch telemetry
ok 548 - adding a movie persists TMDB, IMDb and TVDB ids without resetting dispatch telemetry
  ---
  duration_ms: 15.6792
  type: 'test'
  ...
# Subtest: real web replicas and workers coordinate through an isolated local server
ok 549 - real web replicas and workers coordinate through an isolated local server
  ---
  duration_ms: 9456.1543
  type: 'test'
  ...
# Subtest: shared cache version observes another SQLite connection within the staleness bound
ok 550 - shared cache version observes another SQLite connection within the staleness bound
  ---
  duration_ms: 555.8556
  type: 'test'
  ...
# Subtest: scheduler lease permits one holder, fences stale holders, and transfers after expiry
ok 551 - scheduler lease permits one holder, fences stale holders, and transfers after expiry
  ---
  duration_ms: 0.8999
  type: 'test'
  ...
# Subtest: background jobs are durably claimed, logged, cancelled, and completed
ok 552 - background jobs are durably claimed, logged, cancelled, and completed
  ---
  duration_ms: 3.9502
  type: 'test'
  ...
# Subtest: priority Up Next jobs are claimed ahead of older queued background work
ok 553 - priority Up Next jobs are claimed ahead of older queued background work
  ---
  duration_ms: 1.0436
  type: 'test'
  ...
# Subtest: runtime state merges preserve unrelated fields
ok 554 - runtime state merges preserve unrelated fields
  ---
  duration_ms: 0.7721
  type: 'test'
  ...
# Subtest: shared sync operation lock is atomic and owner-scoped
ok 555 - shared sync operation lock is atomic and owner-scoped
  ---
  duration_ms: 1.4222
  type: 'test'
  ...
# Subtest: runtime state merges serialize across real processes
ok 556 - runtime state merges serialize across real processes
  ---
  duration_ms: 189.1609
  type: 'test'
  ...
# Subtest: process roles default safely and reject invalid values
ok 557 - process roles default safely and reject invalid values
  ---
  duration_ms: 0.5866
  type: 'test'
  ...
# [ShowProgressCache] Rebuilding TV show progress cache from scratch...
# [ShowProgressCache] Rebuilt and saved 0 shows to cache file.
# Subtest: startup recovery cancels persisted background imports without touching completed imports
ok 558 - startup recovery cancels persisted background imports without touching completed imports
  ---
  duration_ms: 1.9516
  type: 'test'
  ...
# Subtest: completed onboarding cannot start an onboarding background import
ok 559 - completed onboarding cannot start an onboarding background import
  ---
  duration_ms: 0.5978
  type: 'test'
  ...
# Subtest: claiming the instance advances onboarding to the first post-claim step
ok 560 - claiming the instance advances onboarding to the first post-claim step
  ---
  duration_ms: 0.4147
  type: 'test'
  ...
# Subtest: main release builds an OCI-compatible image and gates the public demo deployment
ok 561 - main release builds an OCI-compatible image and gates the public demo deployment
  ---
  duration_ms: 1.482
  type: 'test'
  ...
# Subtest: public demo can be refreshed manually from an existing release image
ok 562 - public demo can be refreshed manually from an existing release image
  ---
  duration_ms: 0.2797
  type: 'test'
  ...
# Subtest: OCI deploy helper is limited to exact GHCR releases and demo mode
ok 563 - OCI deploy helper is limited to exact GHCR releases and demo mode
  ---
  duration_ms: 0.2257
  type: 'test'
  ...
# Subtest: upstream timeouts map to HTTP 504 errors
ok 564 - upstream timeouts map to HTTP 504 errors
  ---
  duration_ms: 0.9534
  type: 'test'
  ...
# Subtest: explicit outbound timeout overrides are finite and bounded
ok 565 - explicit outbound timeout overrides are finite and bounded
  ---
  duration_ms: 0.2723
  type: 'test'
  ...
# Subtest: outbound URLs reject unsafe schemes, credentials, and metadata endpoints
ok 566 - outbound URLs reject unsafe schemes, credentials, and metadata endpoints
  ---
  duration_ms: 0.818
  type: 'test'
  ...
# Subtest: fetchWithTimeout rejects an unsafe initial URL before fetching
ok 567 - fetchWithTimeout rejects an unsafe initial URL before fetching
  ---
  duration_ms: 1.1535
  type: 'test'
  ...
# Subtest: fetchWithTimeout validates redirects and does not forward credentials across origins
ok 568 - fetchWithTimeout validates redirects and does not forward credentials across origins
  ---
  duration_ms: 4.3859
  type: 'test'
  ...
# Subtest: fetchWithTimeout replaces upstream exception objects with a safe error
ok 569 - fetchWithTimeout replaces upstream exception objects with a safe error
  ---
  duration_ms: 29.2654
  type: 'test'
  ...
# Subtest: fetchWithTimeout preserves a safe network cause when the upstream exposes one
ok 570 - fetchWithTimeout preserves a safe network cause when the upstream exposes one
  ---
  duration_ms: 30.4656
  type: 'test'
  ...
# Subtest: fetchWithTimeout falls back to the tunable default when no explicit timeout is given
ok 571 - fetchWithTimeout falls back to the tunable default when no explicit timeout is given
  ---
  duration_ms: 2036.5783
  type: 'test'
  ...
# Subtest: fetchWithTimeout honors an explicit timeoutMs override regardless of tuning
ok 572 - fetchWithTimeout honors an explicit timeoutMs override regardless of tuning
  ---
  duration_ms: 216.9227
  type: 'test'
  ...
# Subtest: uploadFileWithTimeout sends the file with its headers and returns the response
ok 573 - uploadFileWithTimeout sends the file with its headers and returns the response
  ---
  duration_ms: 32.775
  type: 'test'
  ...
# Subtest: uploadFileWithTimeout keeps going past the timeout while data keeps flowing
ok 574 - uploadFileWithTimeout keeps going past the timeout while data keeps flowing
  ---
  duration_ms: 573.6213
  type: 'test'
  ...
# Subtest: uploadFileWithTimeout fails a transfer that stalls longer than the timeout
ok 575 - uploadFileWithTimeout fails a transfer that stalls longer than the timeout
  ---
  duration_ms: 216.4986
  type: 'test'
  ...
# Subtest: uploadFileWithTimeout refuses unsafe URLs before connecting
ok 576 - uploadFileWithTimeout refuses unsafe URLs before connecting
  ---
  duration_ms: 3.3055
  type: 'test'
  ...
# Subtest: fetchWithTimeout blocks redirects to metadata endpoints
ok 577 - fetchWithTimeout blocks redirects to metadata endpoints
  ---
  duration_ms: 0.8211
  type: 'test'
  ...
# Subtest: outbound governor records host-only throttling telemetry
ok 578 - outbound governor records host-only throttling telemetry
  ---
  duration_ms: 1.3609
  type: 'test'
  ...
# Subtest: interactive lane can admit a request while sync slots are occupied
ok 579 - interactive lane can admit a request while sync slots are occupied
  ---
  duration_ms: 122.7201
  type: 'test'
  ...
# Subtest: queued interactive requests overtake queued sync work
ok 580 - queued interactive requests overtake queued sync work
  ---
  duration_ms: 0.8497
  type: 'test'
  ...
# Subtest: clicking a folded poster opens its card and closes the one that was open
ok 581 - clicking a folded poster opens its card and closes the one that was open
  ---
  duration_ms: 1.821
  type: 'test'
  ...
# Subtest: full cards, poster buttons and the Posters only switch are left alone
ok 582 - full cards, poster buttons and the Posters only switch are left alone
  ---
  duration_ms: 0.3431
  type: 'test'
  ...
# Subtest: every page with the Posters only switch loads the behaviour
ok 583 - every page with the Posters only switch loads the behaviour
  ---
  duration_ms: 0.9797
  type: 'test'
  ...
# Subtest: poster-mode rules that fold an item skip the open one
ok 584 - poster-mode rules that fold an item skip the open one
  ---
  duration_ms: 4.8702
  type: 'test'
  ...
# Subtest: parsePlexWebhook derives completed, ended, active, and ignored phases
ok 585 - parsePlexWebhook derives completed, ended, active, and ignored phases
  ---
  duration_ms: 19.0102
  type: 'test'
  ...
# Subtest: parseEmbyWebhook derives phase boundaries
ok 586 - parseEmbyWebhook derives phase boundaries
  ---
  duration_ms: 1.2594
  type: 'test'
  ...
# Subtest: Emby and Jellyfin webhooks derive progress from position when a stale zero percentage is present
ok 587 - Emby and Jellyfin webhooks derive progress from position when a stale zero percentage is present
  ---
  duration_ms: 0.5755
  type: 'test'
  ...
# Subtest: Emby playback-stop payloads read completion position from nested PlaybackInfo
ok 588 - Emby playback-stop payloads read completion position from nested PlaybackInfo
  ---
  duration_ms: 0.3507
  type: 'test'
  ...
# Subtest: parseJellyfinWebhook derives phase boundaries
ok 589 - parseJellyfinWebhook derives phase boundaries
  ---
  duration_ms: 0.4817
  type: 'test'
  ...
# Subtest: Emby and Jellyfin UserData Played=false with positive progress is partial playback, not an unwatch
ok 590 - Emby and Jellyfin UserData Played=false with positive progress is partial playback, not an unwatch
  ---
  duration_ms: 0.3493
  type: 'test'
  ...
# Subtest: explicit Emby and Jellyfin unwatch events remain authoritative even if stale progress is present
ok 591 - explicit Emby and Jellyfin unwatch events remain authoritative even if stale progress is present
  ---
  duration_ms: 0.2406
  type: 'test'
  ...
# Subtest: zero-position UserData Played=false remains an unwatch
ok 592 - zero-position UserData Played=false remains an unwatch
  ---
  duration_ms: 0.3102
  type: 'test'
  ...
# Subtest: Jellyfin play-start UserData Played=false at position 0 is not an unwatch
ok 593 - Jellyfin play-start UserData Played=false at position 0 is not an unwatch
  ---
  duration_ms: 0.909
  type: 'test'
  ...
# Subtest: episode webhooks prefer series provider ids for cross-app matching
ok 594 - episode webhooks prefer series provider ids for cross-app matching
  ---
  duration_ms: 0.7288
  type: 'test'
  ...
# Subtest: parsePlexGuids supports modern and legacy agent formats
ok 595 - parsePlexGuids supports modern and legacy agent formats
  ---
  duration_ms: 0.7055
  type: 'test'
  ...
# Subtest: decodeHtmlEntities decodes once without double-unescaping
ok 596 - decodeHtmlEntities decodes once without double-unescaping
  ---
  duration_ms: 0.109
  type: 'test'
  ...
# Subtest: phase boundaries follow the configured watched threshold
ok 597 - phase boundaries follow the configured watched threshold
  ---
  duration_ms: 1.2268
  type: 'test'
  ...
# Subtest: phase boundaries fall back to the default 90% threshold once tuning is reset
ok 598 - phase boundaries fall back to the default 90% threshold once tuning is reset
  ---
  duration_ms: 0.2883
  type: 'test'
  ...
# Subtest: played-flag events are tagged and dated from the server's own played timestamp
ok 599 - played-flag events are tagged and dated from the server's own played timestamp
  ---
  duration_ms: 0.2407
  type: 'test'
  ...
# Subtest: played-flag history uses release date metadata instead of the manual click timestamp
ok 600 - played-flag history uses release date metadata instead of the manual click timestamp
  ---
  duration_ms: 0.3519
  type: 'test'
  ...
# Subtest: real playback events are not treated as bare played-flag events
ok 601 - real playback events are not treated as bare played-flag events
  ---
  duration_ms: 0.1793
  type: 'test'
  ...
# Subtest: library-add events from every server resolve to the added phase
ok 602 - library-add events from every server resolve to the added phase
  ---
  duration_ms: 0.4164
  type: 'test'
  ...
# Subtest: an added event still carries the ids and title needed to find the watch record
ok 603 - an added event still carries the ids and title needed to find the watch record
  ---
  duration_ms: 0.147
  type: 'test'
  ...
# Subtest: resetting Part Watched aborts the stale request without clobbering its replacement
ok 604 - resetting Part Watched aborts the stale request without clobbering its replacement
  ---
  duration_ms: 2.9278
  type: 'test'
  ...
# Subtest: a failed Part Watched request clears loading instead of leaving the dashboard spinner stuck
ok 605 - a failed Part Watched request clears loading instead of leaving the dashboard spinner stuck
  ---
  duration_ms: 0.5369
  type: 'test'
  ...
# Subtest: a live refresh with the same cards patches progress in place instead of rebuilding the row
ok 606 - a live refresh with the same cards patches progress in place instead of rebuilding the row
  ---
  duration_ms: 18.179
  type: 'test'
  ...
# Subtest: the loading placeholder only shows for a genuine first load with nothing on screen
ok 607 - the loading placeholder only shows for a genuine first load with nothing on screen
  ---
  duration_ms: 0.3056
  type: 'test'
  ...
# Subtest: a genuine membership change rebuilds the row
ok 608 - a genuine membership change rebuilds the row
  ---
  duration_ms: 0.6157
  type: 'test'
  ...
# [security] Auto-generated secrets are persisted in data/config.json.
# [security] Pristine install detected - open the app to claim the administrator account. No password was generated.
# [ShowProgressCache] Rebuilding TV show progress cache from scratch...
# [ShowProgressCache] Rebuilt and saved 0 shows to cache file.
# Subtest: no newer build reports nothing pending
ok 609 - no newer build reports nothing pending
  ---
  duration_ms: 1.228
  type: 'test'
  ...
# Subtest: a newer build on the same base only surfaces entries past the local build
ok 610 - a newer build on the same base only surfaces entries past the local build
  ---
  duration_ms: 0.2522
  type: 'test'
  ...
# Subtest: a changed baseVersion (alpha reset by a merge) treats every remote entry as pending
ok 611 - a changed baseVersion (alpha reset by a merge) treats every remote entry as pending
  ---
  duration_ms: 0.1366
  type: 'test'
  ...
# Subtest: missing or malformed remote data degrades to no update rather than throwing
ok 612 - missing or malformed remote data degrades to no update rather than throwing
  ---
  duration_ms: 0.1071
  type: 'test'
  ...
# [ShowProgressCache] Rebuilding TV show progress cache from scratch...
# [ShowProgressCache] Rebuilt and saved 0 shows to cache file.
# [ShowProgressCache] Updating progress for 1 shows: Promoted Sweep Show
# [ShowProgressCache] No episode total for Promoted Sweep Show: Could not resolve TVDB ID
# [ShowProgressCache] Saved updated progress cache to file (1 shows; calculate 362.9ms, serialize 0.0ms, write 1.1ms).
# Background Queue: retrying/dispatching sync for Promoted Sweep Show - S01E01 (58757577-10e4-4bc2-8315-6b05ad6b5188)...
# Sync playstate dispatch started {
#   source: 'plex',
#   title: 'Promoted Sweep Show - S01E01',
#   intent: 'live',
#   targets: [],
#   policySkipped: [],
#   type: 'episode',
#   ids: { imdb: undefined, tmdb: 'sweep-1', tvdb: undefined }
# }
# Sync playstate dispatch completed {
#   source: 'plex',
#   title: 'Promoted Sweep Show - S01E01',
#   status: 'skipped',
#   results: []
# }
# Background Queue: retrying/dispatching sync for Queued Unwatch Movie (904a7f08-f0c9-472c-9a1d-ea57c88f8fbe)...
# Sync unplayed dispatch started {
#   source: 'manual',
#   targets: [],
#   type: 'movie',
#   ids: { imdb: undefined, tmdb: 'queued-unwatch-movie', tvdb: undefined }
# }
# Sync unplayed dispatch completed { source: 'manual', results: [] }
# Subtest: syncPendingManualDispatches sends the row's real historical watched_at to Trakt, not now
ok 613 - syncPendingManualDispatches sends the row's real historical watched_at to Trakt, not now
  ---
  duration_ms: 628.035
  type: 'test'
  ...
# Subtest: syncPendingManualDispatches replays a queued manual unwatch as unplayed
ok 614 - syncPendingManualDispatches replays a queued manual unwatch as unplayed
  ---
  duration_ms: 413.5052
  type: 'test'
  ...
# Subtest: rating sync is one on/off policy across every provider
ok 615 - rating sync is one on/off policy across every provider
  ---
  duration_ms: 2.3306
  type: 'test'
  ...
# Subtest: episode rating identity uses the show identity and coordinate, not the leaf id
ok 616 - episode rating identity uses the show identity and coordinate, not the leaf id
  ---
  duration_ms: 0.4085
  type: 'test'
  ...
# Subtest: local rating mutations queue independently and collapse to the latest intent
ok 617 - local rating mutations queue independently and collapse to the latest intent
  ---
  duration_ms: 5.9951
  type: 'test'
  ...
# Subtest: a claimed rating queue item records outbound markers without touching watched-state tables
ok 618 - a claimed rating queue item records outbound markers without touching watched-state tables
  ---
  duration_ms: 3.7244
  type: 'test'
  ...
# Subtest: an Emby write that the server does not store leaves the queue row failed
ok 619 - an Emby write that the server does not store leaves the queue row failed
  ---
  duration_ms: 79.3879
  type: 'test'
  ...
# Subtest: an Emby write that reads back the sent rating is acknowledged
ok 620 - an Emby write that reads back the sent rating is acknowledged
  ---
  duration_ms: 90.4185
  type: 'test'
  ...
# Subtest: a provider reporting the value Plembfin last delivered is an echo, not a new remote change
ok 621 - a provider reporting the value Plembfin last delivered is an echo, not a new remote change
  ---
  duration_ms: 33.3773
  type: 'test'
  ...
# Subtest: emby: an older remote value does not overwrite an undelivered local rating
ok 622 - emby: an older remote value does not overwrite an undelivered local rating
  ---
  duration_ms: 33.1439
  type: 'test'
  ...
# Subtest: emby: a changed remote value with no undelivered local rating becomes canonical and fans out
ok 623 - emby: a changed remote value with no undelivered local rating becomes canonical and fans out
  ---
  duration_ms: 31.7504
  type: 'test'
  ...
# Subtest: jellyfin: an older remote value does not overwrite an undelivered local rating
ok 624 - jellyfin: an older remote value does not overwrite an undelivered local rating
  ---
  duration_ms: 5.5698
  type: 'test'
  ...
# Subtest: jellyfin: a changed remote value with no undelivered local rating becomes canonical and fans out
ok 625 - jellyfin: a changed remote value with no undelivered local rating becomes canonical and fans out
  ---
  duration_ms: 45.1664
  type: 'test'
  ...
# Subtest: a Jellyfin rating clear sends Rating 0, because Jellyfin ignores a null Rating
ok 626 - a Jellyfin rating clear sends Rating 0, because Jellyfin ignores a null Rating
  ---
  duration_ms: 51.9607
  type: 'test'
  ...
# Subtest: watchlist identity is canonical across provider ids and title aliases
ok 627 - watchlist identity is canonical across provider ids and title aliases
  ---
  duration_ms: 1.6966
  type: 'test'
  ...
# Subtest: local mutations are append-only, idempotent, and collapse provider delivery to the newest intent
ok 628 - local mutations are append-only, idempotent, and collapse provider delivery to the newest intent
  ---
  duration_ms: 13.0859
  type: 'test'
  ...
# Subtest: provider removals and watched completion respect stale and show-level guards
ok 629 - provider removals and watched completion respect stale and show-level guards
  ---
  duration_ms: 11.0129
  type: 'test'
  ...
# Subtest: provider ledger preserves extra provider ids and restore state is explicit
ok 630 - provider ledger preserves extra provider ids and restore state is explicit
  ---
  duration_ms: 2.7676
  type: 'test'
  ...
# Subtest: watchlist queue resolves an unambiguous provider target and records outbound success
ok 631 - watchlist queue resolves an unambiguous provider target and records outbound success
  ---
  duration_ms: 45.3896
  type: 'test'
  ...
# Subtest: restored watchlist performs a safe union without an explicit publish
ok 632 - restored watchlist performs a safe union without an explicit publish
  ---
  duration_ms: 92.7979
  type: 'test'
  ...
# Subtest: a provider-only watchlist addition becomes canonical and is queued for fanout
ok 633 - a provider-only watchlist addition becomes canonical and is queued for fanout
  ---
  duration_ms: 63.2389
  type: 'test'
  ...
# Subtest: a confirmed provider presence satisfies an add without duplicating the remote item
ok 634 - a confirmed provider presence satisfies an add without duplicating the remote item
  ---
  duration_ms: 2.6292
  type: 'test'
  ...
# Subtest: audit finds cross-key platform duplicates without modifying history
ok 635 - audit finds cross-key platform duplicates without modifying history
  ---
  duration_ms: 5.5794
  type: 'test'
  ...
# Subtest: audit ignores genuine rewatches outside the same-event window
ok 636 - audit ignores genuine rewatches outside the same-event window
  ---
  duration_ms: 0.6533
  type: 'test'
  ...
# Subtest: audit does not merge different episodes that share a series provider ID
ok 637 - audit does not merge different episodes that share a series provider ID
  ---
  duration_ms: 0.4984
  type: 'test'
  ...
# Subtest: repairs an implausible cross-show burst but preserves explicit manual watches
ok 638 - repairs an implausible cross-show burst but preserves explicit manual watches
  ---
  duration_ms: 10.4308
  type: 'test'
  ...
# Subtest: does not classify a normal spaced-out binge as a phantom burst
ok 639 - does not classify a normal spaced-out binge as a phantom burst
  ---
  duration_ms: 2.4788
  type: 'test'
  ...
# Subtest: removes only extra copies of an exact same-item same-timestamp event
ok 640 - removes only extra copies of an exact same-item same-timestamp event
  ---
  duration_ms: 1.714
  type: 'test'
  ...
# Subtest: repairs an impossible same-show episode batch
ok 641 - repairs an impossible same-show episode batch
  ---
  duration_ms: 1.2213
  type: 'test'
  ...
# Subtest: finds and repairs malformed scheduled episode rows without touching valid history
ok 642 - finds and repairs malformed scheduled episode rows without touching valid history
  ---
  duration_ms: 2.9165
  type: 'test'
  ...
# Subtest: the picker groups every episode by season, specials included, with the first real season open
ok 643 - the picker groups every episode by season, specials included, with the first real season open
  ---
  duration_ms: 1.4188
  type: 'test'
  ...
# Subtest: episodes already in the playlist show ticked and disabled, and the season counts them
ok 644 - episodes already in the playlist show ticked and disabled, and the season counts them
  ---
  duration_ms: 0.3636
  type: 'test'
  ...
# Subtest: episodesInPlaylist matches the show by id, or by title for items without ids
ok 645 - episodesInPlaylist matches the show by id, or by title for items without ids
  ---
  duration_ms: 1.1368
  type: 'test'
  ...
# Subtest: pickedEpisodes returns the ticked, enabled choices in episode order
ok 646 - pickedEpisodes returns the ticked, enabled choices in episode order
  ---
  duration_ms: 0.3529
  type: 'test'
  ...
# Subtest: test\\playlistFakes.js
ok 99 - test\\playlistFakes.js
  ---
  duration_ms: 96.0352
  type: 'test'
  ...
# Subtest: type guess from the entry types
ok 648 - type guess from the entry types
  ---
  duration_ms: 1.3508
  type: 'test'
  ...
# Subtest: merge compatibility: same type, Mixed, untyped, or an empty app playlist
ok 649 - merge compatibility: same type, Mixed, untyped, or an empty app playlist
  ---
  duration_ms: 0.284
  type: 'test'
  ...
# Subtest: candidates leave out smart and already-linked playlists, including soft-deleted links
ok 650 - candidates leave out smart and already-linked playlists, including soft-deleted links
  ---
  duration_ms: 3.0462
  type: 'test'
  ...
# Subtest: a failing app is reported with its error, not as an empty list; a failing items read marks only that playlist
ok 651 - a failing app is reported with its error, not as an empty list; a failing items read marks only that playlist
  ---
  duration_ms: 1.1558
  type: 'test'
  ...
# Subtest: only connected apps are read
ok 652 - only connected apps are read
  ---
  duration_ms: 0.535
  type: 'test'
  ...
# Subtest: name clash hints: compatible Plembfin playlist, incompatible name taken, same name across apps
ok 653 - name clash hints: compatible Plembfin playlist, incompatible name taken, same name across apps
  ---
  duration_ms: 1.3725
  type: 'test'
  ...
# Subtest: merge is not offered into a playlist that already has a playlist in that app
ok 654 - merge is not offered into a playlist that already has a playlist in that app
  ---
  duration_ms: 0.8882
  type: 'test'
  ...
# Subtest: helpers: merged type and the app-suffixed name
ok 655 - helpers: merged type and the app-suffixed name
  ---
  duration_ms: 0.3043
  type: 'test'
  ...
# Subtest: import separately: new playlist of the guessed type, every entry in app order, other ticked app gets a copy, nothing removed
ok 656 - import separately: new playlist of the guessed type, every entry in app order, other ticked app gets a copy, nothing removed
  ---
  duration_ms: 11.1207
  type: 'test'
  ...
# Subtest: import separately on a name clash: Name (App), for a taken name and for two picks of one name
ok 657 - import separately on a name clash: Name (App), for a taken name and for two picks of one name
  ---
  duration_ms: 5.0017
  type: 'test'
  ...
# Subtest: merge into an existing playlist: union on both sides, Plembfin order kept, app-only entry placed, nothing removed
ok 658 - merge into an existing playlist: union on both sides, Plembfin order kept, app-only entry placed, nothing removed
  ---
  duration_ms: 3.7313
  type: 'test'
  ...
# Subtest: two same-name picks merge into one new playlist; a movie and a mixed one make it Mixed
ok 659 - two same-name picks merge into one new playlist; a movie and a mixed one make it Mixed
  ---
  duration_ms: 4.4606
  type: 'test'
  ...
# Subtest: refusals change nothing: already linked, movies merged with TV, a playlist that already has that app, not connected
ok 660 - refusals change nothing: already linked, movies merged with TV, a playlist that already has that app, not connected
  ---
  duration_ms: 2.3203
  type: 'test'
  ...
# Subtest: listing never writes
ok 661 - listing never writes
  ---
  duration_ms: 0.8692
  type: 'test'
  ...
# Subtest: merge options: into a compatible Plembfin playlist, with another app's same-name playlist, never Movies with TV
ok 662 - merge options: into a compatible Plembfin playlist, with another app's same-name playlist, never Movies with TV
  ---
  duration_ms: 1.6985
  type: 'test'
  ...
# Subtest: the dialog lists each app's playlists, its errors, smart playlists, and notes
ok 663 - the dialog lists each app's playlists, its errors, smart playlists, and notes
  ---
  duration_ms: 1.378
  type: 'test'
  ...
# Subtest: only connected apps are offered as targets
ok 664 - only connected apps are offered as targets
  ---
  duration_ms: 0.426
  type: 'test'
  ...
# Subtest: picks carry mode, merge target, and ticked apps
ok 665 - picks carry mode, merge target, and ticked apps
  ---
  duration_ms: 0.6545
  type: 'test'
  ...
# Subtest: result message: names, unidentified items, first-sync problems, and a deferred sync
ok 666 - result message: names, unidentified items, first-sync problems, and a deferred sync
  ---
  duration_ms: 0.3658
  type: 'test'
  ...
# [playlists] Pull of playlist pull-15-bkpi3q from emby failed: status 500
# [playlists] Push of playlist pull-15-bkpi3q to emby failed: status 500
# Subtest: an app-added movie is imported in place, pushed to the other app, and not re-imported
ok 667 - an app-added movie is imported in place, pushed to the other app, and not re-imported
  ---
  duration_ms: 14.9966
  type: 'test'
  ...
# Subtest: an app-added episode becomes an episode item keyed by its show
ok 668 - an app-added episode becomes an episode item keyed by its show
  ---
  duration_ms: 4.6028
  type: 'test'
  ...
# Subtest: an unidentifiable app entry is left alone and never removed
ok 669 - an unidentifiable app entry is left alone and never removed
  ---
  duration_ms: 2.7891
  type: 'test'
  ...
# Subtest: an app removal is imported only after two reads, then removed from the other app
ok 670 - an app removal is imported only after two reads, then removed from the other app
  ---
  duration_ms: 5.2583
  type: 'test'
  ...
# Subtest: renumbered app entry ids are relinked by library item, never read as removals, additions, or a reorder
ok 671 - renumbered app entry ids are relinked by library item, never read as removals, additions, or a reorder
  ---
  duration_ms: 18.8375
  type: 'test'
  ...
# Subtest: an app removal that renumbers the remaining entries is still imported after two reads
ok 672 - an app removal that renumbers the remaining entries is still imported after two reads
  ---
  duration_ms: 3.4654
  type: 'test'
  ...
# Subtest: an entry that vanished because the media left the library keeps the Plembfin item
ok 673 - an entry that vanished because the media left the library keeps the Plembfin item
  ---
  duration_ms: 3.9057
  type: 'test'
  ...
# Subtest: a library lookup that fails keeps the removal undecided
ok 674 - a library lookup that fails keeps the removal undecided
  ---
  duration_ms: 10.693
  type: 'test'
  ...
# Subtest: an episode removed in the app is an ordinary removal, and a re-add imports it again
ok 675 - an episode removed in the app is an ordinary removal, and a re-add imports it again
  ---
  duration_ms: 4.3637
  type: 'test'
  ...
# Subtest: an app-side add of the wrong type imports anyway; an untyped playlist takes its first item's type
ok 676 - an app-side add of the wrong type imports anyway; an untyped playlist takes its first item's type
  ---
  duration_ms: 4.2901
  type: 'test'
  ...
# Subtest: a playlist still holding a show item is not synced until it becomes episodes
ok 677 - a playlist still holding a show item is not synced until it becomes episodes
  ---
  duration_ms: 1.0977
  type: 'test'
  ...
# Subtest: a short read never drives a removal; an emptied playlist of 3+ entries is held after two reads
ok 678 - a short read never drives a removal; an emptied playlist of 3+ entries is held after two reads
  ---
  duration_ms: 6.8413
  type: 'test'
  ...
# Subtest: an emptied playlist of fewer than 3 entries imports as removals after two reads
ok 679 - an emptied playlist of fewer than 3 entries imports as removals after two reads
  ---
  duration_ms: 7.619
  type: 'test'
  ...
# Subtest: a failed playlist read skips the app and changes nothing
ok 680 - a failed playlist read skips the app and changes nothing
  ---
  duration_ms: 3.2546
  type: 'test'
  ...
# Subtest: an app deletion needs two scheduled not-found passes, then deletes everywhere
ok 681 - an app deletion needs two scheduled not-found passes, then deletes everywhere
  ---
  duration_ms: 5.3078
  type: 'test'
  ...
# Subtest: a playlist that reappears resets the not-found count
ok 682 - a playlist that reappears resets the not-found count
  ---
  duration_ms: 2.2309
  type: 'test'
  ...
# Subtest: deletions seen on several playlists of one app are held until confirmed or discarded
ok 683 - deletions seen on several playlists of one app are held until confirmed or discarded
  ---
  duration_ms: 5.354
  type: 'test'
  ...
# Subtest: many removals in one pass are held; the push does not re-add them; confirm applies, discard restores
ok 684 - many removals in one pass are held; the push does not re-add them; confirm applies, discard restores
  ---
  duration_ms: 7.4005
  type: 'test'
  ...
# Subtest: an app rename is imported and pushed to the other apps; the app wins when both changed; a name clash keeps Plembfin's
ok 685 - an app rename is imported and pushed to the other apps; the app wins when both changed; a name clash keeps Plembfin's
  ---
  duration_ms: 4.925
  type: 'test'
  ...
# Subtest: an app reorder is imported when Plembfin's order is unchanged; items missing from that app keep their place
ok 686 - an app reorder is imported when Plembfin's order is unchanged; items missing from that app keep their place
  ---
  duration_ms: 3.5613
  type: 'test'
  ...
# Subtest: a Plembfin reorder since the last sync wins over an app reorder
ok 687 - a Plembfin reorder since the last sync wins over an app reorder
  ---
  duration_ms: 2.418
  type: 'test'
  ...
# Subtest: unidentified app entries are counted on the app's target and survive a Plembfin reorder
ok 688 - unidentified app entries are counted on the app's target and survive a Plembfin reorder
  ---
  duration_ms: 3.7469
  type: 'test'
  ...
# Subtest: the pull never reads a provider the playlist does not target
ok 689 - the pull never reads a provider the playlist does not target
  ---
  duration_ms: 1.7189
  type: 'test'
  ...
# Subtest: a scheduled pass retries an app delete that failed for a deleted playlist
ok 690 - a scheduled pass retries an app delete that failed for a deleted playlist
  ---
  duration_ms: 25.9762
  type: 'test'
  ...
# [playlists] Push of playlist list-13-7qoa8z to emby failed: status 500
# Subtest: first push creates the app playlist in order and records availability
ok 691 - first push creates the app playlist in order and records availability
  ---
  duration_ms: 7.1383
  type: 'test'
  ...
# Subtest: a later push reconciles to Plembfin's order, removes dropped items, and leaves app-added entries alone
ok 692 - a later push reconciles to Plembfin's order, removes dropped items, and leaves app-added entries alone
  ---
  duration_ms: 3.9123
  type: 'test'
  ...
# Subtest: a playlist still holding a show item is not pushed until it becomes episodes
ok 693 - a playlist still holding a show item is not pushed until it becomes episodes
  ---
  duration_ms: 0.7193
  type: 'test'
  ...
# Subtest: a failed lookup or an empty lookup never removes an existing entry
ok 694 - a failed lookup or an empty lookup never removes an existing entry
  ---
  duration_ms: 2.1111
  type: 'test'
  ...
# Subtest: an unanswered lookup with nothing in the playlist keeps the previous availability
ok 695 - an unanswered lookup with nothing in the playlist keeps the previous availability
  ---
  duration_ms: 1.7291
  type: 'test'
  ...
# Subtest: an entry removed in the app is not re-added before the pull pass decides
ok 696 - an entry removed in the app is not re-added before the pull pass decides
  ---
  duration_ms: 2.0657
  type: 'test'
  ...
# Subtest: a rejected batch falls back to single adds, and items the app did not keep are reported missing
ok 697 - a rejected batch falls back to single adds, and items the app did not keep are reported missing
  ---
  duration_ms: 2.8981
  type: 'test'
  ...
# Subtest: a Plembfin rename is pushed, an app-side rename is left for the pull pass
ok 698 - a Plembfin rename is pushed, an app-side rename is left for the pull pass
  ---
  duration_ms: 1.5509
  type: 'test'
  ...
# Subtest: Plex reorders by placing entries after their predecessor
ok 699 - Plex reorders by placing entries after their predecessor
  ---
  duration_ms: 2.1401
  type: 'test'
  ...
# Subtest: an entry moved to the top in Plex is put back with one move to the end
ok 700 - an entry moved to the top in Plex is put back with one move to the end
  ---
  duration_ms: 3.3425
  type: 'test'
  ...
# Subtest: a Plex move the app ignores is rebuilt by moving entries to the end, and the ledger keeps the real order
ok 701 - a Plex move the app ignores is rebuilt by moving entries to the end, and the ledger keeps the real order
  ---
  duration_ms: 4.7407
  type: 'test'
  ...
# Subtest: no app playlist is created until an item resolves there
ok 702 - no app playlist is created until an item resolves there
  ---
  duration_ms: 1.2047
  type: 'test'
  ...
# Subtest: a playlist not found in the app is skipped, never recreated by the push
ok 703 - a playlist not found in the app is skipped, never recreated by the push
  ---
  duration_ms: 1.4602
  type: 'test'
  ...
# Subtest: a read failure records the error and writes nothing
ok 704 - a read failure records the error and writes nothing
  ---
  duration_ms: 8.9798
  type: 'test'
  ...
# Subtest: a deselected app loses its playlist and target; a deleted playlist keeps targets for restore
ok 705 - a deselected app loses its playlist and target; a deleted playlist keeps targets for restore
  ---
  duration_ms: 2.1926
  type: 'test'
  ...
# Subtest: an unconfigured provider is skipped without any call
ok 706 - an unconfigured provider is skipped without any call
  ---
  duration_ms: 0.9202
  type: 'test'
  ...
# [security] Auto-generated secrets are persisted in data/config.json.
# [security] Pristine install detected - open the app to claim the administrator account. No password was generated.
# [ShowProgressCache] Rebuilding TV show progress cache from scratch...
# [ShowProgressCache] Rebuilt and saved 0 shows to cache file.
# Subtest: the rule genre list needs a Movies or TV kind before it reads any app
ok 707 - the rule genre list needs a Movies or TV kind before it reads any app
  ---
  duration_ms: 2.6636
  type: 'test'
  ...
# Subtest: the playlists stamp matches the page payload and changes when a playlist changes
ok 708 - the playlists stamp matches the page payload and changes when a playlist changes
  ---
  duration_ms: 8.2896
  type: 'test'
  ...
# Subtest: playlist items keep their order: new items go to the top, re-adding keeps the place
ok 709 - playlist items keep their order: new items go to the top, re-adding keeps the place
  ---
  duration_ms: 13.0036
  type: 'test'
  ...
# Subtest: Remove items once watched is saved and returned on create and update
ok 710 - Remove items once watched is saved and returned on create and update
  ---
  duration_ms: 7.3135
  type: 'test'
  ...
# Subtest: a soft-deleted playlist is hidden, rejects item changes, and frees its name
ok 711 - a soft-deleted playlist is hidden, rejects item changes, and frees its name
  ---
  duration_ms: 2.2558
  type: 'test'
  ...
# Subtest: create requires Movies or TV, and adds are checked against the playlist type
ok 712 - create requires Movies or TV, and adds are checked against the playlist type
  ---
  duration_ms: 4.1733
  type: 'test'
  ...
# Subtest: a Mixed playlist takes movies and episodes, but a show still needs its episodes picked
ok 713 - a Mixed playlist takes movies and episodes, but a show still needs its episodes picked
  ---
  duration_ms: 4.9414
  type: 'test'
  ...
# Subtest: an untyped playlist takes the type of its first item
ok 714 - an untyped playlist takes the type of its first item
  ---
  duration_ms: 2.0913
  type: 'test'
  ...
# Subtest: picked episodes go to the top as one block in episode order; ones already there keep their place
ok 715 - picked episodes go to the top as one block in episode order; ones already there keep their place
  ---
  duration_ms: 3.975
  type: 'test'
  ...
# Subtest: deleting any playlist moves it to Recently deleted and keeps its app targets
ok 716 - deleting any playlist moves it to Recently deleted and keeps its app targets
  ---
  duration_ms: 2.8387
  type: 'test'
  ...
# Subtest: create selects connected apps only and reports them with the picker's availability
ok 717 - create selects connected apps only and reports them with the picker's availability
  ---
  duration_ms: 2.7127
  type: 'test'
  ...
# Subtest: update renames and deselects: an app with a playlist is marked absent, one without is dropped
ok 718 - update renames and deselects: an app with a playlist is marked absent, one without is dropped
  ---
  duration_ms: 5.5377
  type: 'test'
  ...
# Subtest: an app that is disconnected later can stay selected but not be newly added
ok 719 - an app that is disconnected later can stay selected but not be newly added
  ---
  duration_ms: 2.3692
  type: 'test'
  ...
# Subtest: reorder takes the full new order and rejects a stale one
ok 720 - reorder takes the full new order and rejects a stale one
  ---
  duration_ms: 5.9774
  type: 'test'
  ...
# Subtest: items report availability only for the apps the playlist targets
ok 721 - items report availability only for the apps the playlist targets
  ---
  duration_ms: 6.5114
  type: 'test'
  ...
# Subtest: restore refuses a taken name, takes a new one, and keeps only its selected apps
ok 722 - restore refuses a taken name, takes a new one, and keeps only its selected apps
  ---
  duration_ms: 12.7124
  type: 'test'
  ...
# Subtest: permanent delete waits for connected apps to lose their copy, then clears every record
ok 723 - permanent delete waits for connected apps to lose their copy, then clears every record
  ---
  duration_ms: 6.1952
  type: 'test'
  ...
# Subtest: a copy left in a disconnected app does not block permanent delete
ok 724 - a copy left in a disconnected app does not block permanent delete
  ---
  duration_ms: 2.2199
  type: 'test'
  ...
# Subtest: held changes are listed and can be confirmed or discarded
ok 725 - held changes are listed and can be confirmed or discarded
  ---
  duration_ms: 5.0849
  type: 'test'
  ...
# Subtest: automatic playlists: created with a rule, hand edits refused, rule edits, held checks, and Stop updating
ok 726 - automatic playlists: created with a rule, hand edits refused, rule edits, held checks, and Stop updating
  ---
  duration_ms: 9.5395
  type: 'test'
  ...
# Subtest: removing from an automatic playlist keeps the title out for good (decision 65)
ok 727 - removing from an automatic playlist keeps the title out for good (decision 65)
  ---
  duration_ms: 4.423
  type: 'test'
  ...
# Subtest: genreKey merges case, spacing, punctuation, and known alternate spellings
ok 728 - genreKey merges case, spacing, punctuation, and known alternate spellings
  ---
  duration_ms: 1.376
  type: 'test'
  ...
# Subtest: Plex catalogue reads every movie and show section with full genre membership per genre
ok 729 - Plex catalogue reads every movie and show section with full genre membership per genre
  ---
  duration_ms: 3.392
  type: 'test'
  ...
# Subtest: a failed Plex genre read fails the whole catalogue instead of returning titles without that genre
ok 730 - a failed Plex genre read fails the whole catalogue instead of returning titles without that genre
  ---
  duration_ms: 1.0579
  type: 'test'
  ...
# Subtest: Emby and Jellyfin catalogues page through movies and series with their own parameter spelling
ok 731 - Emby and Jellyfin catalogues page through movies and series with their own parameter spelling
  ---
  duration_ms: 1.9511
  type: 'test'
  ...
# Subtest: an Emby-like read that ends short of its reported total fails instead of returning a partial library
ok 732 - an Emby-like read that ends short of its reported total fails instead of returning a partial library
  ---
  duration_ms: 0.6761
  type: 'test'
  ...
# Subtest: catalogues are cached per app, re-read after the cache age or on force, and a failed read marks only that app
ok 733 - catalogues are cached per app, re-read after the cache age or on force, and a failed read marks only that app
  ---
  duration_ms: 1.0792
  type: 'test'
  ...
# Subtest: the genre list merges app and TMDB genres under TMDB's name and leaves out the other kind
ok 734 - the genre list merges app and TMDB genres under TMDB's name and leaves out the other kind
  ---
  duration_ms: 11.0337
  type: 'test'
  ...
# Subtest: a show's episodes are read by its series id; a failed read throws, an empty one is an answer
ok 735 - a show's episodes are read by its series id; a failed read throws, an empty one is an answer
  ---
  duration_ms: 0.8499
  type: 'test'
  ...
# [ShowProgressCache] Rebuilding TV show progress cache from scratch...
# [ShowProgressCache] Rebuilt and saved 0 shows to cache file.
# [playlists] Rule check of playlist rules-18 failed; items left unchanged: The emby library could not be read: timeout
# [playlists] Rule check of playlist rules-18 failed; items left unchanged: The plex library read came back empty.
# [playlists] Rule check of playlist rules-19 failed; items left unchanged: Plex series 5 episodes read failed with status 500
# [playlists] Rule check of playlist rules-20 failed; items left unchanged: timeout
# [playlists] Rule check of playlist rules-14 failed; items left unchanged: The jellyfin library could not be read: not_configured
# [playlists] Rule check of playlist rules-1 failed; items left unchanged: The emby library could not be read: no answer
# [playlists] Rule check of playlist rules-10 failed; items left unchanged: The emby library could not be read: no answer
# [playlists] Rule check of playlist rules-11 failed; items left unchanged: The emby library could not be read: no answer
# [playlists] Rule check of playlist rules-14 failed; items left unchanged: The jellyfin library could not be read: no answer
# [playlists] Rule check of playlist rules-15 failed; items left unchanged: The jellyfin library could not be read: no answer
# [playlists] Rule check of playlist rules-18 failed; items left unchanged: The emby library could not be read: no answer
# [playlists] Rule check of playlist rules-2 failed; items left unchanged: The emby library could not be read: no answer
# [playlists] Rule check of playlist rules-20 failed; items left unchanged: TMDB API key is not configured
# [playlists] Rule check of playlist rules-22 failed; items left unchanged: The emby library could not be read: no answer
# Subtest: rules are validated: catalogue has a maximum and no recently added, genres must be TMDB's for it
ok 736 - rules are validated: catalogue has a maximum and no recently added, genres must be TMDB's for it
  ---
  duration_ms: 2.3181
  type: 'test'
  ...
# Subtest: library movies: union over apps, genre any and all, years, recently added, order, and maximum
ok 737 - library movies: union over apps, genre any and all, years, recently added, order, and maximum
  ---
  duration_ms: 21.4877
  type: 'test'
  ...
# Subtest: a library title its app has not matched to any id is left out until it is
ok 738 - a library title its app has not matched to any id is left out until it is
  ---
  duration_ms: 1.431
  type: 'test'
  ...
# Subtest: newest and oldest order by release date within a year, taking the date from any app
ok 739 - newest and oldest order by release date within a year, taking the date from any app
  ---
  duration_ms: 2.6419
  type: 'test'
  ...
# Subtest: compound TV genres match their parts both ways
ok 740 - compound TV genres match their parts both ways
  ---
  duration_ms: 5.3552
  type: 'test'
  ...
# Subtest: library TV holds each show's next episode; the maximum counts shows
ok 741 - library TV holds each show's next episode; the maximum counts shows
  ---
  duration_ms: 11.0163
  type: 'test'
  ...
# Subtest: moving each show on to its next episode is not held for Confirm
ok 742 - moving each show on to its next episode is not held for Confirm
  ---
  duration_ms: 14.5174
  type: 'test'
  ...
# Subtest: watch index: the latest trusted row decides
ok 743 - watch index: the latest trusted row decides
  ---
  duration_ms: 1.0528
  type: 'test'
  ...
# Subtest: random order is fixed per playlist and survives a re-check
ok 744 - random order is fixed per playlist and survives a re-check
  ---
  duration_ms: 3.8573
  type: 'test'
  ...
# Subtest: a failed or empty read leaves the items untouched and records why
ok 745 - a failed or empty read leaves the items untouched and records why
  ---
  duration_ms: 9.7909
  type: 'test'
  ...
# Subtest: a check removing many items is held whole; Confirm applies it and Discard keeps the items
ok 746 - a check removing many items is held whole; Confirm applies it and Discard keeps the items
  ---
  duration_ms: 3.3484
  type: 'test'
  ...
# Subtest: a small removal applies at once
ok 747 - a small removal applies at once
  ---
  duration_ms: 1.217
  type: 'test'
  ...
# Subtest: catalogue source pages TMDB Discover with the rule's filters
ok 748 - catalogue source pages TMDB Discover with the rule's filters
  ---
  duration_ms: 4.6045
  type: 'test'
  ...
# Subtest: catalogue types: each asks TMDB for its list, and the picked titles are re-sorted by the order
ok 749 - catalogue types: each asks TMDB for its list, and the picked titles are re-sorted by the order
  ---
  duration_ms: 10.326
  type: 'test'
  ...
# Subtest: library types: Top by the apps' rating; the others keep your titles on the TMDB list, in its rank
ok 750 - library types: Top by the apps' rating; the others keep your titles on the TMDB list, in its rank
  ---
  duration_ms: 5.183
  type: 'test'
  ...
# Subtest: languages: validated, and library and catalogue rules keep only the chosen original languages
ok 751 - languages: validated, and library and catalogue rules keep only the chosen original languages
  ---
  duration_ms: 4.2412
  type: 'test'
  ...
# Subtest: title languages come from the metadata cache; only uncached titles are looked up
ok 752 - title languages come from the metadata cache; only uncached titles are looked up
  ---
  duration_ms: 3.3232
  type: 'test'
  ...
# [playlists] Rule check of playlist rules-23 failed; items left unchanged: TMDB API key is not configured
# [playlists] Rule check of playlist rules-24 failed; items left unchanged: TMDB API key is not configured
# [playlists] Rule check of playlist rules-25 failed; items left unchanged: TMDB API key is not configured
# [playlists] Rule check of playlist rules-26 failed; items left unchanged: TMDB API key is not configured
# [playlists] Rule check of playlist rules-27 failed; items left unchanged: TMDB API key is not configured
# [playlists] Rule check of playlist rules-28 failed; items left unchanged: TMDB API key is not configured
# [playlists] Rule check of playlist rules-29 failed; items left unchanged: TMDB API key is not configured
# [playlists] Rule check of playlist rules-3 failed; items left unchanged: The emby library could not be read: no answer
# [playlists] Rule check of playlist rules-30 failed; items left unchanged: TMDB API key is not configured
# [playlists] Rule check of playlist rules-31 failed; items left unchanged: TMDB API key is not configured
# [playlists] Rule check of playlist rules-32 failed; items left unchanged: TMDB API key is not configured
# [playlists] Rule check of playlist rules-33 failed; items left unchanged: TMDB API key is not configured
# [playlists] Rule check of playlist rules-37 failed; items left unchanged: TMDB API key is not configured
# [playlists] Rule check of playlist rules-38 failed; items left unchanged: TMDB API key is not configured
# [playlists] Rule check of playlist rules-39 failed; items left unchanged: TMDB API key is not configured
# [playlists] Rule check of playlist rules-4 failed; items left unchanged: The emby library could not be read: no answer
# [playlists] Rule check of playlist rules-40 failed; items left unchanged: TMDB API key is not configured
# [playlists] Rule check of playlist rules-43 failed; items left unchanged: TMDB API key is not configured
# [playlists] Rule check of playlist rules-5 failed; items left unchanged: The emby library could not be read: no answer
# [playlists] Rule check of playlist rules-6 failed; items left unchanged: The emby library could not be read: no answer
# [playlists] Rule check of playlist rules-8 failed; items left unchanged: The emby library could not be read: no answer
# [playlists] Rule check of playlist rules-9 failed; items left unchanged: The emby library could not be read: no answer
# Subtest: only automatic playlists due an hourly check are checked
ok 753 - only automatic playlists due an hourly check are checked
  ---
  duration_ms: 5726.8604
  type: 'test'
  ...
# Subtest: an automatic playlist is synced one way out: app edits are overwritten, a rename comes back
ok 754 - an automatic playlist is synced one way out: app edits are overwritten, a rename comes back
  ---
  duration_ms: 10.275
  type: 'test'
  ...
# Subtest: a manual playlist still keeps an app entry it does not know (two-way)
ok 755 - a manual playlist still keeps an app entry it does not know (two-way)
  ---
  duration_ms: 2.3517
  type: 'test'
  ...
# Subtest: the rule summary reads as one line
ok 756 - the rule summary reads as one line
  ---
  duration_ms: 1.5403
  type: 'test'
  ...
# Subtest: the Language list: English ticked on a new automatic playlist, the saved choice on edit, none for an old rule
ok 757 - the Language list: English ticked on a new automatic playlist, the saved choice on edit, none for an old rule
  ---
  duration_ms: 2.1002
  type: 'test'
  ...
# Subtest: an automatic playlist shows its rule panel, keeps remove, and hides drag and move
ok 758 - an automatic playlist shows its rule panel, keeps remove, and hides drag and move
  ---
  duration_ms: 21.3218
  type: 'test'
  ...
# Subtest: Info opens a pop-up with every detail of the rule
ok 759 - Info opens a pop-up with every detail of the rule
  ---
  duration_ms: 1.7368
  type: 'test'
  ...
# Subtest: an empty automatic playlist says whether its rule has been checked
ok 760 - an empty automatic playlist says whether its rule has been checked
  ---
  duration_ms: 0.9093
  type: 'test'
  ...
# Subtest: a held rule check offers Confirm and Discard until confirmed, and sends the decision
ok 761 - a held rule check offers Confirm and Discard until confirmed, and sends the decision
  ---
  duration_ms: 8.4623
  type: 'test'
  ...
# Subtest: Refresh now and Stop updating send their requests; Stop asks first
ok 762 - Refresh now and Stop updating send their requests; Stop asks first
  ---
  duration_ms: 1052.5249
  type: 'test'
  ...
# Subtest: automatic playlists are not offered by add-to menus
ok 763 - automatic playlists are not offered by add-to menus
  ---
  duration_ms: 0.2923
  type: 'test'
  ...
# Subtest: the create dialog offers Automatic with a hidden rule editor; not when created for a title
ok 764 - the create dialog offers Automatic with a hidden rule editor; not when created for a title
  ---
  duration_ms: 0.893
  type: 'test'
  ...
# Subtest: editing an automatic playlist shows its rule filled in
ok 765 - editing an automatic playlist shows its rule filled in
  ---
  duration_ms: 1.2367
  type: 'test'
  ...
# Subtest: the Remove items once watched switch is on for a new playlist, prefilled when editing
ok 766 - the Remove items once watched switch is on for a new playlist, prefilled when editing
  ---
  duration_ms: 0.589
  type: 'test'
  ...
# Subtest: the rule is read from the form: decades, chosen years, languages, and genres before and after loading
ok 767 - the rule is read from the form: decades, chosen years, languages, and genres before and after loading
  ---
  duration_ms: 0.6567
  type: 'test'
  ...
# Subtest: playlist migration keeps existing lists Plembfin-only with their order
ok 768 - playlist migration keeps existing lists Plembfin-only with their order
  ---
  duration_ms: 438.3145
  type: 'test'
  ...
# Subtest: migration 44 types playlists and splits a mixed one into a Movies and a TV playlist
ok 769 - migration 44 types playlists and splits a mixed one into a Movies and a TV playlist
  ---
  duration_ms: 373.6268
  type: 'test'
  ...
# Subtest: migration 45 widens the playlist type to Mixed without losing playlists, items, or targets
ok 770 - migration 45 widens the playlist type to Mixed without losing playlists, items, or targets
  ---
  duration_ms: 325.028
  type: 'test'
  ...
# Subtest: a fresh database gets the playlist schema and indexes
ok 771 - a fresh database gets the playlist schema and indexes
  ---
  duration_ms: 163.5629
  type: 'test'
  ...
# Subtest: migration 47 adds the automatic playlist rule columns and keeps existing playlists manual
ok 772 - migration 47 adds the automatic playlist rule columns and keeps existing playlists manual
  ---
  duration_ms: 343.1923
  type: 'test'
  ...
# Subtest: migration 49 adds Remove items once watched (off) and the hand-off table
ok 773 - migration 49 adds Remove items once watched (off) and the hand-off table
  ---
  duration_ms: 355.5785
  type: 'test'
  ...
# [playlists] Converting tv:tmdb:8 in playlist conv-2 to episodes failed; retrying on the next pass: TVDB timed out
# [playlists] Converting tv:tmdb:6 in playlist conv-2 to episodes failed; retrying on the next pass: No episodes are listed for tv:tmdb:6.
# [playlists] Converting tv:tmdb:8 in playlist conv-2 to episodes failed; retrying on the next pass: No episodes are listed for tv:tmdb:8.
# [playlists] Converting tv:tmdb:6 in playlist conv-2 to episodes failed; retrying on the next pass: No episodes are listed for tv:tmdb:6.
# Subtest: a show becomes every listed episode at its place, minus exclusions, keeping episodes already there
ok 774 - a show becomes every listed episode at its place, minus exclusions, keeping episodes already there
  ---
  duration_ms: 5.0603
  type: 'test'
  ...
# Subtest: a failed or empty episode read keeps the show for the next pass
ok 775 - a failed or empty episode read keeps the show for the next pass
  ---
  duration_ms: 2.5664
  type: 'test'
  ...
# Subtest: the scheduled conversion covers every playlist with a show, Plembfin-only and deleted ones too
ok 776 - the scheduled conversion covers every playlist with a show, Plembfin-only and deleted ones too
  ---
  duration_ms: 2.837
  type: 'test'
  ...
# [ShowProgressCache] Rebuilding TV show progress cache from scratch...
# [ShowProgressCache] Rebuilt and saved 0 shows to cache file.
# Subtest: edits in quick succession become one sync of that playlist
ok 777 - edits in quick succession become one sync of that playlist
  ---
  duration_ms: 77.25
  type: 'test'
  ...
# Subtest: a Plembfin-only playlist and a web-only process never schedule a sync
ok 778 - a Plembfin-only playlist and a web-only process never schedule a sync
  ---
  duration_ms: 29.105
  type: 'test'
  ...
# Subtest: a failed sync is logged, not thrown
ok 779 - a failed sync is logged, not thrown
  ---
  duration_ms: 30.9034
  type: 'test'
  ...
# [playlists] Automatic playlist checks failed: boom
# Subtest: cancelled pending syncs never run
ok 780 - cancelled pending syncs never run
  ---
  duration_ms: 40.6932
  type: 'test'
  ...
# Subtest: the scheduled pass runs once per interval
ok 781 - the scheduled pass runs once per interval
  ---
  duration_ms: 1.0898
  type: 'test'
  ...
# Subtest: a failed rule check pass does not stop the playlist pass
ok 782 - a failed rule check pass does not stop the playlist pass
  ---
  duration_ms: 0.5635
  type: 'test'
  ...
# Subtest: the scheduled pass is skipped when no playlist targets an app
ok 783 - the scheduled pass is skipped when no playlist targets an app
  ---
  duration_ms: 4.4825
  type: 'test'
  ...
# [ShowProgressCache] Rebuilding TV show progress cache from scratch...
# [ShowProgressCache] Rebuilt and saved 0 shows to cache file.
# [playlists] Rule check of playlist watched-7 failed; items left unchanged: app down
# Subtest: only a watch after the item was added removes it, and only with the switch on
ok 784 - only a watch after the item was added removes it, and only with the switch on
  ---
  duration_ms: 7.7632
  type: 'test'
  ...
# Subtest: a hand-picked episode leaves on its own; the rest of the show stays
ok 785 - a hand-picked episode leaves on its own; the rest of the show stays
  ---
  duration_ms: 2.7728
  type: 'test'
  ...
# Subtest: automatic TV with the switch on hands a watched show to Up Next for good
ok 786 - automatic TV with the switch on hands a watched show to Up Next for good
  ---
  duration_ms: 23.8226
  type: 'test'
  ...
# Subtest: automatic movies with the switch on keep a watched movie out
ok 787 - automatic movies with the switch on keep a watched movie out
  ---
  duration_ms: 4.3171
  type: 'test'
  ...
# Subtest: with the switch off, a watch moves the show on at the next pass, not an hour later
ok 788 - with the switch off, a watch moves the show on at the next pass, not an hour later
  ---
  duration_ms: 10.3557
  type: 'test'
  ...
# Subtest: the watch index gives watch times and the furthest episode, specials left out
ok 789 - the watch index gives watch times and the furthest episode, specials left out
  ---
  duration_ms: 12.3957
  type: 'test'
  ...
# Subtest: a catalogue show's next episode reads only the seasons it needs
ok 790 - a catalogue show's next episode reads only the seasons it needs
  ---
  duration_ms: 1.0757
  type: 'test'
  ...
# Subtest: playlist headings show each selected app with its sync status, or Plembfin only
ok 791 - playlist headings show each selected app with its sync status, or Plembfin only
  ---
  duration_ms: 2.8876
  type: 'test'
  ...
# Subtest: missing notes name only the playlist's selected apps
ok 792 - missing notes name only the playlist's selected apps
  ---
  duration_ms: 0.4099
  type: 'test'
  ...
# Subtest: posters carry a Missing badge naming the selected apps, for the posters-only view
ok 793 - posters carry a Missing badge naming the selected apps, for the posters-only view
  ---
  duration_ms: 0.3616
  type: 'test'
  ...
# Subtest: drag and drop moves an item before or after the card it is dropped on
ok 794 - drag and drop moves an item before or after the card it is dropped on
  ---
  duration_ms: 20.197
  type: 'test'
  ...
# Subtest: poster stacks group neighbouring episodes of one show; a movie between splits them
ok 795 - poster stacks group neighbouring episodes of one show; a movie between splits them
  ---
  duration_ms: 0.6401
  type: 'test'
  ...
# Subtest: a stack renders as a poster card before its collapsed episodes, each keeping its Missing badge
ok 796 - a stack renders as a poster card before its collapsed episodes, each keeping its Missing badge
  ---
  duration_ms: 0.9289
  type: 'test'
  ...
# Subtest: clicking a stack expands and collapses it, and the state survives a re-render
ok 797 - clicking a stack expands and collapses it, and the state survives a re-render
  ---
  duration_ms: 1.2758
  type: 'test'
  ...
# Subtest: a collapsed stack drags as a block, and a drop onto a stack lands outside it
ok 798 - a collapsed stack drags as a block, and a drop onto a stack lands outside it
  ---
  duration_ms: 12.2079
  type: 'test'
  ...
# Subtest: reorder buttons disable at the ends and send the full new order
ok 799 - reorder buttons disable at the ends and send the full new order
  ---
  duration_ms: 1.9033
  type: 'test'
  ...
# Subtest: app entries Plembfin could not identify get a note per app
ok 800 - app entries Plembfin could not identify get a note per app
  ---
  duration_ms: 0.8336
  type: 'test'
  ...
# Subtest: held changes show Confirm and Discard until confirmed, and send the decision
ok 801 - held changes show Confirm and Discard until confirmed, and send the decision
  ---
  duration_ms: 1.3873
  type: 'test'
  ...
# Subtest: Recently deleted lists each playlist with Restore and Delete permanently
ok 802 - Recently deleted lists each playlist with Restore and Delete permanently
  ---
  duration_ms: 73.045
  type: 'test'
  ...
# Subtest: delete asks first and names the apps the playlist is deleted from
ok 803 - delete asks first and names the apps the playlist is deleted from
  ---
  duration_ms: 15.6586
  type: 'test'
  ...
# Subtest: the app picker offers connected apps, keeps a disconnected selected app, and explains availability
ok 804 - the app picker offers connected apps, keeps a disconnected selected app, and explains availability
  ---
  duration_ms: 3.1035
  type: 'test'
  ...
# Subtest: playlists accept only titles of their type; an untyped playlist takes either
ok 805 - playlists accept only titles of their type; an untyped playlist takes either
  ---
  duration_ms: 0.283
  type: 'test'
  ...
# Subtest: the add-to dialog offers only playlists of the title's type
ok 806 - the add-to dialog offers only playlists of the title's type
  ---
  duration_ms: 0.4325
  type: 'test'
  ...
# Subtest: the create dialog asks for Movies or TV, locked to the title's type when opened from a title
ok 807 - the create dialog asks for Movies or TV, locked to the title's type when opened from a title
  ---
  duration_ms: 0.7207
  type: 'test'
  ...
# Subtest: each rail heading shows the playlist type, and an empty rail says what it takes
ok 808 - each rail heading shows the playlist type, and an empty rail says what it takes
  ---
  duration_ms: 0.4065
  type: 'test'
  ...
# Subtest: a restore refused for a taken name asks for a new name; other failures are reported
ok 809 - a restore refused for a taken name asks for a new name; other failures are reported
  ---
  duration_ms: 10.1173
  type: 'test'
  ...
# [ShowProgressCache] Rebuilding TV show progress cache from scratch...
# [ShowProgressCache] Rebuilt and saved 0 shows to cache file.
# [dataRepo] repairPlaystateEpisodeIdAliases: removed 0 episode-id or title-keyed playstate alias(es), rekeyed 2; 0 conflicting alias(es) left for review
# Subtest: Maintenance card: unproven aliases are listed, folded newest-wins, or dismissed (plan playstate-episode-id-repair)
ok 810 - Maintenance card: unproven aliases are listed, folded newest-wins, or dismissed (plan playstate-episode-id-repair)
  ---
  duration_ms: 89.1858
  type: 'test'
  ...
# Subtest: title-only rows without profiles, ambiguous rows, conflicts, and dismissal restore
ok 811 - title-only rows without profiles, ambiguous rows, conflicts, and dismissal restore
  ---
  duration_ms: 37.0315
  type: 'test'
  ...
# [ShowProgressCache] Rebuilding TV show progress cache from scratch...
# [ShowProgressCache] Rebuilt and saved 0 shows to cache file.
# Subtest: streamed backup JSON is the same document getFullBackup builds
ok 812 - streamed backup JSON is the same document getFullBackup builds
  ---
  duration_ms: 5.8845
  type: 'test'
  ...
# Subtest: encrypted backup file keeps the old layout and decrypts across chunk and base64 boundaries
ok 813 - encrypted backup file keeps the old layout and decrypts across chunk and base64 boundaries
  ---
  duration_ms: 135.8921
  type: 'test'
  ...
# Subtest: a scheduled backup that died is recorded, retried an hour later, and capped at three a day
ok 814 - a scheduled backup that died is recorded, retried an hour later, and capped at three a day
  ---
  duration_ms: 39.8024
  type: 'test'
  ...
# [ShowProgressCache] Rebuilding TV show progress cache from scratch...
# [ShowProgressCache] Rebuilt and saved 0 shows to cache file.
# Subtest: the stream scanner reports the same fields and documents in pieces of any size
ok 815 - the stream scanner reports the same fields and documents in pieces of any size
  ---
  duration_ms: 4.6919
  type: 'test'
  ...
# Cron sync paused until 2026-09-30T01:50:11.415Z
# Cron sync paused until 2026-09-30T01:50:11.419Z
# Cron sync resumed
# Subtest: a server-written encrypted backup restores through the server
ok 816 - a server-written encrypted backup restores through the server
  ---
  duration_ms: 56.2963
  type: 'test'
  ...
# Subtest: a wrong passphrase or a damaged file changes nothing
ok 817 - a wrong passphrase or a damaged file changes nothing
  ---
  duration_ms: 76.17
  type: 'test'
  ...
# Cron sync paused until 2026-09-30T01:50:11.582Z
# Cron sync paused until 2026-09-30T01:50:11.584Z
# Cron sync resumed
# Subtest: a browser export (250,000 iterations) restores, and an invalid document stops it before any write
ok 818 - a browser export (250,000 iterations) restores, and an invalid document stops it before any write
  ---
  duration_ms: 158.5406
  type: 'test'
  ...
# Cron sync paused until 2026-09-30T01:50:11.731Z
# Cron sync paused until 2026-09-30T01:50:11.733Z
# Cron sync resumed
# Subtest: a backup the Restore page exported restores on the server
ok 819 - a backup the Restore page exported restores on the server
  ---
  duration_ms: 73.2269
  type: 'test'
  ...
# Cron sync paused until 2026-09-30T01:50:11.744Z
# Cron sync paused until 2026-09-30T01:50:11.749Z
# Cron sync resumed
# Subtest: an uploaded plain backup is streamed to disk, restored, and removed
ok 820 - an uploaded plain backup is streamed to disk, restored, and removed
  ---
  duration_ms: 17.2944
  type: 'test'
  ...
# [ShowProgressCache] Rebuilding TV show progress cache from scratch...
# [ShowProgressCache] Rebuilt and saved 0 shows to cache file.
# Subtest: createPlexAdaptivePoller detects newly watched items and passes them to onLibraryItemChange
ok 821 - createPlexAdaptivePoller detects newly watched items and passes them to onLibraryItemChange
  ---
  duration_ms: 207.0281
  type: 'test'
  ...
# Subtest: createPlexAdaptivePoller triggers checkUnwatched and handles unwatch callback
ok 822 - createPlexAdaptivePoller triggers checkUnwatched and handles unwatch callback
  ---
  duration_ms: 154.156
  type: 'test'
  ...
# Subtest: Plex device JWT is Ed25519-signed with bounded claims
ok 823 - Plex device JWT is Ed25519-signed with bounded claims
  ---
  duration_ms: 4.2101
  type: 'test'
  ...
# Subtest: Plex PIN creation binds the JWK in the single strong-PIN request
ok 824 - Plex PIN creation binds the JWK in the single strong-PIN request
  ---
  duration_ms: 0.7887
  type: 'test'
  ...
# Subtest: Plex cloud requests carry the stable device identity and access token
ok 825 - Plex cloud requests carry the stable device identity and access token
  ---
  duration_ms: 0.2755
  type: 'test'
  ...
# Subtest: Plex auth URL only includes a configured public return origin
ok 826 - Plex auth URL only includes a configured public return origin
  ---
  duration_ms: 0.6362
  type: 'test'
  ...
# Subtest: Plex hosted auth can request a strong PIN without opting into device JWT
ok 827 - Plex hosted auth can request a strong PIN without opting into device JWT
  ---
  duration_ms: 0.4806
  type: 'test'
  ...
# Subtest: Plex strong PIN polling requests XML and extracts the refreshable JWT
ok 828 - Plex strong PIN polling requests XML and extracts the refreshable JWT
  ---
  duration_ms: 0.9883
  type: 'test'
  ...
# Subtest: Plex strong PIN polling remains pending when Plex has not supplied a token
ok 829 - Plex strong PIN polling remains pending when Plex has not supplied a token
  ---
  duration_ms: 0.6189
  type: 'test'
  ...
# Subtest: Plex legacy PIN polling still accepts JSON responses
ok 830 - Plex legacy PIN polling still accepts JSON responses
  ---
  duration_ms: 0.3841
  type: 'test'
  ...
# Subtest: Plex refresh obtains a nonce and exchanges a signed device JWT
ok 831 - Plex refresh obtains a nonce and exchanges a signed device JWT
  ---
  duration_ms: 1.0329
  type: 'test'
  ...
# Subtest: adaptive Plex state keeps full provider GUID metadata
ok 832 - adaptive Plex state keeps full provider GUID metadata
  ---
  duration_ms: 1.7077
  type: 'test'
  ...
# Subtest: Plex episode notifications hydrate series ids from the native grandparent key
ok 833 - Plex episode notifications hydrate series ids from the native grandparent key
  ---
  duration_ms: 8.3754
  type: 'test'
  ...
# Subtest: managed Plex headers bind JWT requests to the stable device
ok 834 - managed Plex headers bind JWT requests to the stable device
  ---
  duration_ms: 0.3173
  type: 'test'
  ...
# Subtest: managed Plex requests force one refresh and retry once after HTTP 401
ok 835 - managed Plex requests force one refresh and retry once after HTTP 401
  ---
  duration_ms: 0.3607
  type: 'test'
  ...
# Subtest: parsePlexNotificationRatingKeys extracts rating keys from single object TimelineEntry
ok 836 - parsePlexNotificationRatingKeys extracts rating keys from single object TimelineEntry
  ---
  duration_ms: 1.093
  type: 'test'
  ...
# Subtest: parsePlexNotificationRatingKeys extracts rating keys from array TimelineEntry
ok 837 - parsePlexNotificationRatingKeys extracts rating keys from array TimelineEntry
  ---
  duration_ms: 0.1554
  type: 'test'
  ...
# Subtest: parsePlexNotificationRatingKeys ignores bulk library refresh activity
ok 838 - parsePlexNotificationRatingKeys ignores bulk library refresh activity
  ---
  duration_ms: 0.1694
  type: 'test'
  ...
# Subtest: parsePlexNotificationRatingKeys includes show and season containers for bulk watch-state changes
ok 839 - parsePlexNotificationRatingKeys includes show and season containers for bulk watch-state changes
  ---
  duration_ms: 0.1551
  type: 'test'
  ...
# Subtest: parsePlexNotificationRatingKeys ignores timeline entries outside supported watch-state types
ok 840 - parsePlexNotificationRatingKeys ignores timeline entries outside supported watch-state types
  ---
  duration_ms: 0.2107
  type: 'test'
  ...
# Subtest: a year-less title search does not resolve the reboot to the same-title 2001 show
ok 841 - a year-less title search does not resolve the reboot to the same-title 2001 show
  ---
  duration_ms: 705.0595
  type: 'test'
  ...
# Subtest: a watch record mixing episode imdb/tvdb ids with the show tmdb id still finds its show
ok 842 - a watch record mixing episode imdb/tvdb ids with the show tmdb id still finds its show
  ---
  duration_ms: 713.9386
  type: 'test'
  ...
# Subtest: a lone title match whose ids contradict the request's show ids is not the show
ok 843 - a lone title match whose ids contradict the request's show ids is not the show
  ---
  duration_ms: 466.459
  type: 'test'
  ...
# Subtest: a show Plex titles with a trailing qualifier resolves only when its Guids share an id
ok 844 - a show Plex titles with a trailing qualifier resolves only when its Guids share an id
  ---
  duration_ms: 590.592
  type: 'test'
  ...
# Subtest: id-less requests, requests sharing no id, and Guid-less candidates keep the first title match
ok 845 - id-less requests, requests sharing no id, and Guid-less candidates keep the first title match
  ---
  duration_ms: 404.0041
  type: 'test'
  ...
# Subtest: expired Plex JWT refreshes from the durable device key with one concurrent exchange
ok 846 - expired Plex JWT refreshes from the durable device key with one concurrent exchange
  ---
  duration_ms: 363.956
  type: 'test'
  ...
# Subtest: Plex RSS decoding does not double-unescape encoded entities
ok 847 - Plex RSS decoding does not double-unescape encoded entities
  ---
  duration_ms: 2.9122
  type: 'test'
  ...
# Subtest: a positive-offset Plex rollback is repaired after recent threshold playback
ok 848 - a positive-offset Plex rollback is repaired after recent threshold playback
  ---
  duration_ms: 0.6957
  type: 'test'
  ...
# Subtest: a rapid positive-offset rollback is repaired across threshold rounding
ok 849 - a rapid positive-offset rollback is repaired across threshold rounding
  ---
  duration_ms: 0.2109
  type: 'test'
  ...
# Subtest: ordinary Plex unwatches are not hidden by the rollback guard
ok 850 - ordinary Plex unwatches are not hidden by the rollback guard
  ---
  duration_ms: 0.1127
  type: 'test'
  ...
# Subtest: an unplayed Plex notification for a never-watched item is not an unwatch
ok 851 - an unplayed Plex notification for a never-watched item is not an unwatch
  ---
  duration_ms: 0.1163
  type: 'test'
  ...
# Subtest: an unplayed Plex notification is an unwatch when Plembfin holds a watch
ok 852 - an unplayed Plex notification is an unwatch when Plembfin holds a watch
  ---
  duration_ms: 0.209
  type: 'test'
  ...
# Subtest: failed grid images collected together are resolved by one fallback batch
ok 853 - failed grid images collected together are resolved by one fallback batch
  ---
  duration_ms: 132.3256
  type: 'test'
  ...
# Subtest: a failed fallback batch falls back to one single lookup per poster
ok 854 - a failed fallback batch falls back to one single lookup per poster
  ---
  duration_ms: 114.3923
  type: 'test'
  ...
# Subtest: a lone failed image skips the batch and uses the single fallback lookup
ok 855 - a lone failed image skips the batch and uses the single fallback lookup
  ---
  duration_ms: 107.8575
  type: 'test'
  ...
# Subtest: cache-only surfaces never queue a network fallback
ok 856 - cache-only surfaces never queue a network fallback
  ---
  duration_ms: 0.3639
  type: 'test'
  ...
# [security] Auto-generated secrets are persisted in data/config.json.
# [security] Pristine install detected - open the app to claim the administrator account. No password was generated.
# [ShowProgressCache] Rebuilding TV show progress cache from scratch...
# [ShowProgressCache] Rebuilt and saved 0 shows to cache file.
# Subtest: poster image mode redirects to cached artwork while JSON mode stays compatible
ok 857 - poster image mode redirects to cached artwork while JSON mode stays compatible
  ---
  duration_ms: 28.113
  type: 'test'
  ...
# Subtest: poster batch returns one result per requested id
ok 858 - poster batch returns one result per requested id
  ---
  duration_ms: 2.6815
  type: 'test'
  ...
# Subtest: poster batch resolves a pending manual review id from its media cache
ok 859 - poster batch resolves a pending manual review id from its media cache
  ---
  duration_ms: 13.82
  type: 'test'
  ...
# Subtest: poster batch caps the number of items it will resolve
ok 860 - poster batch caps the number of items it will resolve
  ---
  duration_ms: 22.9486
  type: 'test'
  ...
# Subtest: poster batch requires admin authentication
ok 861 - poster batch requires admin authentication
  ---
  duration_ms: 0.3695
  type: 'test'
  ...
# [ShowProgressCache] Rebuilding TV show progress cache from scratch...
# [ShowProgressCache] Rebuilt and saved 0 shows to cache file.
# Subtest: a resume-position write rebuilds no history-derived cache
ok 862 - a resume-position write rebuilds no history-derived cache
  ---
  duration_ms: 9.6934
  type: 'test'
  ...
# Subtest: a resume-position write still advances the browser's change contract
ok 863 - a resume-position write still advances the browser's change contract
  ---
  duration_ms: 0.8231
  type: 'test'
  ...
# Subtest: a watch-history write still bumps the derived-cache generation
ok 864 - a watch-history write still bumps the derived-cache generation
  ---
  duration_ms: 60.5338
  type: 'test'
  ...
# Subtest: a bare provider item id is not reused for a different provider
ok 865 - a bare provider item id is not reused for a different provider
  ---
  duration_ms: 1.7841
  type: 'test'
  ...
# Subtest: an id already listed under another provider is not reused either
ok 866 - an id already listed under another provider is not reused either
  ---
  duration_ms: 0.2849
  type: 'test'
  ...
# Subtest: a bare id with no attributable owner is still accepted
ok 867 - a bare id with no attributable owner is still accepted
  ---
  duration_ms: 0.2317
  type: 'test'
  ...
# Subtest: per-provider entries and named aliases are always honoured
ok 868 - per-provider entries and named aliases are always honoured
  ---
  duration_ms: 0.2637
  type: 'test'
  ...
# Subtest: Plex playlist client creates, reads, adds, removes, renames, and deletes
ok 869 - Plex playlist client creates, reads, adds, removes, renames, and deletes
  ---
  duration_ms: 268.4489
  type: 'test'
  ...
# Subtest: a failed Plex items read throws instead of returning an empty playlist
ok 870 - a failed Plex items read throws instead of returning an empty playlist
  ---
  duration_ms: 30.3398
  type: 'test'
  ...
# Subtest: Emby playlist client uses Emby parameter spelling and the api_key query
ok 871 - Emby playlist client uses Emby parameter spelling and the api_key query
  ---
  duration_ms: 233.2196
  type: 'test'
  ...
# Subtest: Jellyfin playlist client authenticates by header and renames through the playlist endpoint
ok 872 - Jellyfin playlist client authenticates by header and renames through the playlist endpoint
  ---
  duration_ms: 124.5358
  type: 'test'
  ...
# Subtest: reorder moves only out-of-place entries, using after-ids on Plex and indexes elsewhere
ok 873 - reorder moves only out-of-place entries, using after-ids on Plex and indexes elsewhere
  ---
  duration_ms: 730.0189
  type: 'test'
  ...
# Subtest: reorder reaches the wanted order for random orders with both move styles
ok 874 - reorder reaches the wanted order for random orders with both move styles
  ---
  duration_ms: 21.5652
  type: 'test'
  ...
# Subtest: unknown providers are rejected
ok 875 - unknown providers are rejected
  ---
  duration_ms: 0.2977
  type: 'test'
  ...
# Subtest: watch history reads use their intended indexes
ok 876 - watch history reads use their intended indexes
  ---
  duration_ms: 2.0207
  type: 'test'
  ...
# Subtest: playstate and progress reads use their intended indexes
ok 877 - playstate and progress reads use their intended indexes
  ---
  duration_ms: 0.4757
  type: 'test'
  ...
# Subtest: the TMDB summary read is a primary key lookup
ok 878 - the TMDB summary read is a primary key lookup
  ---
  duration_ms: 0.2701
  type: 'test'
  ...
# Subtest: main release metadata uses the stable release tag
ok 879 - main release metadata uses the stable release tag
  ---
  duration_ms: 1.1754
  type: 'test'
  ...
# Subtest: alpha release metadata uses the numbered prerelease tag
ok 880 - alpha release metadata uses the numbered prerelease tag
  ---
  duration_ms: 0.1592
  type: 'test'
  ...
# Subtest: release notes render categorized changes and shared release guidance
ok 881 - release notes render categorized changes and shared release guidance
  ---
  duration_ms: 0.7222
  type: 'test'
  ...
# Subtest: alpha release notes identify the build as prerelease software
ok 882 - alpha release notes identify the build as prerelease software
  ---
  duration_ms: 0.2076
  type: 'test'
  ...
# [ShowProgressCache] Rebuilding TV show progress cache from scratch...
# [ShowProgressCache] Rebuilt and saved 0 shows to cache file.
# [ShowProgressCache] Updating progress for 1 shows: Unknown Show
# [ShowProgressCache] No episode total for Unknown Show: Could not resolve TVDB ID
# [ShowProgressCache] Saved updated progress cache to file (1 shows; calculate 396.9ms, serialize 0.0ms, write 1.4ms).
# [ShowProgressCache] Updating progress for 1 shows: Unknown Show
# [ShowProgressCache] Saved updated progress cache to file (1 shows; calculate 11.2ms, serialize 0.0ms, write 1.2ms).
# [ShowProgressCache] Updating progress for 1 shows: Platonic
# [ShowProgressCache] No episode total for Platonic: Upstream request failed (connection failed before the service returned a response)
# [ShowProgressCache] Saved updated progress cache to file (1 shows; calculate 2042.3ms, serialize 0.0ms, write 0.8ms).
# [ShowProgressCache] Updating progress for 1 shows: Silo
# Subtest: Fix Match renames an unidentified show onto the matched series
ok 883 - Fix Match renames an unidentified show onto the matched series
  ---
  duration_ms: 2519.3925
  type: 'test'
  ...
# [ShowProgressCache] No episode total for Silo: Could not resolve TVDB ID
# [ShowProgressCache] Saved updated progress cache to file (1 shows; calculate 709.0ms, serialize 0.0ms, write 0.7ms).
# [ShowProgressCache] Updating progress for 1 shows: Silo
# [ShowProgressCache] No episode total for Silo: Upstream request failed (connection failed before the service returned a response)
# [ShowProgressCache] Saved updated progress cache to file (1 shows; calculate 2142.6ms, serialize 0.0ms, write 1.2ms).
# [ShowProgressCache] Updating progress for 1 shows: The Assembly (UK)
# Subtest: Fix Match onto the same show corrects ids without renaming
ok 884 - Fix Match onto the same show corrects ids without renaming
  ---
  duration_ms: 2856.8113
  type: 'test'
  ...
# [ShowProgressCache] No episode total for The Assembly (UK): Could not resolve TVDB ID
# [ShowProgressCache] Saved updated progress cache to file (1 shows; calculate 709.2ms, serialize 0.0ms, write 1.4ms).
# [ShowProgressCache] Updating progress for 1 shows: The Assembly
# [ShowProgressCache] No episode total for The Assembly: Could not resolve TVDB ID
# [ShowProgressCache] Saved updated progress cache to file (1 shows; calculate 712.2ms, serialize 0.0ms, write 0.7ms).
# [ShowProgressCache] Updating progress for 1 shows: The Assembly (UK)
# [ShowProgressCache] Saved updated progress cache to file (1 shows; calculate 0.3ms, serialize 0.0ms, write 0.6ms).
# [ShowProgressCache] Updating progress for 1 shows: The Assembly (UK)
# [ShowProgressCache] No episode total for The Assembly (UK): Upstream request failed (connection failed before the service returned a response)
# [ShowProgressCache] Saved updated progress cache to file (1 shows; calculate 2138.1ms, serialize 0.0ms, write 0.8ms).
# [ShowProgressCache] Updating progress for 1 shows: Mystery Show
# Subtest: Fix Match absorbs same-coordinate title-only rows from an unqualified title
ok 885 - Fix Match absorbs same-coordinate title-only rows from an unqualified title
  ---
  duration_ms: 3570.1897
  type: 'test'
  ...
# [ShowProgressCache] No episode total for Mystery Show: Could not resolve TVDB ID
# [ShowProgressCache] Saved updated progress cache to file (1 shows; calculate 712.1ms, serialize 0.0ms, write 1.2ms).
# [ShowProgressCache] Updating progress for 1 shows: Mystery Show
# [ShowProgressCache] No episode total for Mystery Show: Upstream request failed (connection failed before the service returned a response)
# [ShowProgressCache] Saved updated progress cache to file (1 shows; calculate 2132.9ms, serialize 0.0ms, write 0.9ms).
# [ShowProgressCache] Updating progress for 1 shows: Already Matched Show
# Subtest: Fix Match without a new name still repoints the ids
ok 886 - Fix Match without a new name still repoints the ids
  ---
  duration_ms: 2850.0078
  type: 'test'
  ...
# [ShowProgressCache] No episode total for Already Matched Show: Upstream request failed (connection failed before the service returned a response)
# [ShowProgressCache] Saved updated progress cache to file (1 shows; calculate 2132.2ms, serialize 0.0ms, write 0.9ms).
# [ShowProgressCache] Updating progress for 1 shows: Already Matched Show
# [ShowProgressCache] No episode total for Already Matched Show: Upstream request failed (connection failed before the service returned a response)
# [ShowProgressCache] Saved updated progress cache to file (1 shows; calculate 2129.8ms, serialize 0.0ms, write 1.0ms).
# [ShowProgressCache] Updating progress for 1 shows: The Grand Tour
# Subtest: Fix Match accepts selecting the show's existing TVDB identity
ok 887 - Fix Match accepts selecting the show's existing TVDB identity
  ---
  duration_ms: 4272.6581
  type: 'test'
  ...
# [ShowProgressCache] No episode total for The Grand Tour: Upstream request failed (connection failed before the service returned a response)
# [ShowProgressCache] Saved updated progress cache to file (1 shows; calculate 2130.0ms, serialize 0.0ms, write 0.9ms).
# [ShowProgressCache] Updating progress for 1 shows: The Grand Tour
# [ShowProgressCache] Saved updated progress cache to file (1 shows; calculate 0.2ms, serialize 0.0ms, write 0.8ms).
# [ShowProgressCache] Updating progress for 1 shows: Mis-Matched Show
# Subtest: Fix Match can map one TVDB season to a separate Trakt series
ok 888 - Fix Match can map one TVDB season to a separate Trakt series
  ---
  duration_ms: 2139.1323
  type: 'test'
  ...
# [ShowProgressCache] No episode total for Mis-Matched Show: Could not resolve TVDB ID
# [ShowProgressCache] Saved updated progress cache to file (1 shows; calculate 701.4ms, serialize 0.0ms, write 0.9ms).
# [ShowProgressCache] Updating progress for 1 shows: Correct Show
# [ShowProgressCache] No episode total for Correct Show: Upstream request failed (connection failed before the service returned a response)
# [ShowProgressCache] Saved updated progress cache to file (1 shows; calculate 2129.9ms, serialize 0.0ms, write 1.2ms).
# Subtest: Fix Match rebuilds the media key and moves playstate with it
ok 889 - Fix Match rebuilds the media key and moves playstate with it
  ---
  duration_ms: 2840.7018
  type: 'test'
  ...
# Subtest: every registered route module loads the registered modules it imports first
ok 890 - every registered route module loads the registered modules it imports first
  ---
  duration_ms: 62.5817
  type: 'test'
  ...
# Subtest: the global event module keeps route modules out of its static imports
ok 891 - the global event module keeps route modules out of its static imports
  ---
  duration_ms: 2.4896
  type: 'test'
  ...
# Subtest: the core graph imported by app.js contains no registered route module
ok 892 - the core graph imported by app.js contains no registered route module
  ---
  duration_ms: 5.6607
  type: 'test'
  ...
# Subtest: module groups only name registered modules
ok 893 - module groups only name registered modules
  ---
  duration_ms: 0.365
  type: 'test'
  ...
# Subtest: poster-card menus stay route-scoped instead of loading with global status
ok 894 - poster-card menus stay route-scoped instead of loading with global status
  ---
  duration_ms: 0.4051
  type: 'test'
  ...
# Subtest: every registered module that app.js binds has an initializer
ok 895 - every registered module that app.js binds has an initializer
  ---
  duration_ms: 1.1751
  type: 'test'
  ...
# Subtest: lazy wrappers never load for a render and reject unknown modules
ok 896 - lazy wrappers never load for a render and reject unknown modules
  ---
  duration_ms: 0.8511
  type: 'test'
  ...
# Subtest: S3 upload streams a large backup with its length and payload hash
ok 897 - S3 upload streams a large backup with its length and payload hash
  ---
  duration_ms: 1019.5579
  type: 'test'
  ...
# Subtest: S3 upload reports the provider's error
ok 898 - S3 upload reports the provider's error
  ---
  duration_ms: 8.643
  type: 'test'
  ...
# [ShowProgressCache] Rebuilding TV show progress cache from scratch...
# [ShowProgressCache] Rebuilt and saved 0 shows to cache file.
# Subtest: a watch propagated across servers collapses to one viewing
ok 899 - a watch propagated across servers collapses to one viewing
  ---
  duration_ms: 85.7718
  type: 'test'
  ...
# Subtest: genuine rewatches are never collapsed
ok 900 - genuine rewatches are never collapsed
  ---
  duration_ms: 12.9804
  type: 'test'
  ...
# Subtest: plays chain into a single viewing while each is inside the window
ok 901 - plays chain into a single viewing while each is inside the window
  ---
  duration_ms: 15.6009
  type: 'test'
  ...
# Subtest: episode echoes are found across provider keys and incomplete rows
ok 902 - episode echoes are found across provider keys and incomplete rows
  ---
  duration_ms: 3.354
  type: 'test'
  ...
# Subtest: the reported duplicate count matches what the cleanup would remove
ok 903 - the reported duplicate count matches what the cleanup would remove
  ---
  duration_ms: 13.0053
  type: 'test'
  ...
# Subtest: a custom window changes what counts as one viewing
ok 904 - a custom window changes what counts as one viewing
  ---
  duration_ms: 0.4257
  type: 'test'
  ...
# [security] Auto-generated secrets are persisted in data/config.json.
# [security] Pristine install detected - open the app to claim the administrator account. No password was generated.
# Subtest: Sec-Fetch-Site decides when the browser sends it
ok 905 - Sec-Fetch-Site decides when the browser sends it
  ---
  duration_ms: 1.1203
  type: 'test'
  ...
# Subtest: Origin decides when there is no Sec-Fetch-Site
ok 906 - Origin decides when there is no Sec-Fetch-Site
  ---
  duration_ms: 0.362
  type: 'test'
  ...
# Subtest: a plain-HTTP LAN status poll with only a same-origin Referer is accepted (issue 39)
ok 907 - a plain-HTTP LAN status poll with only a same-origin Referer is accepted (issue 39)
  ---
  duration_ms: 0.3776
  type: 'test'
  ...
# Subtest: a request with no Sec-Fetch-Site, Origin, or Referer is rejected
ok 908 - a request with no Sec-Fetch-Site, Origin, or Referer is rejected
  ---
  duration_ms: 0.3309
  type: 'test'
  ...
# Subtest: Jellyfin: an ambiguous title with no year or show id writes to neither same-title series
ok 909 - Jellyfin: an ambiguous title with no year or show id writes to neither same-title series
  ---
  duration_ms: 379.6486
  type: 'test'
  ...
# Subtest: Jellyfin: a same-title series whose ids contradict the request's show ids is not the show
ok 910 - Jellyfin: a same-title series whose ids contradict the request's show ids is not the show
  ---
  duration_ms: 217.9332
  type: 'test'
  ...
# Subtest: Emby: an ambiguous title with no year or show id writes to neither same-title series
ok 911 - Emby: an ambiguous title with no year or show id writes to neither same-title series
  ---
  duration_ms: 372.196
  type: 'test'
  ...
# Subtest: Emby: a same-title series whose ids contradict the request's show ids is not the show
ok 912 - Emby: a same-title series whose ids contradict the request's show ids is not the show
  ---
  duration_ms: 232.4335
  type: 'test'
  ...
# [ShowProgressCache] Rebuilding TV show progress cache from scratch...
# [ShowProgressCache] Rebuilt and saved 0 shows to cache file.
# [ShowProgressCache] Updating progress for 1 shows: Scrubs
# [ShowProgressCache] No episode total for Scrubs: Upstream request failed (connection failed before the service returned a response)
# [ShowProgressCache] Saved updated progress cache to file (1 shows; calculate 1800.0ms, serialize 0.0ms, write 1.0ms).
# [ShowProgressCache] Updating progress for 1 shows: Scrubs
# [ShowProgressCache] Saved updated progress cache to file (1 shows; calculate 10.3ms, serialize 0.0ms, write 0.9ms).
# [ShowProgressCache] Updating progress for 1 shows: Scrubs
# [ShowProgressCache] Saved updated progress cache to file (1 shows; calculate 0.4ms, serialize 0.0ms, write 0.8ms).
# [ShowProgressCache] Updating progress for 1 shows: Scrubs
# [ShowProgressCache] Saved updated progress cache to file (1 shows; calculate 0.4ms, serialize 0.0ms, write 0.7ms).
# [ShowProgressCache] Updating progress for 1 shows: Scrubs
# [ShowProgressCache] Saved updated progress cache to file (1 shows; calculate 0.2ms, serialize 0.0ms, write 0.8ms).
# [ShowProgressCache] Updating progress for 1 shows: Scrubs
# [ShowProgressCache] Saved updated progress cache to file (1 shows; calculate 0.3ms, serialize 0.0ms, write 1.1ms).
# [ShowProgressCache] Updating progress for 1 shows: Scrubs
# [ShowProgressCache] Saved updated progress cache to file (1 shows; calculate 0.4ms, serialize 0.0ms, write 0.8ms).
# [ShowProgressCache] Updating progress for 1 shows: The Assembly
# Subtest: a playstate change of one same-title show leaves the other show's row alone
ok 913 - a playstate change of one same-title show leaves the other show's row alone
  ---
  duration_ms: 10.0211
  type: 'test'
  ...
# Subtest: clearing one same-title show's episode keeps the other show's history rows
ok 914 - clearing one same-title show's episode keeps the other show's history rows
  ---
  duration_ms: 1.4669
  type: 'test'
  ...
# Subtest: a watch of one same-title show does not retire the other show's unwatch marker
ok 915 - a watch of one same-title show does not retire the other show's unwatch marker
  ---
  duration_ms: 4.9273
  type: 'test'
  ...
# Subtest: the ingest dedupe does not treat one same-title show's watch as the other's
ok 916 - the ingest dedupe does not treat one same-title show's watch as the other's
  ---
  duration_ms: 3.6696
  type: 'test'
  ...
# [ShowProgressCache] No episode total for The Assembly: Upstream request failed (connection failed before the service returned a response)
# [ShowProgressCache] Saved updated progress cache to file (1 shows; calculate 2054.4ms, serialize 0.0ms, write 2.7ms).
# Subtest: a same-title show with conflicting unproven ids is not matched by title and coordinate
ok 917 - a same-title show with conflicting unproven ids is not matched by title and coordinate
  ---
  duration_ms: 2069.1093
  type: 'test'
  ...
# Subtest: rows whose ids are proven for no show still converge by title
ok 918 - rows whose ids are proven for no show still converge by title
  ---
  duration_ms: 3.0256
  type: 'test'
  ...
# [ShowProgressCache] Rebuilding TV show progress cache from scratch...
# [ShowProgressCache] Rebuilt and saved 0 shows to cache file.
# Subtest: Jellyfin fallback requires the same false observation twice
ok 919 - Jellyfin fallback requires the same false observation twice
  ---
  duration_ms: 1.1782
  type: 'test'
  ...
# Subtest: a watched duplicate Jellyfin match prevents an unwatch inference
ok 920 - a watched duplicate Jellyfin match prevents an unwatch inference
  ---
  duration_ms: 0.1821
  type: 'test'
  ...
# [ShowProgressCache] Rebuilding TV show progress cache from scratch...
# [ShowProgressCache] Rebuilt and saved 0 shows to cache file.
# Subtest: a provider library snapshot cannot recreate a date removed from an already-watched item
ok 921 - a provider library snapshot cannot recreate a date removed from an already-watched item
  ---
  duration_ms: 0.6179
  type: 'test'
  ...
# Subtest: library history can still add genuinely unknown watched items
ok 922 - library history can still add genuinely unknown watched items
  ---
  duration_ms: 0.1219
  type: 'test'
  ...
# Subtest: an existing matching watch remains an ordinary no-op
ok 923 - an existing matching watch remains an ordinary no-op
  ---
  duration_ms: 0.0704
  type: 'test'
  ...
# Subtest: a library import never queues a review for an episode already watched in Plembfin
ok 924 - a library import never queues a review for an episode already watched in Plembfin
  ---
  duration_ms: 0.1509
  type: 'test'
  ...
# Subtest: a library review is still queued when Plembfin has no watch or is unwatched (decision 32)
ok 925 - a library review is still queued when Plembfin has no watch or is unwatched (decision 32)
  ---
  duration_ms: 0.0799
  type: 'test'
  ...
# Subtest: the non-review library paths are unchanged
ok 926 - the non-review library paths are unchanged
  ---
  duration_ms: 0.1075
  type: 'test'
  ...
# [ShowProgressCache] Rebuilding TV show progress cache from scratch...
# [ShowProgressCache] Rebuilt and saved 0 shows to cache file.
# Subtest: a newer partial play takes precedence over an older unwatched marker
ok 927 - a newer partial play takes precedence over an older unwatched marker
  ---
  duration_ms: 0.7847
  type: 'test'
  ...
# Subtest: a newer explicit unwatched marker clears older resume progress
ok 928 - a newer explicit unwatched marker clears older resume progress
  ---
  duration_ms: 0.1652
  type: 'test'
  ...
# Subtest: an unwatched marker remains authoritative when resume time is unavailable
ok 929 - an unwatched marker remains authoritative when resume time is unavailable
  ---
  duration_ms: 0.0779
  type: 'test'
  ...
# Subtest: watched state always suppresses partial-play progress
ok 930 - watched state always suppresses partial-play progress
  ---
  duration_ms: 0.0606
  type: 'test'
  ...
# Subtest: an unchanged timestamp-less server acknowledgement inherits the stored progress time
ok 931 - an unchanged timestamp-less server acknowledgement inherits the stored progress time
  ---
  duration_ms: 0.1512
  type: 'test'
  ...
# Subtest: an unchanged acknowledgement with an older source date keeps the fresh stored progress authority
ok 932 - an unchanged acknowledgement with an older source date keeps the fresh stored progress authority
  ---
  duration_ms: 0.1121
  type: 'test'
  ...
# Subtest: a newer explicit unwatch still clears progress after a stale matching acknowledgement
ok 933 - a newer explicit unwatch still clears progress after a stale matching acknowledgement
  ---
  duration_ms: 0.078
  type: 'test'
  ...
# Subtest: a blocked stale different position cannot erase newer stored progress
ok 934 - a blocked stale different position cannot erase newer stored progress
  ---
  duration_ms: 0.1
  type: 'test'
  ...
# Subtest: a newer explicit unwatch is allowed to clear stored progress
ok 935 - a newer explicit unwatch is allowed to clear stored progress
  ---
  duration_ms: 0.2539
  type: 'test'
  ...
# Subtest: generic UserData callbacks do not gain receipt-time authority
ok 936 - generic UserData callbacks do not gain receipt-time authority
  ---
  duration_ms: 0.4086
  type: 'test'
  ...
# Subtest: a watched item changing to Played=false remains an authoritative unwatch
ok 937 - a watched item changing to Played=false remains an authoritative unwatch
  ---
  duration_ms: 0.2048
  type: 'test'
  ...
# Subtest: a newer explicit unwatch still beats an unchanged timestamp-less acknowledgement
ok 938 - a newer explicit unwatch still beats an unchanged timestamp-less acknowledgement
  ---
  duration_ms: 0.0764
  type: 'test'
  ...
# Subtest: a different timestamp-less position cannot borrow stored progress authority
ok 939 - a different timestamp-less position cannot borrow stored progress authority
  ---
  duration_ms: 0.0645
  type: 'test'
  ...
# Subtest: an explicit incoming resume timestamp remains authoritative
ok 940 - an explicit incoming resume timestamp remains authoritative
  ---
  duration_ms: 0.0407
  type: 'test'
  ...
# Subtest: Emby-like item metadata dates are not mistaken for resume authority
ok 941 - Emby-like item metadata dates are not mistaken for resume authority
  ---
  duration_ms: 0.2754
  type: 'test'
  ...
# [ShowProgressCache] Rebuilding TV show progress cache from scratch...
# [ShowProgressCache] Rebuilt and saved 0 shows to cache file.
# Subtest: scheduler work detection honors explicit provider result contracts
ok 942 - scheduler work detection honors explicit provider result contracts
  ---
  duration_ms: 0.6523
  type: 'test'
  ...
# Subtest: a step that outlasts its budget is logged as still running, not failed, and its finish is logged
ok 943 - a step that outlasts its budget is logged as still running, not failed, and its finish is logged
  ---
  duration_ms: 126.4379
  type: 'test'
  ...
# Subtest: a step that fails after outlasting its budget still logs the failure
ok 944 - a step that fails after outlasting its budget still logs the failure
  ---
  duration_ms: 108.3375
  type: 'test'
  ...
# Subtest: a step that fails within its budget is logged as failed
ok 945 - a step that fails within its budget is logged as failed
  ---
  duration_ms: 0.5423
  type: 'test'
  ...
# Subtest: a tick is recorded even when it returns before running a step
ok 946 - a tick is recorded even when it returns before running a step
  ---
  duration_ms: 2.0415
  type: 'test'
  ...
# Subtest: the achieved interval is the gap between tick starts, not the nominal cadence
ok 947 - the achieved interval is the gap between tick starts, not the nominal cadence
  ---
  duration_ms: 0.2372
  type: 'test'
  ...
# Subtest: the telemetry snapshot is a copy, so a caller cannot mutate the history
ok 948 - the telemetry snapshot is a copy, so a caller cannot mutate the history
  ---
  duration_ms: 0.3046
  type: 'test'
  ...
# [ShowProgressCache] Rebuilding TV show progress cache from scratch...
# [ShowProgressCache] Rebuilt and saved 0 shows to cache file.
# [security] Auto-generated secrets are persisted in data/config.json.
# [security] Pristine install detected - open the app to claim the administrator account. No password was generated.
# Subtest: a fast tick still waits out the rest of its own period
ok 949 - a fast tick still waits out the rest of its own period
  ---
  duration_ms: 1.588
  type: 'test'
  ...
# Subtest: the period stays constant regardless of how long the tick took
ok 950 - the period stays constant regardless of how long the tick took
  ---
  duration_ms: 0.1501
  type: 'test'
  ...
# Subtest: an overrunning tick skips the periods it consumed instead of bursting
ok 951 - an overrunning tick skips the periods it consumed instead of bursting
  ---
  duration_ms: 0.0979
  type: 'test'
  ...
# Subtest: an exact multiple waits a whole period rather than re-entering instantly
ok 952 - an exact multiple waits a whole period rather than re-entering instantly
  ---
  duration_ms: 0.0981
  type: 'test'
  ...
# Subtest: the delay is always a positive value inside one period
ok 953 - the delay is always a positive value inside one period
  ---
  duration_ms: 0.1691
  type: 'test'
  ...
# Subtest: a non-finite elapsed value is treated as no time spent
ok 954 - a non-finite elapsed value is treated as no time spent
  ---
  duration_ms: 0.1714
  type: 'test'
  ...
# Subtest: 60 ticks hold their intended wall clock, which is the regression that mattered
ok 955 - 60 ticks hold their intended wall clock, which is the regression that mattered
  ---
  duration_ms: 1.0185
  type: 'test'
  ...
# [ShowProgressCache] Rebuilding TV show progress cache from scratch...
# [ShowProgressCache] Rebuilt and saved 0 shows to cache file.
# [ShowProgressCache] Updating progress for 1 shows: The Curse of Oak Island
# [ShowProgressCache] Saved updated progress cache to file (1 shows; calculate 3.2ms, serialize 0.0ms, write 1.0ms).
# [ShowProgressCache] No episode total for The Curse of Oak Island: Cannot read properties of null (reading 'external_ids')
# [dataRepo] backfillMissingEpisodeSeasons: recovered 1 of 1 season numbers
# [ShowProgressCache] Updating progress for 1 shows: Sons of Anarchy
# [ShowProgressCache] No episode total for Sons of Anarchy: Cannot read properties of null (reading 'external_ids')
# [ShowProgressCache] Saved updated progress cache to file (1 shows; calculate 1.0ms, serialize 0.0ms, write 0.8ms).
# Subtest: a season number missing from the row is recovered from the title
ok 956 - a season number missing from the row is recovered from the title
  ---
  duration_ms: 62.0879
  type: 'test'
  ...
# [dataRepo] backfillMissingEpisodeSeasons: recovered 1 of 1 season numbers
# [ShowProgressCache] Updating progress for 1 shows: Nameless Coordinates
# [ShowProgressCache] No episode total for Nameless Coordinates: Cannot read properties of null (reading 'external_ids')
# [ShowProgressCache] Saved updated progress cache to file (1 shows; calculate 0.9ms, serialize 0.0ms, write 0.8ms).
# Subtest: watched state follows the rebuilt key
ok 957 - watched state follows the rebuilt key
  ---
  duration_ms: 8.5615
  type: 'test'
  ...
# Subtest: a title with no season marker is left alone
ok 958 - a title with no season marker is left alone
  ---
  duration_ms: 4.1475
  type: 'test'
  ...
# [ShowProgressCache] Rebuilding TV show progress cache from scratch...
# [ShowProgressCache] Rebuilt and saved 0 shows to cache file.
# [ShowProgressCache] Updating progress for 1 shows: Release Date Show
# [ShowProgressCache] No episode total for Release Date Show: Could not resolve TVDB ID
# [ShowProgressCache] Saved updated progress cache to file (1 shows; calculate 392.0ms, serialize 0.0ms, write 0.8ms).
# [ShowProgressCache] Updating progress for 1 shows: Release Date Show
# [ShowProgressCache] Saved updated progress cache to file (1 shows; calculate 12.9ms, serialize 0.0ms, write 1.0ms).
# [ShowProgressCache] Updating progress for 1 shows: Release Date Show
# [ShowProgressCache] Saved updated progress cache to file (1 shows; calculate 0.7ms, serialize 0.0ms, write 0.9ms).
# [ShowProgressCache] Updating progress for 1 shows: Release Date Show
# [ShowProgressCache] Saved updated progress cache to file (1 shows; calculate 0.5ms, serialize 0.0ms, write 0.9ms).
# [ShowProgressCache] Updating progress for 1 shows: Release Date Show
# [ShowProgressCache] Saved updated progress cache to file (1 shows; calculate 0.4ms, serialize 0.0ms, write 0.9ms).
# [ShowProgressCache] Updating progress for 1 shows: Release Date Show
# [ShowProgressCache] Saved updated progress cache to file (1 shows; calculate 0.3ms, serialize 0.0ms, write 0.7ms).
# Subtest: bulk season date updates stamp only the selected rows
ok 959 - bulk season date updates stamp only the selected rows
  ---
  duration_ms: 460.236
  type: 'test'
  ...
# Subtest: history exposes real rewatches but hides same-event echoes
ok 960 - history exposes real rewatches but hides same-event echoes
  ---
  duration_ms: 32.9717
  type: 'test'
  ...
# Series identity resolved for episode {
#   source: 'jellyfin',
#   title: 'Ted Lasso - S04E04',
#   seriesItemId: 'series-ted',
#   episodeIds: { imdb: 'tt38494466', tmdb: undefined, tvdb: '11767184' },
#   seriesIds: { imdb: 'tt10986410', tmdb: '97546', tvdb: '383203' }
# }
# Subtest: a library-history episode resolves series ids instead of keeping its own episode ids
ok 961 - a library-history episode resolves series ids instead of keeping its own episode ids
  ---
  duration_ms: 5.768
  type: 'test'
  ...
# Subtest: series identity lookup tolerates an unavailable provider and preserves the episode payload
ok 962 - series identity lookup tolerates an unavailable provider and preserves the episode payload
  ---
  duration_ms: 0.2588
  type: 'test'
  ...
# Subtest: settings routes resolve flat sections and panels
ok 963 - settings routes resolve flat sections and panels
  ---
  duration_ms: 1.677
  type: 'test'
  ...
# Subtest: every section produces a routable canonical path with visible content
ok 964 - every section produces a routable canonical path with visible content
  ---
  duration_ms: 0.4306
  type: 'test'
  ...
# Subtest: parent group routes aggregate every child's panel into one view list
ok 965 - parent group routes aggregate every child's panel into one view list
  ---
  duration_ms: 0.2497
  type: 'test'
  ...
# Subtest: legacy and invalid settings routes normalize safely
ok 966 - legacy and invalid settings routes normalize safely
  ---
  duration_ms: 0.2304
  type: 'test'
  ...
# Subtest: forced password changes always resolve to account
ok 967 - forced password changes always resolve to account
  ---
  duration_ms: 0.2866
  type: 'test'
  ...
# Subtest: choice fields render accessible radio options
ok 968 - choice fields render accessible radio options
  ---
  duration_ms: 1.1791
  type: 'test'
  ...
# Subtest: collectFieldValues returns only the checked choice
ok 969 - collectFieldValues returns only the checked choice
  ---
  duration_ms: 0.7237
  type: 'test'
  ...
# Subtest: checkbox fields render with their persisted state
ok 970 - checkbox fields render with their persisted state
  ---
  duration_ms: 0.2812
  type: 'test'
  ...
# [ShowProgressCache] Rebuilding TV show progress cache from scratch...
# [ShowProgressCache] Rebuilt and saved 0 shows to cache file.
# Subtest: concurrent TV show reads share one in-flight rebuild
ok 971 - concurrent TV show reads share one in-flight rebuild
  ---
  duration_ms: 11.5945
  type: 'test'
  ...
# Subtest: an empty show-set variant remains cached
ok 972 - an empty show-set variant remains cached
  ---
  duration_ms: 1.6594
  type: 'test'
  ...
# Subtest: a show stored under one identifier is found by any of its others
ok 973 - a show stored under one identifier is found by any of its others
  ---
  duration_ms: 0.8381
  type: 'test'
  ...
# Subtest: an unrelated show is not served from the cache
ok 974 - an unrelated show is not served from the cache
  ---
  duration_ms: 0.1834
  type: 'test'
  ...
# Subtest: the cached show expires rather than being held indefinitely
ok 975 - the cached show expires rather than being held indefinitely
  ---
  duration_ms: 0.1319
  type: 'test'
  ...
# Subtest: clearing the cache maps drops the cached show
ok 976 - clearing the cache maps drops the cached show
  ---
  duration_ms: 0.108
  type: 'test'
  ...
# Subtest: a show with no usable identifier is not cached
ok 977 - a show with no usable identifier is not cached
  ---
  duration_ms: 0.1556
  type: 'test'
  ...
# Subtest: show detail unwatch tombstones do not resurrect an older dashboard watch
ok 978 - show detail unwatch tombstones do not resurrect an older dashboard watch
  ---
  duration_ms: 2.2226
  type: 'test'
  ...
# Subtest: a stale provider watch cannot repaint an episode after its local unwatch
ok 979 - a stale provider watch cannot repaint an episode after its local unwatch
  ---
  duration_ms: 2.7926
  type: 'test'
  ...
# [ShowProgressCache] Rebuilding TV show progress cache from scratch...
# [ShowProgressCache] Rebuilt and saved 0 shows to cache file.
# [ShowProgressCache] Updating progress for 1 shows: The Office
# [ShowProgressCache] No episode total for The Office: Could not resolve TVDB ID
# [ShowProgressCache] Saved updated progress cache to file (1 shows; calculate 400.8ms, serialize 0.0ms, write 0.8ms).
# [ShowProgressCache] Updating progress for 1 shows: The Office
# [ShowProgressCache] Saved updated progress cache to file (1 shows; calculate 9.3ms, serialize 0.0ms, write 0.7ms).
# [ShowProgressCache] Updating progress for 1 shows: The Office
# [ShowProgressCache] Saved updated progress cache to file (1 shows; calculate 0.7ms, serialize 0.0ms, write 1.0ms).
# [ShowProgressCache] Updating progress for 1 shows: The Office
# [ShowProgressCache] Saved updated progress cache to file (1 shows; calculate 0.3ms, serialize 0.0ms, write 1.0ms).
# [ShowProgressCache] Updating progress for 1 shows: Folded Show
# Subtest: same-title shows stay separate by provider identity in listing, preview, and detail
ok 980 - same-title shows stay separate by provider identity in listing, preview, and detail
  ---
  duration_ms: 490.5693
  type: 'test'
  ...
# [ShowProgressCache] No episode total for Folded Show: Could not resolve TVDB ID
# [ShowProgressCache] Saved updated progress cache to file (1 shows; calculate 608.7ms, serialize 0.0ms, write 0.7ms).
# [ShowProgressCache] Updating progress for 1 shows: Folded Show
# [ShowProgressCache] Saved updated progress cache to file (1 shows; calculate 0.4ms, serialize 0.0ms, write 0.7ms).
# [ShowProgressCache] Updating progress for 1 shows: Folded Show
# [ShowProgressCache] Saved updated progress cache to file (1 shows; calculate 0.3ms, serialize 0.0ms, write 0.8ms).
# [ShowProgressCache] Updating progress for 1 shows: Twin Reboot
# Subtest: a lone same-title row folded into a cluster does not lend it a TVDB id from another TMDB show
ok 981 - a lone same-title row folded into a cluster does not lend it a TVDB id from another TMDB show
  ---
  duration_ms: 619.9003
  type: 'test'
  ...
# [ShowProgressCache] No episode total for Twin Reboot: Upstream request failed (connection failed before the service returned a response)
# [ShowProgressCache] Saved updated progress cache to file (1 shows; calculate 2133.0ms, serialize 0.0ms, write 1.4ms).
# [ShowProgressCache] Updating progress for 1 shows: Twin Reboot
# [ShowProgressCache] Saved updated progress cache to file (1 shows; calculate 0.4ms, serialize 0.0ms, write 1.0ms).
# [ShowProgressCache] Updating progress for 1 shows: Twin Reboot
# [ShowProgressCache] Saved updated progress cache to file (1 shows; calculate 0.5ms, serialize 0.0ms, write 1.1ms).
# [ShowProgressCache] Updating progress for 1 shows: Index Probe
# Subtest: a lone same-title row whose TMDB and TVDB ids both disagree keeps its own show in the preview
ok 982 - a lone same-title row whose TMDB and TVDB ids both disagree keeps its own show in the preview
  ---
  duration_ms: 2152.6114
  type: 'test'
  ...
# [ShowProgressCache] No episode total for Index Probe: Could not resolve TVDB ID
# [ShowProgressCache] Saved updated progress cache to file (1 shows; calculate 693.1ms, serialize 0.0ms, write 1.3ms).
# [ShowProgressCache] Updating progress for 1 shows: Index Probe
# [ShowProgressCache] Saved updated progress cache to file (1 shows; calculate 0.3ms, serialize 0.0ms, write 1.1ms).
# [ShowProgressCache] Updating progress for 1 shows: Index Probe Alt Name
# [ShowProgressCache] No episode total for Index Probe Alt Name: Could not resolve TVDB ID
# [ShowProgressCache] Saved updated progress cache to file (1 shows; calculate 708.8ms, serialize 0.0ms, write 0.8ms).
# Subtest: show detail through a reused episode-row snapshot matches a fresh read
ok 983 - show detail through a reused episode-row snapshot matches a fresh read
  ---
  duration_ms: 1412.6408
  type: 'test'
  ...
# [ShowProgressCache] Rebuilding TV show progress cache from scratch...
# [ShowProgressCache] Rebuilt and saved 0 shows to cache file.
# [ShowProgressCache] Updating progress for 1 shows: Wrong Show
# [ShowProgressCache] No episode total for Wrong Show: Cannot read properties of null (reading 'external_ids')
# [ShowProgressCache] Saved updated progress cache to file (1 shows; calculate 3.4ms, serialize 0.0ms, write 0.9ms).
# [ShowProgressCache] Updating progress for 2 shows: Wrong Show, Right Show
# [ShowProgressCache] No episode total for Right Show: Cannot read properties of null (reading 'external_ids')
# [ShowProgressCache] Saved updated progress cache to file (2 shows; calculate 47.5ms, serialize 0.0ms, write 1.2ms).
# [ShowProgressCache] Updating progress for 2 shows: Wrong Show, Right Show
# [ShowProgressCache] No episode total for Wrong Show: Cannot read properties of null (reading 'external_ids')
# [ShowProgressCache] Saved updated progress cache to file (2 shows; calculate 1.2ms, serialize 0.0ms, write 0.9ms).
# Subtest: show merges are listed and can be undone
ok 984 - show merges are listed and can be undone
  ---
  duration_ms: 83.0961
  type: 'test'
  ...
# Subtest: sidebar primary destinations resolve to browser-friendly paths
ok 985 - sidebar primary destinations resolve to browser-friendly paths
  ---
  duration_ms: 0.6162
  type: 'test'
  ...
# Subtest: sidebar special and nested destinations resolve correctly
ok 986 - sidebar special and nested destinations resolve correctly
  ---
  duration_ms: 0.1495
  type: 'test'
  ...
# Subtest: parseSiteImpactTrailer reads a none decision, case-insensitively
ok 987 - parseSiteImpactTrailer reads a none decision, case-insensitively
  ---
  duration_ms: 1.4821
  type: 'test'
  ...
# Subtest: parseSiteImpactTrailer reads one or several guides
ok 988 - parseSiteImpactTrailer reads one or several guides
  ---
  duration_ms: 0.2537
  type: 'test'
  ...
# Subtest: parseSiteImpactTrailer returns null when absent
ok 989 - parseSiteImpactTrailer returns null when absent
  ---
  duration_ms: 0.115
  type: 'test'
  ...
# Subtest: parseSiteImpactTrailer takes the last occurrence when a line is corrected
ok 990 - parseSiteImpactTrailer takes the last occurrence when a line is corrected
  ---
  duration_ms: 0.0789
  type: 'test'
  ...
# Subtest: a mapped change passes once its guide differs in the released website tree
ok 991 - a mapped change passes once its guide differs in the released website tree
  ---
  duration_ms: 1.8574
  type: 'test'
  ...
# Subtest: a mapped change fails while its guide is not updated
ok 992 - a mapped change fails while its guide is not updated
  ---
  duration_ms: 0.4371
  type: 'test'
  ...
# Subtest: the guide update does not need to be in the release commits
ok 993 - the guide update does not need to be in the release commits
  ---
  duration_ms: 0.2207
  type: 'test'
  ...
# Subtest: a guide the release review found still accurate passes without an edit
ok 994 - a guide the release review found still accurate passes without an edit
  ---
  duration_ms: 0.197
  type: 'test'
  ...
# Subtest: site-impact: none needs no guide
ok 995 - site-impact: none needs no guide
  ---
  duration_ms: 0.4652
  type: 'test'
  ...
# Subtest: a site-impact note replaces the file mapping for its commit
ok 996 - a site-impact note replaces the file mapping for its commit
  ---
  duration_ms: 0.3688
  type: 'test'
  ...
# Subtest: a guide named by a note must be updated even with no mapped file
ok 997 - a guide named by a note must be updated even with no mapped file
  ---
  duration_ms: 0.1617
  type: 'test'
  ...
# Subtest: a note naming an unknown guide fails
ok 998 - a note naming an unknown guide fails
  ---
  duration_ms: 0.1545
  type: 'test'
  ...
# Subtest: a note naming a renamed guide's former slug needs the renamed guide
ok 999 - a note naming a renamed guide's former slug needs the renamed guide
  ---
  duration_ms: 0.139
  type: 'test'
  ...
# Subtest: a later none note does not cancel an earlier commit's need
ok 1000 - a later none note does not cancel an earlier commit's need
  ---
  duration_ms: 0.1441
  type: 'test'
  ...
# Subtest: an uncatalogued app path with no note is listed for review, not failed
ok 1001 - an uncatalogued app path with no note is listed for review, not failed
  ---
  duration_ms: 0.2243
  type: 'test'
  ...
# Subtest: release bookkeeping and website-only infrastructure changes are out of scope
ok 1002 - release bookkeeping and website-only infrastructure changes are out of scope
  ---
  duration_ms: 8.5605
  type: 'test'
  ...
# Subtest: release-bookkeeping commits are excluded from the walk entirely
ok 1003 - release-bookkeeping commits are excluded from the walk entirely
  ---
  duration_ms: 0.1297
  type: 'test'
  ...
# Subtest: formatWebsiteContentImpactFailure names the guide, commit, and files
ok 1004 - formatWebsiteContentImpactFailure names the guide, commit, and files
  ---
  duration_ms: 0.1816
  type: 'test'
  ...
# Subtest: the SPA fallback stays fast while combined-role startup work runs
ok 1005 - the SPA fallback stays fast while combined-role startup work runs
  ---
  duration_ms: 3996.7863
  type: 'test'
  ...
# [ShowProgressCache] Rebuilding TV show progress cache from scratch...
# [ShowProgressCache] Rebuilt and saved 0 shows to cache file.
# [ShowProgressCache] Updating progress for 1 shows: The 'Burbs
# [ShowProgressCache] No episode total for The 'Burbs: Could not resolve TVDB ID
# [ShowProgressCache] Saved updated progress cache to file (1 shows; calculate 394.2ms, serialize 0.0ms, write 2.0ms).
# [ShowProgressCache] Updating progress for 1 shows: The 'Burbs
# [ShowProgressCache] Saved updated progress cache to file (1 shows; calculate 6.0ms, serialize 0.0ms, write 0.8ms).
# [ShowProgressCache] Updating progress for 1 shows: Silo
# Subtest: auditSplitIdentityUnwatches flags a watched row shadowed by a later unwatch under a different media_key
ok 1006 - auditSplitIdentityUnwatches flags a watched row shadowed by a later unwatch under a different media_key
  ---
  duration_ms: 451.6778
  type: 'test'
  ...
# [ShowProgressCache] No episode total for Silo: Could not resolve TVDB ID
# [ShowProgressCache] Saved updated progress cache to file (1 shows; calculate 634.2ms, serialize 0.0ms, write 0.9ms).
# [ShowProgressCache] Updating progress for 1 shows: Reacher
# [ShowProgressCache] Saved updated progress cache to file (1 shows; calculate 0.3ms, serialize 0.0ms, write 0.8ms).
# [ShowProgressCache] Updating progress for 1 shows: Reacher
# Subtest: auditSplitIdentityUnwatches ignores a normal watch-then-unwatch under the same media_key
ok 1007 - auditSplitIdentityUnwatches ignores a normal watch-then-unwatch under the same media_key
  ---
  duration_ms: 637.6085
  type: 'test'
  ...
# [ShowProgressCache] No episode total for Reacher: Could not resolve TVDB ID
# [ShowProgressCache] Saved updated progress cache to file (1 shows; calculate 707.9ms, serialize 0.0ms, write 0.9ms).
# [ShowProgressCache] Updating progress for 1 shows: G'wed
# Subtest: auditSplitIdentityUnwatches ignores an unwatch that predates the watched row (not a shadowing case)
ok 1008 - auditSplitIdentityUnwatches ignores an unwatch that predates the watched row (not a shadowing case)
  ---
  duration_ms: 713.4091
  type: 'test'
  ...
# [ShowProgressCache] No episode total for G'wed: Could not resolve TVDB ID
# [ShowProgressCache] Saved updated progress cache to file (1 shows; calculate 710.7ms, serialize 0.0ms, write 1.5ms).
# [ShowProgressCache] Updating progress for 1 shows: G'wed
# [ShowProgressCache] Saved updated progress cache to file (1 shows; calculate 0.3ms, serialize 0.0ms, write 0.9ms).
# [ShowProgressCache] Updating progress for 2 shows: G'wed, The 'Burbs
# [ShowProgressCache] Saved updated progress cache to file (2 shows; calculate 0.5ms, serialize 0.0ms, write 0.8ms).
# Subtest: repairSplitIdentityUnwatches deletes the shadowing row and restores playstate to watched
ok 1009 - repairSplitIdentityUnwatches deletes the shadowing row and restores playstate to watched
  ---
  duration_ms: 732.7166
  type: 'test'
  ...
# [ShowProgressCache] Rebuilding TV show progress cache from scratch...
# [ShowProgressCache] Rebuilt and saved 0 shows to cache file.
# [ShowProgressCache] Updating progress for 1 shows: The 'Burbs
# [ShowProgressCache] No episode total for The 'Burbs: Could not resolve TVDB ID
# [ShowProgressCache] Saved updated progress cache to file (1 shows; calculate 393.1ms, serialize 0.0ms, write 1.0ms).
# [ShowProgressCache] Updating progress for 1 shows: The 'Burbs
# [ShowProgressCache] Saved updated progress cache to file (1 shows; calculate 3.1ms, serialize 0.0ms, write 1.1ms).
# [ShowProgressCache] Updating progress for 1 shows: Silo
# Subtest: auditStalePendingWatchRows finds rows with no telemetry regardless of source
ok 1010 - auditStalePendingWatchRows finds rows with no telemetry regardless of source
  ---
  duration_ms: 454.4617
  type: 'test'
  ...
# [ShowProgressCache] No episode total for Silo: Could not resolve TVDB ID
# [ShowProgressCache] Saved updated progress cache to file (1 shows; calculate 630.9ms, serialize 0.0ms, write 1.4ms).
# [ShowProgressCache] Updating progress for 1 shows: Silo
# [ShowProgressCache] Saved updated progress cache to file (1 shows; calculate 0.3ms, serialize 0.0ms, write 1.0ms).
# [ShowProgressCache] Updating progress for 1 shows: The 'Burbs
# [ShowProgressCache] Saved updated progress cache to file (1 shows; calculate 0.4ms, serialize 0.0ms, write 0.8ms).
# [ShowProgressCache] Updating progress for 1 shows: Silo
# [ShowProgressCache] Saved updated progress cache to file (1 shows; calculate 0.3ms, serialize 0.0ms, write 0.9ms).
# [ShowProgressCache] Updating progress for 1 shows: The 'Burbs
# [ShowProgressCache] Saved updated progress cache to file (1 shows; calculate 0.3ms, serialize 0.0ms, write 0.8ms).
# Subtest: auditStalePendingWatchRows finds a row whose retries are already exhausted
ok 1011 - auditStalePendingWatchRows finds a row whose retries are already exhausted
  ---
  duration_ms: 637.9903
  type: 'test'
  ...
# Subtest: repairStalePendingWatchRows resets retry bookkeeping without touching a row's own telemetry text
ok 1012 - repairStalePendingWatchRows resets retry bookkeeping without touching a row's own telemetry text
  ---
  duration_ms: 9.2651
  type: 'test'
  ...
# Subtest: stats payload keeps a compact period index and selects one report
ok 1013 - stats payload keeps a compact period index and selects one report
  ---
  duration_ms: 1.4192
  type: 'test'
  ...
# Subtest: stats payload falls back to all for an unknown period
ok 1014 - stats payload falls back to all for an unknown period
  ---
  duration_ms: 0.7707
  type: 'test'
  ...
# [ShowProgressCache] Rebuilding TV show progress cache from scratch...
# [ShowProgressCache] Rebuilt and saved 0 shows to cache file.
# Subtest: stats includes watch rows beyond the 25,000-row API safety limit
ok 1015 - stats includes watch rows beyond the 25,000-row API safety limit
  ---
  duration_ms: 3828.0006
  type: 'test'
  ...
# [security] Auto-generated secrets are persisted in data/config.json.
# [security] Pinned secrets were loaded from the environment.
# [security] Pristine install detected - open the app to claim the administrator account. No password was generated.
# [ShowProgressCache] Rebuilding TV show progress cache from scratch...
# [ShowProgressCache] Rebuilt and saved 0 shows to cache file.
# Retry sync activity group failed Error: Sync activity group not found
#     at listCurrentSyncActivityGroupRetryableEntries (file:///C:/Github/plembfin/server/src/routes/sync.js:1578:51)
#     at async retrySyncActivityGroup (file:///C:/Github/plembfin/server/src/routes/sync.js:1594:30)
#     at async handleRetrySyncActivityGroup (file:///C:/Github/plembfin/server/src/routes/sync.js:1707:20)
#     at async TestContext.<anonymous> (file:///C:/Github/plembfin/test/syncActivityErrorResponses.test.js:41:3)
#     at async Test.run (node:internal/test_runner/test:1054:7)
#     at async startSubtestAfterBootstrap (node:internal/test_runner/harness:296:3) {
#   status: 404
# }
# Subtest: retrying a missing sync activity group returns a safe public error
ok 1016 - retrying a missing sync activity group returns a safe public error
  ---
  duration_ms: 2.735
  type: 'test'
  ...
# Subtest: library no-match skips are not failures or retryable activity
ok 1017 - library no-match skips are not failures or retryable activity
  ---
  duration_ms: 1.2719
  type: 'test'
  ...
# Subtest: a real Trakt failure remains visible when another target has no match
ok 1018 - a real Trakt failure remains visible when another target has no match
  ---
  duration_ms: 0.513
  type: 'test'
  ...
# Subtest: Trakt not_found episode failures offer a show-match repair
ok 1019 - Trakt not_found episode failures offer a show-match repair
  ---
  duration_ms: 0.3662
  type: 'test'
  ...
# Subtest: current issue markup shows every destination response and targeted Trakt actions
ok 1020 - current issue markup shows every destination response and targeted Trakt actions
  ---
  duration_ms: 19.5107
  type: 'test'
  ...
# Subtest: sync activity groups repeated checkpoints and exposes every event
ok 1021 - sync activity groups repeated checkpoints and exposes every event
  ---
  duration_ms: 5.8368
  type: 'test'
  ...
# Subtest: episode activity groups by show while retaining episode events
ok 1022 - episode activity groups by show while retaining episode events
  ---
  duration_ms: 1.6317
  type: 'test'
  ...
# Subtest: resolved duplicate item events stop counting as live issues
ok 1023 - resolved duplicate item events stop counting as live issues
  ---
  duration_ms: 2.4017
  type: 'test'
  ...
# Subtest: the newest unresolved result is the only live issue for an item
ok 1024 - the newest unresolved result is the only live issue for an item
  ---
  duration_ms: 1.6126
  type: 'test'
  ...
# Subtest: resolved duplicate movie events stop being retryable
ok 1025 - resolved duplicate movie events stop being retryable
  ---
  duration_ms: 2.3437
  type: 'test'
  ...
# Subtest: missing library media is skipped, while a Trakt error remains an issue
ok 1026 - missing library media is skipped, while a Trakt error remains an issue
  ---
  duration_ms: 3.3064
  type: 'test'
  ...
# Subtest: sync activity pagination shows a compact window around the current page
ok 1027 - sync activity pagination shows a compact window around the current page
  ---
  duration_ms: 1.7379
  type: 'test'
  ...
# Subtest: sync activity groups sort newest-first with an id tie-breaker
ok 1028 - sync activity groups sort newest-first with an id tie-breaker
  ---
  duration_ms: 0.4948
  type: 'test'
  ...
# Subtest: sync activity groups use the newest nested event when the envelope is stale
ok 1029 - sync activity groups use the newest nested event when the envelope is stale
  ---
  duration_ms: 0.188
  type: 'test'
  ...
# [security] Auto-generated secrets are persisted in data/config.json.
# [security] Pristine install detected - open the app to claim the administrator account. No password was generated.
# [ShowProgressCache] Rebuilding TV show progress cache from scratch...
# [ShowProgressCache] Rebuilt and saved 0 shows to cache file.
# Subtest: restore failures become actionable attention items with split-episode guidance
ok 1030 - restore failures become actionable attention items with split-episode guidance
  ---
  duration_ms: 4.463
  type: 'test'
  ...
# Subtest: structured restore failures expose every play with a local repair link
ok 1031 - structured restore failures expose every play with a local repair link
  ---
  duration_ms: 0.5833
  type: 'test'
  ...
# Subtest: media-server restore failures expose target-specific repair actions
ok 1032 - media-server restore failures expose target-specific repair actions
  ---
  duration_ms: 0.5083
  type: 'test'
  ...
# Subtest: media-server restore failures remain repairable when only the playstate key was retained
ok 1033 - media-server restore failures remain repairable when only the playstate key was retained
  ---
  duration_ms: 0.3326
  type: 'test'
  ...
# Subtest: expected media availability skips do not become restore blockers
ok 1034 - expected media availability skips do not become restore blockers
  ---
  duration_ms: 0.7047
  type: 'test'
  ...
# Subtest: intentional cancellation/reset results do not become blockers and skips are durable
ok 1035 - intentional cancellation/reset results do not become blockers and skips are durable
  ---
  duration_ms: 0.6182
  type: 'test'
  ...
# Subtest: failed initial imports are surfaced while cancelled imports remain quiet
ok 1036 - failed initial imports are surfaced while cancelled imports remain quiet
  ---
  duration_ms: 0.4097
  type: 'test'
  ...
# Subtest: skipping the matching restore blocker records an exception and releases only its restore lock
ok 1037 - skipping the matching restore blocker records an exception and releases only its restore lock
  ---
  duration_ms: 2.648
  type: 'test'
  ...
# Subtest: individual restore issues can be skipped while the restore fence remains until the last one
ok 1038 - individual restore issues can be skipped while the restore fence remains until the last one
  ---
  duration_ms: 2.5227
  type: 'test'
  ...
# Subtest: multiple restore issues can be skipped at once with skip-items releasing the restore fence
ok 1039 - multiple restore issues can be skipped at once with skip-items releasing the restore fence
  ---
  duration_ms: 1.2292
  type: 'test'
  ...
# Subtest: sync status reflects current activity issues after an otherwise idle run
ok 1040 - sync status reflects current activity issues after an otherwise idle run
  ---
  duration_ms: 2.0881
  type: 'test'
  ...
# Subtest: cross-platform match issues render in the Sync Activity attention panel
ok 1041 - cross-platform match issues render in the Sync Activity attention panel
  ---
  duration_ms: 1.281
  type: 'test'
  ...
# Subtest: restore attention rows expose a target-specific retry action alongside skip
ok 1042 - restore attention rows expose a target-specific retry action alongside skip
  ---
  duration_ms: 14.4324
  type: 'test'
  ...
# Subtest: client attention keeps the affected media and a safe retry payload
ok 1043 - client attention keeps the affected media and a safe retry payload
  ---
  duration_ms: 1.98
  type: 'test'
  ...
# Subtest: media-server rows with retained source data stay retryable when the capability flag is stale
ok 1044 - media-server rows with retained source data stay retryable when the capability flag is stale
  ---
  duration_ms: 0.2116
  type: 'test'
  ...
# Subtest: restore attention rows without repair data do not advertise a retry
ok 1045 - restore attention rows without repair data do not advertise a retry
  ---
  duration_ms: 0.1405
  type: 'test'
  ...
# Subtest: groupAttentionIssues groups episodes by show and separates movies
ok 1046 - groupAttentionIssues groups episodes by show and separates movies
  ---
  duration_ms: 0.4559
  type: 'test'
  ...
# Subtest: attentionIssueList groups multiple show episodes under an expandable show group
ok 1047 - attentionIssueList groups multiple show episodes under an expandable show group
  ---
  duration_ms: 0.7637
  type: 'test'
  ...
# Subtest: parseTelemetryTargetStates reads both telemetry formats and progress lines
ok 1048 - parseTelemetryTargetStates reads both telemetry formats and progress lines
  ---
  duration_ms: 1.7846
  type: 'test'
  ...
# Subtest: success-only telemetry produces an empty report
ok 1049 - success-only telemetry produces an empty report
  ---
  duration_ms: 0.6747
  type: 'test'
  ...
# Subtest: single-platform not-found is attributed to that platform only
ok 1050 - single-platform not-found is attributed to that platform only
  ---
  duration_ms: 0.3547
  type: 'test'
  ...
# Subtest: webhook-format target lines are counted
ok 1051 - webhook-format target lines are counted
  ---
  duration_ms: 0.3149
  type: 'test'
  ...
# Subtest: all-not-found rows count on every reporting platform
ok 1052 - all-not-found rows count on every reporting platform
  ---
  duration_ms: 0.2131
  type: 'test'
  ...
# Subtest: progress status lines are counted
ok 1053 - progress status lines are counted
  ---
  duration_ms: 0.208
  type: 'test'
  ...
# Subtest: Force-Sync-resolved rows are skipped
ok 1054 - Force-Sync-resolved rows are skipped
  ---
  duration_ms: 0.1103
  type: 'test'
  ...
# Subtest: legacy initial-sync placeholder rows are skipped
ok 1055 - legacy initial-sync placeholder rows are skipped
  ---
  duration_ms: 0.124
  type: 'test'
  ...
# Subtest: empty telemetry rows are ignored and not scanned
ok 1056 - empty telemetry rows are ignored and not scanned
  ---
  duration_ms: 0.3247
  type: 'test'
  ...
# Subtest: duplicate plays of one media_key dedupe into one unique item
ok 1057 - duplicate plays of one media_key dedupe into one unique item
  ---
  duration_ms: 0.3714
  type: 'test'
  ...
# Subtest: episodes are split from movies in unique-media counts
ok 1058 - episodes are split from movies in unique-media counts
  ---
  duration_ms: 0.1793
  type: 'test'
  ...
# Subtest: samples carry the record's provider ids, independent of the media key
ok 1059 - samples carry the record's provider ids, independent of the media key
  ---
  duration_ms: 0.1199
  type: 'test'
  ...
# Subtest: a record with no provider ids reports them as null rather than omitting them
ok 1060 - a record with no provider ids reports them as null rather than omitting them
  ---
  duration_ms: 0.0795
  type: 'test'
  ...
# Subtest: dismissed match rows are excluded from the unresolved report
ok 1061 - dismissed match rows are excluded from the unresolved report
  ---
  duration_ms: 0.0663
  type: 'test'
  ...
# [ShowProgressCache] Rebuilding TV show progress cache from scratch...
# [ShowProgressCache] Rebuilt and saved 0 shows to cache file.
# Loop cache primed for outbound targets {
#   keys: 6,
#   source: 'manual',
#   targets: [ 'plex', 'emby', 'jellyfin' ],
#   prefix: 'loop'
# }
# Sync playstate dispatch started {
#   source: 'manual',
#   title: 'Canonical Repair - S01E01',
#   intent: 'historical',
#   targets: [ 'plex', 'emby', 'jellyfin' ],
#   policySkipped: [],
#   type: 'episode',
#   ids: { tvdb: 'canonical-repair-tvdb' }
# }
# Emby item marked played { itemId: 'emby-episode-1', datePlayed: 'server time' }
# Jellyfin item marked played { itemId: 'jellyfin-episode-1', datePlayed: 'server time' }
# Subtest: getTargetsForSource routes to every other enabled platform
ok 1062 - getTargetsForSource routes to every other enabled platform
  ---
  duration_ms: 1.9833
  type: 'test'
  ...
# Plex item marked played { ratingKey: 'plex-episode-1' }
# Sync playstate dispatch completed {
#   source: 'manual',
#   title: 'Canonical Repair - S01E01',
#   status: 'success',
#   results: [
#     { target: 'plex', status: 'fulfilled', reason: undefined },
#     { target: 'emby', status: 'fulfilled', reason: undefined },
#     { target: 'jellyfin', status: 'fulfilled', reason: undefined }
#   ]
# }
# (log) Echo loop caught, stopping propagation. { source: 'plex', prefix: 'loop' }
# Sync playstate skipped: echo loop detected { source: 'plex', title: 'Arrival' }
# Subtest: canonical watch reconciliation writes to every enabled media app
ok 1063 - canonical watch reconciliation writes to every enabled media app
  ---
  duration_ms: 57.95
  type: 'test'
  ...
# Subtest: Plex notification episode unwatches do not reach Trakt when no LAN item matches
ok 1064 - Plex notification episode unwatches do not reach Trakt when no LAN item matches
  ---
  duration_ms: 0.3379
  type: 'test'
  ...
# Subtest: a dispatch with every destination disabled is skipped, not successful
ok 1065 - a dispatch with every destination disabled is skipped, not successful
  ---
  duration_ms: 0.6655
  type: 'test'
  ...
# Subtest: shouldSyncResumeProgress enforces actionability boundaries
ok 1066 - shouldSyncResumeProgress enforces actionability boundaries
  ---
  duration_ms: 0.1626
  type: 'test'
  ...
# Subtest: shouldSyncResumeProgress honors changed tuning for both boundaries
ok 1067 - shouldSyncResumeProgress honors changed tuning for both boundaries
  ---
  duration_ms: 0.5106
  type: 'test'
  ...
# Subtest: loop store checkAndClaim detects a recently claimed source echo
ok 1068 - loop store checkAndClaim detects a recently claimed source echo
  ---
  duration_ms: 11.3935
  type: 'test'
  ...
# Subtest: outbound played marks are keyed per target and per item
ok 1069 - outbound played marks are keyed per target and per item
  ---
  duration_ms: 1.0778
  type: 'test'
  ...
# Subtest: provider unwatches can clear stale outbound played marks
ok 1070 - provider unwatches can clear stale outbound played marks
  ---
  duration_ms: 0.6423
  type: 'test'
  ...
# Subtest: played-flag echoes match Jellyfin item ids even when provider ids are absent
ok 1071 - played-flag echoes match Jellyfin item ids even when provider ids are absent
  ---
  duration_ms: 0.8781
  type: 'test'
  ...
# Subtest: Plex completed callbacks match Plembfin's own recent outbound played mark
ok 1072 - Plex completed callbacks match Plembfin's own recent outbound played mark
  ---
  duration_ms: 0.3051
  type: 'test'
  ...
# Subtest: unplayed echoes are tracked separately from played marks
ok 1073 - unplayed echoes are tracked separately from played marks
  ---
  duration_ms: 0.4964
  type: 'test'
  ...
# Subtest: resume updates suppress immediate played=false webhook echoes
ok 1074 - resume updates suppress immediate played=false webhook echoes
  ---
  duration_ms: 0.4968
  type: 'test'
  ...
# [ShowProgressCache] Rebuilding TV show progress cache from scratch...
# [ShowProgressCache] Rebuilt and saved 0 shows to cache file.
# [ShowProgressCache] Updating progress for 1 shows: Reacher
# Subtest: syncRetryDelayMs follows the backoff schedule and repeats the last step
ok 1075 - syncRetryDelayMs follows the backoff schedule and repeats the last step
  ---
  duration_ms: 0.8232
  type: 'test'
  ...
# Subtest: syncRetryEligible respects backoff windows and the terminal attempt cap
ok 1076 - syncRetryEligible respects backoff windows and the terminal attempt cap
  ---
  duration_ms: 0.1482
  type: 'test'
  ...
# Subtest: Plex account-scoped library rows are accepted without weakening explicit identity checks
ok 1077 - Plex account-scoped library rows are accepted without weakening explicit identity checks
  ---
  duration_ms: 0.2108
  type: 'test'
  ...
# Subtest: scheduled watched imports cannot bounce a recent explicit unwatch
ok 1078 - scheduled watched imports cannot bounce a recent explicit unwatch
  ---
  duration_ms: 0.109
  type: 'test'
  ...
# [ShowProgressCache] No episode total for Reacher: Upstream request failed (connection failed before the service returned a response)
# [ShowProgressCache] Saved updated progress cache to file (1 shows; calculate 1801.3ms, serialize 0.0ms, write 0.7ms).
# [ShowProgressCache] Updating progress for 1 shows: Reacher
# [ShowProgressCache] Saved updated progress cache to file (1 shows; calculate 0.4ms, serialize 0.0ms, write 1.1ms).
# Subtest: an explicit unwatched transition supersedes watched state and is idempotent
ok 1079 - an explicit unwatched transition supersedes watched state and is idempotent
  ---
  duration_ms: 1834.1876
  type: 'test'
  ...
# Subtest: watch_history carries sync retry columns with zero defaults
ok 1080 - watch_history carries sync retry columns with zero defaults
  ---
  duration_ms: 1.3027
  type: 'test'
  ...
# Subtest: Emby-like resumable episodes use series provider IDs for cross-server matching
ok 1081 - Emby-like resumable episodes use series provider IDs for cross-server matching
  ---
  duration_ms: 1.36
  type: 'test'
  ...
# Subtest: playback progress merges aliases that share any provider ID
ok 1082 - playback progress merges aliases that share any provider ID
  ---
  duration_ms: 2.816
  type: 'test'
  ...
# Subtest: playback progress derives its percentage from position and duration
ok 1083 - playback progress derives its percentage from position and duration
  ---
  duration_ms: 1.2176
  type: 'test'
  ...
# Subtest: playstate merges title aliases that share any provider ID
ok 1084 - playstate merges title aliases that share any provider ID
  ---
  duration_ms: 4.1698
  type: 'test'
  ...
# Subtest: sync history keeps older rows and supports bounded pages
ok 1085 - sync history keeps older rows and supports bounded pages
  ---
  duration_ms: 2.1918
  type: 'test'
  ...
# Subtest: sync history has no artificial row-count retention cap
ok 1086 - sync history has no artificial row-count retention cap
  ---
  duration_ms: 46.7653
  type: 'test'
  ...
# Subtest: sync role presets preserve bidirectional defaults and enforce monitor mode
ok 1087 - sync role presets preserve bidirectional defaults and enforce monitor mode
  ---
  duration_ms: 0.7411
  type: 'test'
  ...
# Subtest: authority policy falls back safely without a selected server
ok 1088 - authority policy falls back safely without a selected server
  ---
  duration_ms: 1.2675
  type: 'test'
  ...
# Subtest: Tautulli client uses the v2 envelope, preserves query controls, and paginates history
ok 1089 - Tautulli client uses the v2 envelope, preserves query controls, and paginates history
  ---
  duration_ms: 3.0126
  type: 'test'
  ...
# Subtest: Tautulli client treats the post-login /home page as the host root
ok 1090 - Tautulli client treats the post-login /home page as the host root
  ---
  duration_ms: 0.6168
  type: 'test'
  ...
# Subtest: Tautulli history reports a total before paging progress
ok 1091 - Tautulli history reports a total before paging progress
  ---
  duration_ms: 0.9425
  type: 'test'
  ...
# Subtest: Tautulli client rejects a failed API envelope without echoing the key
ok 1092 - Tautulli client rejects a failed API envelope without echoing the key
  ---
  duration_ms: 0.8508
  type: 'test'
  ...
# Subtest: a from-date is sent as Tautulli's range filter, not its single-day filter
ok 1093 - a from-date is sent as Tautulli's range filter, not its single-day filter
  ---
  duration_ms: 0.5633
  type: 'test'
  ...
# Subtest: Tautulli configuration is normalized and public responses redact the API key
ok 1094 - Tautulli configuration is normalized and public responses redact the API key
  ---
  duration_ms: 2.4487
  type: 'test'
  ...
# Subtest: Tautulli cannot be enabled without a URL and API key
ok 1095 - Tautulli cannot be enabled without a URL and API key
  ---
  duration_ms: 0.1961
  type: 'test'
  ...
# Subtest: environment merging preserves saved Tautulli connection details
ok 1096 - environment merging preserves saved Tautulli connection details
  ---
  duration_ms: 1.251
  type: 'test'
  ...
# [ShowProgressCache] Rebuilding TV show progress cache from scratch...
# [ShowProgressCache] Rebuilt and saved 0 shows to cache file.
# Subtest: Tautulli mapper converts Unix seconds and zero-pads episode coordinates
ok 1097 - Tautulli mapper converts Unix seconds and zero-pads episode coordinates
  ---
  duration_ms: 2.0519
  type: 'test'
  ...
# Subtest: incomplete and wrong-user rows are never importable
ok 1098 - incomplete and wrong-user rows are never importable
  ---
  duration_ms: 0.1344
  type: 'test'
  ...
# Subtest: preview merges a same-day play and a near-miss beside an approximated date
ok 1099 - preview merges a same-day play and a near-miss beside an approximated date
  ---
  duration_ms: 2.1825
  type: 'test'
  ...
# Subtest: a rewatch well outside the review window is still imported as its own play
ok 1100 - a rewatch well outside the review window is still imported as its own play
  ---
  duration_ms: 0.4887
  type: 'test'
  ...
# Subtest: every connected app is a target, including a Plex that Tautulli itself points at
ok 1101 - every connected app is a target, including a Plex that Tautulli itself points at
  ---
  duration_ms: 0.6423
  type: 'test'
  ...
# Subtest: a missing Tautulli timestamp merges an existing identity instead of inventing a duplicate date
ok 1102 - a missing Tautulli timestamp merges an existing identity instead of inventing a duplicate date
  ---
  duration_ms: 0.3143
  type: 'test'
  ...
# Subtest: telemetry remains explicit for selected and skipped targets
ok 1103 - telemetry remains explicit for selected and skipped targets
  ---
  duration_ms: 0.1081
  type: 'test'
  ...
# [ShowProgressCache] Rebuilding TV show progress cache from scratch...
# [ShowProgressCache] Rebuilt and saved 0 shows to cache file.
# [ShowProgressCache] Updating progress for 1 shows: A Thousand Blows
# [ShowProgressCache] Saved updated progress cache to file (1 shows; calculate 1.2ms, serialize 0.0ms, write 0.8ms).
# [ShowProgressCache] Updating progress for 1 shows: A Thousand Blows
# [ShowProgressCache] Saved updated progress cache to file (1 shows; calculate 0.3ms, serialize 0.0ms, write 0.7ms).
# [ShowProgressCache] Updating progress for 1 shows: A Thousand Blows
# Subtest: a Tautulli play older than the item's newest unwatch does not re-watch it
ok 1104 - a Tautulli play older than the item's newest unwatch does not re-watch it
  ---
  duration_ms: 57.2275
  type: 'test'
  ...
# [ShowProgressCache] No episode total for A Thousand Blows: Could not resolve TVDB ID
# [ShowProgressCache] Saved updated progress cache to file (1 shows; calculate 381.7ms, serialize 0.0ms, write 0.9ms).
# [ShowProgressCache] Updating progress for 1 shows: Coordinates Show
# Subtest: a Tautulli play newer than the unwatch is still imported
ok 1105 - a Tautulli play newer than the unwatch is still imported
  ---
  duration_ms: 395.8675
  type: 'test'
  ...
# [ShowProgressCache] No episode total for Coordinates Show: Could not resolve TVDB ID
# [ShowProgressCache] Saved updated progress cache to file (1 shows; calculate 687.5ms, serialize 0.0ms, write 0.8ms).
# [ShowProgressCache] Updating progress for 1 shows: Coordinates Show
# [ShowProgressCache] Saved updated progress cache to file (1 shows; calculate 0.4ms, serialize 0.0ms, write 0.8ms).
# [ShowProgressCache] Updating progress for 1 shows: A Thousand Blows
# [ShowProgressCache] Saved updated progress cache to file (1 shows; calculate 0.3ms, serialize 0.0ms, write 0.7ms).
# Subtest: a shared show-level id does not make two episodes the same play
ok 1106 - a shared show-level id does not make two episodes the same play
  ---
  duration_ms: 698.2965
  type: 'test'
  ...
# Subtest: an unwatch of a different episode does not block the play
ok 1107 - an unwatch of a different episode does not block the play
  ---
  duration_ms: 4.9865
  type: 'test'
  ...
# [ShowProgressCache] Rebuilding TV show progress cache from scratch...
# [ShowProgressCache] Rebuilt and saved 0 shows to cache file.
# Subtest: an ambiguous play is held for review and reports its candidates
ok 1108 - an ambiguous play is held for review and reports its candidates
  ---
  duration_ms: 5.1362
  type: 'test'
  ...
# Subtest: the review key is content-derived, so it survives a shifted history
ok 1109 - the review key is content-derived, so it survives a shifted history
  ---
  duration_ms: 0.7478
  type: 'test'
  ...
# Subtest: a review decision to merge records the match and imports nothing
ok 1110 - a review decision to merge records the match and imports nothing
  ---
  duration_ms: 0.5775
  type: 'test'
  ...
# Subtest: a review decision to import creates a separate play
ok 1111 - a review decision to import creates a separate play
  ---
  duration_ms: 1.4395
  type: 'test'
  ...
# Subtest: a review decision to skip imports nothing and is not left pending
ok 1112 - a review decision to skip imports nothing and is not left pending
  ---
  duration_ms: 0.52
  type: 'test'
  ...
# Subtest: an unrecognized or malformed decision leaves the record in review
ok 1113 - an unrecognized or malformed decision leaves the record in review
  ---
  duration_ms: 0.5139
  type: 'test'
  ...
# Subtest: normalizeReviewDecisions keeps only the three real actions
ok 1114 - normalizeReviewDecisions keeps only the three real actions
  ---
  duration_ms: 0.1753
  type: 'test'
  ...
# Subtest: tautulliReviewKey is stable for the same play and differs across days
ok 1115 - tautulliReviewKey is stable for the same play and differs across days
  ---
  duration_ms: 0.1146
  type: 'test'
  ...
# Subtest: review decisions and the Plex historical policy compose independently
ok 1116 - review decisions and the Plex historical policy compose independently
  ---
  duration_ms: 0.9745
  type: 'test'
  ...
# Subtest: commit applies the same review decisions the preview reported
ok 1117 - commit applies the same review decisions the preview reported
  ---
  duration_ms: 3.5246
  type: 'test'
  ...
# Subtest: a real play next to an approximated date is the same viewing, not a rewatch
ok 1118 - a real play next to an approximated date is the same viewing, not a rewatch
  ---
  duration_ms: 0.5479
  type: 'test'
  ...
# Subtest: a real play next to another real timestamp is not auto-merged
ok 1119 - a real play next to another real timestamp is not auto-merged
  ---
  duration_ms: 0.2405
  type: 'test'
  ...
# Subtest: two plays inside the rewatch window go to review rather than being guessed
ok 1120 - two plays inside the rewatch window go to review rather than being guessed
  ---
  duration_ms: 0.1861
  type: 'test'
  ...
# Subtest: a play well outside the rewatch window is simply a new record
ok 1121 - a play well outside the rewatch window is simply a new record
  ---
  duration_ms: 0.1391
  type: 'test'
  ...
# Subtest: the rewatch review offers the same three answers, and import means a second viewing
ok 1122 - the rewatch review offers the same three answers, and import means a second viewing
  ---
  duration_ms: 0.335
  type: 'test'
  ...
# Subtest: an unwatched record never counts as a nearby watch
ok 1123 - an unwatched record never counts as a nearby watch
  ---
  duration_ms: 0.2245
  type: 'test'
  ...
# Subtest: isApproximatedWatchDate only matches a round clock hour
ok 1124 - isApproximatedWatchDate only matches a round clock hour
  ---
  duration_ms: 0.1737
  type: 'test'
  ...
# Subtest: theme boot applies the saved Modern style independently of the mode; anything else is Classic
ok 1125 - theme boot applies the saved Modern style independently of the mode; anything else is Classic
  ---
  duration_ms: 4.4129
  type: 'test'
  ...
# Subtest: theme boot follows the saved theme first, then the system preference
ok 1126 - theme boot follows the saved theme first, then the system preference
  ---
  duration_ms: 2.7164
  type: 'test'
  ...
# Subtest: the theme boot runs before the stylesheet and no logo carries a src in the markup
ok 1127 - the theme boot runs before the stylesheet and no logo carries a src in the markup
  ---
  duration_ms: 0.6703
  type: 'test'
  ...
# [ShowProgressCache] Rebuilding TV show progress cache from scratch...
# [ShowProgressCache] Rebuilt and saved 0 shows to cache file.
# Subtest: memoized title normalisation returns the same result on every call
ok 1128 - memoized title normalisation returns the same result on every call
  ---
  duration_ms: 1.9163
  type: 'test'
  ...
# Subtest: non-string titles are normalised without being cached under a string key
ok 1129 - non-string titles are normalised without being cached under a string key
  ---
  duration_ms: 0.1571
  type: 'test'
  ...
# Subtest: TV metadata keeps TMDB network logo data when TVDB supplies the network name
ok 1130 - TV metadata keeps TMDB network logo data when TVDB supplies the network name
  ---
  duration_ms: 7.5912
  type: 'test'
  ...
# [ShowProgressCache] Rebuilding TV show progress cache from scratch...
# [ShowProgressCache] Rebuilt and saved 0 shows to cache file.
# [ShowProgressCache] Updating progress for 1 shows: Column Show
# [ShowProgressCache] No episode total for Column Show: Could not resolve TVDB ID
# [ShowProgressCache] Saved updated progress cache to file (1 shows; calculate 383.8ms, serialize 0.0ms, write 0.9ms).
# [ShowProgressCache] Updating progress for 1 shows: Legacy Show
# Subtest: show status is read from the column, not the details blob
ok 1131 - show status is read from the column, not the details blob
  ---
  duration_ms: 435.1426
  type: 'test'
  ...
# [ShowProgressCache] No episode total for Legacy Show: Could not resolve TVDB ID
# [ShowProgressCache] Saved updated progress cache to file (1 shows; calculate 646.1ms, serialize 0.0ms, write 0.9ms).
# Subtest: a legacy row with empty columns still resolves from the details blob
ok 1132 - a legacy row with empty columns still resolves from the details blob
  ---
  duration_ms: 650.319
  type: 'test'
  ...
# Subtest: bulk manual Trakt dispatch groups episodes and retries a rate-limited write
ok 1133 - bulk manual Trakt dispatch groups episodes and retries a rate-limited write
  ---
  duration_ms: 416.8925
  type: 'test'
  ...
# Subtest: split processes allocate distinct outbound intent timestamps in one frozen millisecond
ok 1134 - split processes allocate distinct outbound intent timestamps in one frozen millisecond
  ---
  duration_ms: 153.2078
  type: 'test'
  ...
# [ShowProgressCache] Rebuilding TV show progress cache from scratch...
# [ShowProgressCache] Rebuilt and saved 0 shows to cache file.
# Subtest: importing Trakt play history never pushes those plays back out to Trakt or leaves them pending re-dispatch
ok 1135 - importing Trakt play history never pushes those plays back out to Trakt or leaves them pending re-dispatch
  ---
  duration_ms: 137.4228
  type: 'test'
  ...
# Subtest: an IMDb-rich Trakt play arriving after our TMDB-only push is treated as an echo
ok 1136 - an IMDb-rich Trakt play arriving after our TMDB-only push is treated as an echo
  ---
  duration_ms: 102.7135
  type: 'test'
  ...
# [ShowProgressCache] Updating progress for 1 shows: Reacher
# Subtest: an outbound watch sourced from Trakt (live sync or import) is never echoed back to Trakt
ok 1137 - an outbound watch sourced from Trakt (live sync or import) is never echoed back to Trakt
  ---
  duration_ms: 217.803
  type: 'test'
  ...
# [ShowProgressCache] No episode total for Reacher: Could not resolve TVDB ID
# [ShowProgressCache] Saved updated progress cache to file (1 shows; calculate 378.1ms, serialize 0.0ms, write 0.8ms).
# [ShowProgressCache] Updating progress for 1 shows: Reacher
# [ShowProgressCache] Saved updated progress cache to file (1 shows; calculate 0.4ms, serialize 0.0ms, write 0.9ms).
# [ShowProgressCache] Updating progress for 1 shows: Silo
# [ShowProgressCache] No episode total for Silo: Could not resolve TVDB ID
# [ShowProgressCache] Saved updated progress cache to file (1 shows; calculate 689.3ms, serialize 0.0ms, write 1.3ms).
# Subtest: the stale-telemetry repair settles pre-fix trakt_import rows without touching anything else
ok 1138 - the stale-telemetry repair settles pre-fix trakt_import rows without touching anything else
  ---
  duration_ms: 1076.646
  type: 'test'
  ...
# [ShowProgressCache] Rebuilding TV show progress cache from scratch...
# [ShowProgressCache] Rebuilt and saved 0 shows to cache file.
# Subtest: an item without a provider ID fails before creating an outbound baseline
ok 1139 - an item without a provider ID fails before creating an outbound baseline
  ---
  duration_ms: 14.7149
  type: 'test'
  ...
# [ShowProgressCache] Updating progress for 1 shows: Silo
# Subtest: canonical Trakt replay primes its watched intent before the remove call
ok 1140 - canonical Trakt replay primes its watched intent before the remove call
  ---
  duration_ms: 427.0911
  type: 'test'
  ...
# [ShowProgressCache] No episode total for Silo: Could not resolve TVDB ID
# [ShowProgressCache] Saved updated progress cache to file (1 shows; calculate 385.4ms, serialize 0.0ms, write 0.8ms).
# [ShowProgressCache] Updating progress for 1 shows: Silo
# [ShowProgressCache] Saved updated progress cache to file (1 shows; calculate 0.7ms, serialize 0.0ms, write 1.1ms).
# Subtest: a failed new outbound write never becomes a synthetic watched baseline
ok 1141 - a failed new outbound write never becomes a synthetic watched baseline
  ---
  duration_ms: 1728.1143
  type: 'test'
  ...
# Subtest: outbound lookup matches an IMDb snapshot row to a TMDB-only marker for the same episode
ok 1142 - outbound lookup matches an IMDb snapshot row to a TMDB-only marker for the same episode
  ---
  duration_ms: 2.5113
  type: 'test'
  ...
# [trackerSync] Held 0 watched and 1 unwatched Trakt change(s) for re-check because a newer local/outbound intent or safety guard took precedence.
# [ShowProgressCache] Updating progress for 1 shows: Silo
# [ShowProgressCache] Saved updated progress cache to file (1 shows; calculate 0.3ms, serialize 0.0ms, write 0.8ms).
# [ShowProgressCache] Updating progress for 1 shows: Silo
# Subtest: cross-ID aliases collapse to one episode and the newest intent wins
ok 1143 - cross-ID aliases collapse to one episode and the newest intent wins
  ---
  duration_ms: 240.4486
  type: 'test'
  ...
# [ShowProgressCache] No episode total for Silo: Could not resolve TVDB ID
# [ShowProgressCache] Saved updated progress cache to file (1 shows; calculate 364.4ms, serialize 0.0ms, write 0.8ms).
# applyUnwatchedTransition: held back automatic unwatch for "Silo - S03E08" (source: trakt) - 15 automatic unwatches already recorded in the last 5m, which looks like a mass false-unwatch burst rather than genuine activity. Not propagating; check the source server and re-verify manually if this item really was unwatched.
# [trackerSync] Held 0 watched and 1 unwatched Trakt change(s) for re-check because a newer local/outbound intent or safety guard took precedence.
# Subtest: an automatic-unwatch safety hold is reported as deferred, not applied
ok 1144 - an automatic-unwatch safety hold is reported as deferred, not applied
  ---
  duration_ms: 480.5879
  type: 'test'
  ...
# [trackerSync] Held 1 watched and 0 unwatched Trakt change(s) for re-check because a newer local/outbound intent or safety guard took precedence.
# [ShowProgressCache] Updating progress for 1 shows: Silo
# [ShowProgressCache] Saved updated progress cache to file (1 shows; calculate 0.3ms, serialize 0.0ms, write 1.0ms).
# [ShowProgressCache] Updating progress for 1 shows: Silo
# [ShowProgressCache] Saved updated progress cache to file (1 shows; calculate 0.2ms, serialize 0.0ms, write 0.8ms).
# Subtest: a newer local unwatch defers a stale watched snapshot
ok 1145 - a newer local unwatch defers a stale watched snapshot
  ---
  duration_ms: 250.3994
  type: 'test'
  ...
# [trackerSync] Held 0 watched and 1 unwatched Trakt change(s) for re-check because a newer local/outbound intent or safety guard took precedence.
# [ShowProgressCache] Updating progress for 1 shows: Silo
# [ShowProgressCache] Saved updated progress cache to file (1 shows; calculate 0.3ms, serialize 0.0ms, write 0.6ms).
# Subtest: a poll during the canonical remove-add gap cannot reverse the local watched state
ok 1146 - a poll during the canonical remove-add gap cannot reverse the local watched state
  ---
  duration_ms: 420.4385
  type: 'test'
  ...
# [trackerSync] Held 0 watched and 1 unwatched Trakt change(s) for re-check because a newer local/outbound intent or safety guard took precedence.
# Subtest: a watched intent written after the poll diff still blocks its queued unwatch
ok 1147 - a watched intent written after the poll diff still blocks its queued unwatch
  ---
  duration_ms: 155.2546
  type: 'test'
  ...
# [trackerSync] Held 1 watched and 0 unwatched Trakt change(s) for re-check because a newer local/outbound intent or safety guard took precedence.
# [ShowProgressCache] Updating progress for 1 shows: Silo
# [ShowProgressCache] Saved updated progress cache to file (1 shows; calculate 0.2ms, serialize 0.0ms, write 0.7ms).
# [ShowProgressCache] Updating progress for 1 shows: Silo
# [ShowProgressCache] Saved updated progress cache to file (1 shows; calculate 0.3ms, serialize 0.0ms, write 0.7ms).
# Subtest: a local unwatch committed after the poll diff blocks its queued watch
ok 1148 - a local unwatch committed after the poll diff blocks its queued watch
  ---
  duration_ms: 279.5646
  type: 'test'
  ...
# [trackerSync] Held 0 watched and 1 unwatched Trakt change(s) for re-check because a newer local/outbound intent or safety guard took precedence.
# [ShowProgressCache] Updating progress for 1 shows: Silo
# [ShowProgressCache] Saved updated progress cache to file (1 shows; calculate 0.3ms, serialize 0.0ms, write 1.0ms).
# [ShowProgressCache] Updating progress for 1 shows: Silo
# Subtest: a stale empty poll retains a recent watched marker, then accepts a genuine unwatch after expiry
ok 1149 - a stale empty poll retains a recent watched marker, then accepts a genuine unwatch after expiry
  ---
  duration_ms: 248.5625
  type: 'test'
  ...
# [ShowProgressCache] No episode total for Silo: Could not resolve TVDB ID
# [ShowProgressCache] Saved updated progress cache to file (1 shows; calculate 356.0ms, serialize 0.0ms, write 1.0ms).
# Loop cache primed for outbound targets {
#   keys: 3,
#   source: 'trakt',
#   targets: [ 'emby' ],
#   prefix: 'unplayed_loop'
# }
# Sync unplayed dispatch started {
#   source: 'trakt',
#   targets: [ 'emby' ],
#   type: 'episode',
#   ids: { imdb: 'tt14688458', tmdb: '125988' }
# }
# [ShowProgressCache] Updating progress for 1 shows: Silo
# [ShowProgressCache] Saved updated progress cache to file (1 shows; calculate 0.2ms, serialize 0.0ms, write 1.3ms).
# Loop cache primed for outbound targets { keys: 3, source: 'manual', targets: [ 'emby' ], prefix: 'loop' }
# Sync playstate dispatch started {
#   source: 'manual',
#   title: 'Silo (2023) - S03E08',
#   intent: 'historical',
#   targets: [ 'emby' ],
#   policySkipped: [],
#   type: 'episode',
#   ids: { imdb: 'tt-wrong-rematch', tmdb: 'wrong-rematch' }
# }
# Emby item resume progress updated { itemId: 'silo-s03e08', positionMs: 0 }
# Sync unplayed dispatch completed {
#   source: 'trakt',
#   results: [ { target: 'emby', status: 'fulfilled', reason: undefined } ]
# }
# [trackerSync] Held 0 watched and 1 unwatched Trakt change(s) for re-check because a newer local/outbound intent or safety guard took precedence.
# Emby item marked played { itemId: 'silo-s03e08', datePlayed: '20260820200000' }
# Sync playstate dispatch completed {
#   source: 'manual',
#   title: 'Silo (2023) - S03E08',
#   status: 'success',
#   results: [ { target: 'emby', status: 'fulfilled', reason: undefined } ]
# }
# Loop cache primed for outbound targets {
#   keys: 3,
#   source: 'manual',
#   targets: [ 'emby' ],
#   prefix: 'unplayed_loop'
# }
# Sync unplayed dispatch started {
#   source: 'manual',
#   targets: [ 'emby' ],
#   type: 'episode',
#   ids: { imdb: 'tt14688458', tmdb: '125988' }
# }
# Subtest: a newer watched LAN write finishes after an older poll paused while clearing progress
ok 1150 - a newer watched LAN write finishes after an older poll paused while clearing progress
  ---
  duration_ms: 667.0444
  type: 'test'
  ...
# Loop cache primed for outbound targets { keys: 3, source: 'manual', targets: [ 'emby' ], prefix: 'loop' }
# Sync playstate dispatch started {
#   source: 'manual',
#   title: 'Silo - S03E09',
#   intent: 'historical',
#   targets: [ 'emby' ],
#   policySkipped: [],
#   type: 'episode',
#   ids: { imdb: 'tt14688458', tmdb: '125988' }
# }
# Emby item marked played { itemId: 'silo-s03e09', datePlayed: '20260820200000' }
# Sync playstate dispatch completed {
#   source: 'manual',
#   title: 'Silo - S03E09',
#   status: 'success',
#   results: [ { target: 'emby', status: 'fulfilled', reason: undefined } ]
# }
# Emby item resume progress updated { itemId: 'silo-s03e09', positionMs: 0 }
# Sync unplayed dispatch completed {
#   source: 'manual',
#   results: [ { target: 'emby', status: 'fulfilled', reason: undefined } ]
# }
# Loop cache primed for outbound targets {
#   keys: 2,
#   source: 'manual',
#   targets: [ 'emby' ],
#   prefix: 'unplayed_loop'
# }
# Sync unplayed dispatch started {
#   source: 'manual',
#   targets: [ 'emby' ],
#   type: 'movie',
#   ids: { tmdb: '329865' }
# }
# Subtest: an expired stolen lease fences its previous owner before the unplayed mutation
ok 1151 - an expired stolen lease fences its previous owner before the unplayed mutation
  ---
  duration_ms: 139.4499
  type: 'test'
  ...
# Loop cache primed for outbound targets { keys: 2, source: 'manual', targets: [ 'emby' ], prefix: 'loop' }
# Sync playstate dispatch started {
#   source: 'manual',
#   title: 'Arrival',
#   intent: 'historical',
#   targets: [ 'emby' ],
#   policySkipped: [],
#   type: 'movie',
#   ids: { imdb: 'tt2543164' }
# }
# Emby item resume progress updated { itemId: 'arrival-movie', positionMs: 0 }
# Emby item marked unplayed { itemId: 'arrival-movie' }
# Sync unplayed dispatch completed {
#   source: 'manual',
#   results: [ { target: 'emby', status: 'fulfilled', reason: undefined } ]
# }
# Emby item marked played { itemId: 'arrival-movie', datePlayed: 'server time' }
# Sync playstate dispatch completed {
#   source: 'manual',
#   title: 'Arrival',
#   status: 'success',
#   results: [ { target: 'emby', status: 'fulfilled', reason: undefined } ]
# }
# Subtest: movie aliases share one target lease when only one payload has a release year
ok 1152 - movie aliases share one target lease when only one payload has a release year
  ---
  duration_ms: 170.8236
  type: 'test'
  ...
# Subtest: Trakt Sync Now completion copy reports checked items and applied changes
ok 1153 - Trakt Sync Now completion copy reports checked items and applied changes
  ---
  duration_ms: 16.5086
  type: 'test'
  ...
# [ShowProgressCache] Rebuilding TV show progress cache from scratch...
# [ShowProgressCache] Rebuilt and saved 0 shows to cache file.
# Subtest: showIdentityFromMediaKey extracts the show id ignoring season/episode
ok 1154 - showIdentityFromMediaKey extracts the show id ignoring season/episode
  ---
  duration_ms: 0.7727
  type: 'test'
  ...
# Subtest: a small drop from a show propagates immediately
ok 1155 - a small drop from a show propagates immediately
  ---
  duration_ms: 0.3959
  type: 'test'
  ...
# Subtest: a large simultaneous drop from one show is held back on the first poll
ok 1156 - a large simultaneous drop from one show is held back on the first poll
  ---
  duration_ms: 0.3318
  type: 'test'
  ...
# Subtest: a held-back drop that self-heals on the next poll never propagates
ok 1157 - a held-back drop that self-heals on the next poll never propagates
  ---
  duration_ms: 0.2367
  type: 'test'
  ...
# Subtest: a held-back drop that is still missing on the next poll is treated as genuine
ok 1158 - a held-back drop that is still missing on the next poll is treated as genuine
  ---
  duration_ms: 0.1949
  type: 'test'
  ...
# Subtest: resolveTraksCollectorOrigin normalizes the collector origin
ok 1159 - resolveTraksCollectorOrigin normalizes the collector origin
  ---
  duration_ms: 1.155
  type: 'test'
  ...
# Subtest: resolveTraksCollectorOrigin rejects unsafe collector configuration
ok 1160 - resolveTraksCollectorOrigin rejects unsafe collector configuration
  ---
  duration_ms: 0.4141
  type: 'test'
  ...
# Subtest: getTraksUpstreamUrl maps first-party routes to the collector endpoints
ok 1161 - getTraksUpstreamUrl maps first-party routes to the collector endpoints
  ---
  duration_ms: 0.1822
  type: 'test'
  ...
# Subtest: Trakt server app configuration is reported without exposing values
ok 1162 - Trakt server app configuration is reported without exposing values
  ---
  duration_ms: 1.1358
  type: 'test'
  ...
# Subtest: Plembfin has a bundled Trakt device application
ok 1163 - Plembfin has a bundled Trakt device application
  ---
  duration_ms: 0.1986
  type: 'test'
  ...
# Subtest: Trakt server credentials are used when the browser supplies none
ok 1164 - Trakt server credentials are used when the browser supplies none
  ---
  duration_ms: 0.6181
  type: 'test'
  ...
# Subtest: Trakt personal app fallback requires both values
ok 1165 - Trakt personal app fallback requires both values
  ---
  duration_ms: 0.3178
  type: 'test'
  ...
# Subtest: official Trakt app credentials are not persisted in tracker records
ok 1166 - official Trakt app credentials are not persisted in tracker records
  ---
  duration_ms: 196.1904
  type: 'test'
  ...
# Subtest: Trakt device authorization uses the API device endpoints
ok 1167 - Trakt device authorization uses the API device endpoints
  ---
  duration_ms: 35.0883
  type: 'test'
  ...
# Subtest: Trakt watched snapshots normalize movies and episodes onto stable series coordinates
ok 1168 - Trakt watched snapshots normalize movies and episodes onto stable series coordinates
  ---
  duration_ms: 60.9849
  type: 'test'
  ...
# Subtest: Trakt watched snapshots follow every pagination page
ok 1169 - Trakt watched snapshots follow every pagination page
  ---
  duration_ms: 123.4913
  type: 'test'
  ...
# Subtest: Trakt watched snapshots reject show responses without season progress
ok 1170 - Trakt watched snapshots reject show responses without season progress
  ---
  duration_ms: 62.2421
  type: 'test'
  ...
# Subtest: Trakt personal rating snapshots use the authenticated me endpoint
ok 1171 - Trakt personal rating snapshots use the authenticated me endpoint
  ---
  duration_ms: 92.7579
  type: 'test'
  ...
# Subtest: tracker outbound matching bridges a stale episode id by exact show and coordinates
ok 1172 - tracker outbound matching bridges a stale episode id by exact show and coordinates
  ---
  duration_ms: 0.7282
  type: 'test'
  ...
# Subtest: Trakt episode writes use show IDs plus season and episode coordinates
ok 1173 - Trakt episode writes use show IDs plus season and episode coordinates
  ---
  duration_ms: 30.1866
  type: 'test'
  ...
# Subtest: Trakt personal episode ratings resolve a leaf id when only show identity is available
ok 1174 - Trakt personal episode ratings resolve a leaf id when only show identity is available
  ---
  duration_ms: 93.2434
  type: 'test'
  ...
# Subtest: Trakt personal episode ratings retry with Trakt’s canonical id after an external id is not found
ok 1175 - Trakt personal episode ratings retry with Trakt’s canonical id after an external id is not found
  ---
  duration_ms: 124.0893
  type: 'test'
  ...
# Subtest: Trakt watched writes send an explicit historical watched_at rather than the current time
ok 1176 - Trakt watched writes send an explicit historical watched_at rather than the current time
  ---
  duration_ms: 30.5622
  type: 'test'
  ...
# Subtest: Trakt restore batches preserve dates for movies and repeated episodes
ok 1177 - Trakt restore batches preserve dates for movies and repeated episodes
  ---
  duration_ms: 31.159
  type: 'test'
  ...
# Subtest: Trakt restore writes fail closed when a historical date is missing
ok 1178 - Trakt restore writes fail closed when a historical date is missing
  ---
  duration_ms: 0.2263
  type: 'test'
  ...
# [ShowProgressCache] Rebuilding TV show progress cache from scratch...
# [ShowProgressCache] Rebuilt and saved 0 shows to cache file.
# [security] Auto-generated secrets are persisted in data/config.json.
# [security] Pristine install detected - open the app to claim the administrator account. No password was generated.
# [ShowProgressCache] Updating progress for 1 shows: Risky Rewards
# [ShowProgressCache] No episode total for Risky Rewards: Could not resolve TVDB ID
# [ShowProgressCache] Saved updated progress cache to file (1 shows; calculate 395.5ms, serialize 0.0ms, write 1.4ms).
# Subtest: a dismissed Trakt show not_found is retried but stays skipped
ok 1179 - a dismissed Trakt show not_found is retried but stays skipped
  ---
  duration_ms: 655.6062
  type: 'test'
  ...
# Subtest: legacy Trakt dismissals without a scope still apply to the show
ok 1180 - legacy Trakt dismissals without a scope still apply to the show
  ---
  duration_ms: 411.1035
  type: 'test'
  ...
# Subtest: grouped Trakt retries also preserve a prior show dismissal
ok 1181 - grouped Trakt retries also preserve a prior show dismissal
  ---
  duration_ms: 203.0811
  type: 'test'
  ...
# [ShowProgressCache] Rebuilding TV show progress cache from scratch...
# [ShowProgressCache] Rebuilt and saved 0 shows to cache file.
# Subtest: Trakt dispatch progress excludes terminal partial and skipped outcomes
ok 1182 - Trakt dispatch progress excludes terminal partial and skipped outcomes
  ---
  duration_ms: 82.6729
  type: 'test'
  ...
# Subtest: Trakt provider reconciliation clears an override only after identity and local season agree
ok 1183 - Trakt provider reconciliation clears an override only after identity and local season agree
  ---
  duration_ms: 1.4598
  type: 'test'
  ...
# Subtest: Trakt provider reconciliation leaves a split mapping when the canonical season is absent
ok 1184 - Trakt provider reconciliation leaves a split mapping when the canonical season is absent
  ---
  duration_ms: 0.2208
  type: 'test'
  ...
# Subtest: seasonContainsEpisodes requires every locally overridden episode
ok 1185 - seasonContainsEpisodes requires every locally overridden episode
  ---
  duration_ms: 0.0929
  type: 'test'
  ...
# Subtest: rows without a canonical TVDB identity are never considered for reconciliation
ok 1186 - rows without a canonical TVDB identity are never considered for reconciliation
  ---
  duration_ms: 0.1068
  type: 'test'
  ...
# Subtest: defaults are used when nothing is configured
ok 1187 - defaults are used when nothing is configured
  ---
  duration_ms: 1.4675
  type: 'test'
  ...
# Subtest: tuningDefaults and tuningClamps expose the hardcoded ranges
ok 1188 - tuningDefaults and tuningClamps expose the hardcoded ranges
  ---
  duration_ms: 1.1816
  type: 'test'
  ...
# Subtest: normalizeTuningSection treats blank/null/missing fields as null and parses numeric strings
ok 1189 - normalizeTuningSection treats blank/null/missing fields as null and parses numeric strings
  ---
  duration_ms: 0.4721
  type: 'test'
  ...
# Subtest: normalizeTuningSection does not clamp - out-of-range values pass through for validateConfig to reject
ok 1190 - normalizeTuningSection does not clamp - out-of-range values pass through for validateConfig to reject
  ---
  duration_ms: 0.1828
  type: 'test'
  ...
# Subtest: normalizeTuningSection ignores non-numeric strings
ok 1191 - normalizeTuningSection ignores non-numeric strings
  ---
  duration_ms: 0.4376
  type: 'test'
  ...
# Subtest: applyTuningConfig overrides only non-null fields and falls back to env/default for the rest
ok 1192 - applyTuningConfig overrides only non-null fields and falls back to env/default for the rest
  ---
  duration_ms: 0.4214
  type: 'test'
  ...
# Subtest: watch-import mode accepts the four supported policies and resets to its env default
ok 1193 - watch-import mode accepts the four supported policies and resets to its env default
  ---
  duration_ms: 0.2772
  type: 'test'
  ...
# Subtest: applyTuningConfig clamps out-of-range stored values as a safety net
ok 1194 - applyTuningConfig clamps out-of-range stored values as a safety net
  ---
  duration_ms: 0.1841
  type: 'test'
  ...
# Subtest: resetTuningForTests restores env/default state after an override
ok 1195 - resetTuningForTests restores env/default state after an override
  ---
  duration_ms: 0.2323
  type: 'test'
  ...
# Subtest: env vars set the default (clamped) and applyTuningConfig overrides still win
ok 1196 - env vars set the default (clamped) and applyTuningConfig overrides still win
  ---
  duration_ms: 0.2919
  type: 'test'
  ...
# Subtest: tuningEnvDefaults reflects env overrides without requiring applyTuningConfig
ok 1197 - tuningEnvDefaults reflects env overrides without requiring applyTuningConfig
  ---
  duration_ms: 0.8849
  type: 'test'
  ...
# Subtest: an invalid env value falls back to the hardcoded default
ok 1198 - an invalid env value falls back to the hardcoded default
  ---
  duration_ms: 0.3155
  type: 'test'
  ...
# Subtest: TVDB title matching ignores ranked distractors but requires an exact unique series
ok 1199 - TVDB title matching ignores ranked distractors but requires an exact unique series
  ---
  duration_ms: 1.6674
  type: 'test'
  ...
# Subtest: TVDB title matching can disambiguate a year-qualified title
ok 1200 - TVDB title matching can disambiguate a year-qualified title
  ---
  duration_ms: 0.2732
  type: 'test'
  ...
# Subtest: TVDB title matching accepts English aliases for localized primary names
ok 1201 - TVDB title matching accepts English aliases for localized primary names
  ---
  duration_ms: 0.3866
  type: 'test'
  ...
# Subtest: TVDB title keys handle whitespace around a year suffix
ok 1202 - TVDB title keys handle whitespace around a year suffix
  ---
  duration_ms: 0.1941
  type: 'test'
  ...
# Subtest: TVDB series verification accepts the canonical name and aliases only
ok 1203 - TVDB series verification accepts the canonical name and aliases only
  ---
  duration_ms: 0.4094
  type: 'test'
  ...
# Subtest: cold seasons are derived from a fresh cached series payload without any TVDB request
ok 1204 - cold seasons are derived from a fresh cached series payload without any TVDB request
  ---
  duration_ms: 5.4032
  type: 'test'
  ...
# Subtest: a series row older than the season TTL is refetched once and then serves every season
ok 1205 - a series row older than the season TTL is refetched once and then serves every season
  ---
  duration_ms: 492.7166
  type: 'test'
  ...
# [ShowProgressCache] Rebuilding TV show progress cache from scratch...
# [ShowProgressCache] Rebuilt and saved 0 shows to cache file.
# Subtest: Up Next fingerprints ignore observation timestamps but track queue content and order
ok 1206 - Up Next fingerprints ignore observation timestamps but track queue content and order
  ---
  duration_ms: 0.8955
  type: 'test'
  ...
# Subtest: automatic Up Next requests coalesce into one durable background job
ok 1207 - automatic Up Next requests coalesce into one durable background job
  ---
  duration_ms: 3.3441
  type: 'test'
  ...
# Subtest: manual Up Next changes use a priority job lane
ok 1208 - manual Up Next changes use a priority job lane
  ---
  duration_ms: 1.3641
  type: 'test'
  ...
# Subtest: automatic Up Next sync skips cleanly when no provider is configured
ok 1209 - automatic Up Next sync skips cleanly when no provider is configured
  ---
  duration_ms: 0.8236
  type: 'test'
  ...
# Up Next build: 0 items in 0.0s; library lookups 0 live, 0 cached, 0 over budget; series inventories 0 fetched, 0 cached.
# Up Next build: 0 items in 0.0s; library lookups 0 live, 0 cached, 0 over budget; series inventories 0 fetched, 0 cached.
# Up Next build: 0 items in 0.0s; library lookups 0 live, 0 cached, 0 over budget; series inventories 0 fetched, 0 cached.
# Subtest: an unreachable provider does not keep the automatic push running, and its recovery queues one
ok 1210 - an unreachable provider does not keep the automatic push running, and its recovery queues one
  ---
  duration_ms: 274.6881
  type: 'test'
  ...
# [ShowProgressCache] Rebuilding TV show progress cache from scratch...
# [ShowProgressCache] Rebuilt and saved 0 shows to cache file.
# Subtest: Up Next rebuilds synchronously when watch history changes
ok 1211 - Up Next rebuilds synchronously when watch history changes
  ---
  duration_ms: 39.6174
  type: 'test'
  ...
# Up Next cache background rebuild complete: 1 item, cache updated.
# Subtest: Up Next can serve a stale projection while the dashboard rebuilds it
ok 1212 - Up Next can serve a stale projection while the dashboard rebuilds it
  ---
  duration_ms: 65.5614
  type: 'test'
  ...
# Up Next cache background rebuild complete: 1 item, cache updated.
# Subtest: a stale first paint after a history change always queues a rebuild, even inside the throttle window
ok 1213 - a stale first paint after a history change always queues a rebuild, even inside the throttle window
  ---
  duration_ms: 31.623
  type: 'test'
  ...
# Subtest: Up Next rebuilds synchronously when the queue generation changes
ok 1214 - Up Next rebuilds synchronously when the queue generation changes
  ---
  duration_ms: 7.1912
  type: 'test'
  ...
# Subtest: reading a legacy cache snapshot collapses identity and title-only episode duplicates
ok 1215 - reading a legacy cache snapshot collapses identity and title-only episode duplicates
  ---
  duration_ms: 12.5421
  type: 'test'
  ...
# Subtest: a part-watched movie keeps its place ahead of episodes when the snapshot is reloaded
ok 1216 - a part-watched movie keeps its place ahead of episodes when the snapshot is reloaded
  ---
  duration_ms: 7.0865
  type: 'test'
  ...
# Subtest: an unchanged rebuild does not advance the Up Next version
ok 1217 - an unchanged rebuild does not advance the Up Next version
  ---
  duration_ms: 7.6635
  type: 'test'
  ...
# [ShowProgressCache] Rebuilding TV show progress cache from scratch...
# [ShowProgressCache] Rebuilt and saved 0 shows to cache file.
# [security] Auto-generated secrets are persisted in data/config.json.
# [security] Pristine install detected - open the app to claim the administrator account. No password was generated.
# Subtest: a dismissal matches the same episode under a different provider id
ok 1218 - a dismissal matches the same episode under a different provider id
  ---
  duration_ms: 11.254
  type: 'test'
  ...
# Subtest: dismissing one same-title show leaves the other show's card, dismissal and restore alone
ok 1219 - dismissing one same-title show leaves the other show's card, dismissal and restore alone
  ---
  duration_ms: 6.1782
  type: 'test'
  ...
# Subtest: re-dismissing the same item replaces its row rather than adding one
ok 1220 - re-dismissing the same item replaces its row rather than adding one
  ---
  duration_ms: 2.5525
  type: 'test'
  ...
# Subtest: restore removes the dismissal
ok 1221 - restore removes the dismissal
  ---
  duration_ms: 2.8531
  type: 'test'
  ...
# Subtest: an explicit unwatch restores the matching show dismissal
ok 1222 - an explicit unwatch restores the matching show dismissal
  ---
  duration_ms: 1.447
  type: 'test'
  ...
# Subtest: an explicit media-page add restores the matching show dismissal
ok 1223 - an explicit media-page add restores the matching show dismissal
  ---
  duration_ms: 1.4303
  type: 'test'
  ...
# Subtest: the dismissed list reconciliation removes an older row after an unwatch
ok 1224 - the dismissed list reconciliation removes an older row after an unwatch
  ---
  duration_ms: 20.2178
  type: 'test'
  ...
# Subtest: the dismissed list reconciliation preserves a dismissal created after an unwatch
ok 1225 - the dismissed list reconciliation preserves a dismissal created after an unwatch
  ---
  duration_ms: 2.748
  type: 'test'
  ...
# Subtest: the projection hides a dismissed item from every device
ok 1226 - the projection hides a dismissed item from every device
  ---
  duration_ms: 31.1197
  type: 'test'
  ...
# Subtest: a dismissed item comes back once it is genuinely played again
ok 1227 - a dismissed item comes back once it is genuinely played again
  ---
  duration_ms: 3.9307
  type: 'test'
  ...
# Subtest: dismissed title-only snapshots reuse the cached show poster
ok 1228 - dismissed title-only snapshots reuse the cached show poster
  ---
  duration_ms: 22.4283
  type: 'test'
  ...
# Subtest: provider episode observations share one canonical identity and keep native ids
ok 1229 - provider episode observations share one canonical identity and keep native ids
  ---
  duration_ms: 4.1537
  type: 'test'
  ...
# Subtest: Plex parent GUID aliases preserve the series identity
ok 1230 - Plex parent GUID aliases preserve the series identity
  ---
  duration_ms: 0.3011
  type: 'test'
  ...
# Subtest: title-only episode observations merge into the one compatible verified series
ok 1231 - title-only episode observations merge into the one compatible verified series
  ---
  duration_ms: 1.5458
  type: 'test'
  ...
# Subtest: title-only movie observations merge with one unambiguous identified movie across providers
ok 1232 - title-only movie observations merge with one unambiguous identified movie across providers
  ---
  duration_ms: 0.6938
  type: 'test'
  ...
# Subtest: title-only episode observations stay separate when two verified reboots are possible
ok 1233 - title-only episode observations stay separate when two verified reboots are possible
  ---
  duration_ms: 7.9911
  type: 'test'
  ...
# Subtest: native series identity bridges to a matching external provider id
ok 1234 - native series identity bridges to a matching external provider id
  ---
  duration_ms: 0.6509
  type: 'test'
  ...
# Subtest: native series identity keeps same-title series separate when external ids are absent
ok 1235 - native series identity keeps same-title series separate when external ids are absent
  ---
  duration_ms: 0.59
  type: 'test'
  ...
# Subtest: shared episode external ids merge provider-native series identities
ok 1236 - shared episode external ids merge provider-native series identities
  ---
  duration_ms: 0.6528
  type: 'test'
  ...
# Subtest: native-series next-up bridges the identical episode keyed only by an external show id
ok 1237 - native-series next-up bridges the identical episode keyed only by an external show id
  ---
  duration_ms: 1.139
  type: 'test'
  ...
# Subtest: native resume rows with a missing provider title bridge the sole verified episode
ok 1238 - native resume rows with a missing provider title bridge the sole verified episode
  ---
  duration_ms: 0.6411
  type: 'test'
  ...
# Subtest: native-series next-up does not bridge a different show that shares the title and coordinate
ok 1239 - native-series next-up does not bridge a different show that shares the title and coordinate
  ---
  duration_ms: 0.7623
  type: 'test'
  ...
# Subtest: native-series next-up does not bridge a same-title reboot that aired a different year
ok 1240 - native-series next-up does not bridge a same-title reboot that aired a different year
  ---
  duration_ms: 0.4056
  type: 'test'
  ...
# Subtest: same-title movies only merge with a verified identity or matching year
ok 1241 - same-title movies only merge with a verified identity or matching year
  ---
  duration_ms: 0.4107
  type: 'test'
  ...
# Subtest: title-only movie resumes merge with the single same-provider identified item
ok 1242 - title-only movie resumes merge with the single same-provider identified item
  ---
  duration_ms: 0.3488
  type: 'test'
  ...
# Subtest: title-only movie resumes stay separate when same-title provider items are ambiguous
ok 1243 - title-only movie resumes stay separate when same-title provider items are ambiguous
  ---
  duration_ms: 0.2965
  type: 'test'
  ...
# Subtest: resume cards sort before stable next-up cards
ok 1244 - resume cards sort before stable next-up cards
  ---
  duration_ms: 0.5537
  type: 'test'
  ...
# Subtest: next-up cards prioritize the show watched most recently
ok 1245 - next-up cards prioritize the show watched most recently
  ---
  duration_ms: 0.3735
  type: 'test'
  ...
# Subtest: an unreachable provider stands down its series inventory lookups until the backoff ends
ok 1246 - an unreachable provider stands down its series inventory lookups until the backoff ends
  ---
  duration_ms: 103.5176
  type: 'test'
  ...
# Subtest: an unreachable provider stands down its episode item lookups and caches no miss
ok 1247 - an unreachable provider stands down its episode item lookups and caches no miss
  ---
  duration_ms: 62.0467
  type: 'test'
  ...
# Subtest: a restart during an outage keeps the provider's last library-confirmed id, and a live miss forgets it
ok 1248 - a restart during an outage keeps the provider's last library-confirmed id, and a live miss forgets it
  ---
  duration_ms: 222.7006
  type: 'test'
  ...
# Subtest: a live miss is kept for two hours before the library is asked again
ok 1249 - a live miss is kept for two hours before the library is asked again
  ---
  duration_ms: 196.3581
  type: 'test'
  ...
# [ShowProgressCache] Rebuilding TV show progress cache from scratch...
# [ShowProgressCache] Rebuilt and saved 0 shows to cache file.
# Subtest: a series episode inventory is kept for thirty minutes
ok 1250 - a series episode inventory is kept for thirty minutes
  ---
  duration_ms: 185.4379
  type: 'test'
  ...
# Subtest: build stats count live, cached, and over-budget lookups and inventories
ok 1251 - build stats count live, cached, and over-budget lookups and inventories
  ---
  duration_ms: 1306.4708
  type: 'test'
  ...
# Subtest: a background top-up asks the lookups a build skipped, so the next build pays none
ok 1252 - a background top-up asks the lookups a build skipped, so the next build pays none
  ---
  duration_ms: 2486.1276
  type: 'test'
  ...
# Subtest: Up Next hides the episode that is playing
ok 1253 - Up Next hides the episode that is playing
  ---
  duration_ms: 2.1518
  type: 'test'
  ...
# Subtest: Up Next keeps a different episode of the playing show
ok 1254 - Up Next keeps a different episode of the playing show
  ---
  duration_ms: 0.3931
  type: 'test'
  ...
# Subtest: Up Next hides the movie that is playing
ok 1255 - Up Next hides the movie that is playing
  ---
  duration_ms: 0.2347
  type: 'test'
  ...
# Subtest: Up Next is unchanged with nothing playing
ok 1256 - Up Next is unchanged with nothing playing
  ---
  duration_ms: 0.2594
  type: 'test'
  ...
# [ShowProgressCache] Rebuilding TV show progress cache from scratch...
# [ShowProgressCache] Rebuilt and saved 0 shows to cache file.
# Subtest: a part-watched episode replaces the show's next-up card
ok 1257 - a part-watched episode replaces the show's next-up card
  ---
  duration_ms: 2.645
  type: 'test'
  ...
# Subtest: several part-watched episodes of one show keep the latest
ok 1258 - several part-watched episodes of one show keep the latest
  ---
  duration_ms: 0.3591
  type: 'test'
  ...
# [ShowProgressCache] Rebuilding TV show progress cache from scratch...
# [ShowProgressCache] Rebuilt and saved 0 shows to cache file.
# Subtest: defect AA: a failed sessions call re-reads a provider whose Up Next feeds still look healthy
ok 1259 - defect AA: a failed sessions call re-reads a provider whose Up Next feeds still look healthy
  ---
  duration_ms: 2.6788
  type: 'test'
  ...
# Subtest: defect AA: no probe when the feeds are already failed, the provider is unconfigured, or nothing failed
ok 1260 - defect AA: no probe when the feeds are already failed, the provider is unconfigured, or nothing failed
  ---
  duration_ms: 0.5216
  type: 'test'
  ...
# Subtest: defect AA: one feed still succeeded is enough to probe
ok 1261 - defect AA: one feed still succeeded is enough to probe
  ---
  duration_ms: 0.2002
  type: 'test'
  ...
# Subtest: Plex Continue Watching uses the native hub membership feed
ok 1262 - Plex Continue Watching uses the native hub membership feed
  ---
  duration_ms: 115.4371
  type: 'test'
  ...
# Subtest: Emby Continue Watching uses the dedicated Resume endpoint
ok 1263 - Emby Continue Watching uses the dedicated Resume endpoint
  ---
  duration_ms: 4.9399
  type: 'test'
  ...
# Subtest: Emby series episode inventory asks for the last played date
ok 1264 - Emby series episode inventory asks for the last played date
  ---
  duration_ms: 44.5123
  type: 'test'
  ...
# Subtest: Emby and Jellyfin availability inventories paginate the complete unplayed feed
ok 1265 - Emby and Jellyfin availability inventories paginate the complete unplayed feed
  ---
  duration_ms: 92.8095
  type: 'test'
  ...
# Subtest: provider dismissal adapters use each provider's native endpoint
ok 1266 - provider dismissal adapters use each provider's native endpoint
  ---
  duration_ms: 5.6657
  type: 'test'
  ...
# Subtest: Jellyfin resume dismissal only confirms the cleared position
ok 1267 - Jellyfin resume dismissal only confirms the cleared position
  ---
  duration_ms: 23.4622
  type: 'test'
  ...
# [ShowProgressCache] Rebuilding TV show progress cache from scratch...
# [ShowProgressCache] Rebuilt and saved 0 shows to cache file.
# Subtest: provider feed generations keep the last good snapshot through partial failures
ok 1268 - provider feed generations keep the last good snapshot through partial failures
  ---
  duration_ms: 60.9677
  type: 'test'
  ...
# Subtest: an unchanged feed in provider order is not a content change
ok 1269 - an unchanged feed in provider order is not a content change
  ---
  duration_ms: 26.731
  type: 'test'
  ...
# Subtest: provider feed error redaction removes credentials without hiding the useful message
ok 1270 - provider feed error redaction removes credentials without hiding the useful message
  ---
  duration_ms: 1.4934
  type: 'test'
  ...
# Subtest: Emby image tags become show poster paths in the provider snapshot
ok 1271 - Emby image tags become show poster paths in the provider snapshot
  ---
  duration_ms: 1.7355
  type: 'test'
  ...
# [ShowProgressCache] Rebuilding TV show progress cache from scratch...
# [ShowProgressCache] Rebuilt and saved 0 shows to cache file.
# Subtest: disabled Up Next provider sync returns without contacting media servers
ok 1272 - disabled Up Next provider sync returns without contacting media servers
  ---
  duration_ms: 1.4143
  type: 'test'
  ...
# Subtest: Up Next provider reconciliation preserves visible ids and retains native items missing from the queue
ok 1273 - Up Next provider reconciliation preserves visible ids and retains native items missing from the queue
  ---
  duration_ms: 3.4594
  type: 'test'
  ...
# Subtest: native Emby Next Up is observation-only when Emby Continue Watching is the target rail
ok 1274 - native Emby Next Up is observation-only when Emby Continue Watching is the target rail
  ---
  duration_ms: 0.371
  type: 'test'
  ...
# Subtest: Jellyfin Continue Watching protects real progress while Jellyfin Next Up is reconciled
ok 1275 - Jellyfin Continue Watching protects real progress while Jellyfin Next Up is reconciled
  ---
  duration_ms: 0.5772
  type: 'test'
  ...
# Subtest: pushing the merged Up Next rail never hides native entries missing from Plembfin's queue
ok 1276 - pushing the merged Up Next rail never hides native entries missing from Plembfin's queue
  ---
  duration_ms: 165.1395
  type: 'test'
  ...
# Subtest: configured Jellyfin takes part in the Up Next push
ok 1277 - configured Jellyfin takes part in the Up Next push
  ---
  duration_ms: 76.7336
  type: 'test'
  ...
# Subtest: a provider whose every feed read failed is not pushed to in that run
ok 1278 - a provider whose every feed read failed is not pushed to in that run
  ---
  duration_ms: 173.7573
  type: 'test'
  ...
# Subtest: the Jellyfin push writes no synthetic resume position
ok 1279 - the Jellyfin push writes no synthetic resume position
  ---
  duration_ms: 106.2787
  type: 'test'
  ...
# Subtest: a stale automatic sync does not push resume positions built before a canonical change
ok 1280 - a stale automatic sync does not push resume positions built before a canonical change
  ---
  duration_ms: 109.6117
  type: 'test'
  ...
# Jellyfin item marked unplayed { itemId: 'jelly-e2' }
# Jellyfin item marked played { itemId: 'jelly-e2', datePlayed: '2026-08-02T10:00:00.000Z' }
# Subtest: a legacy Jellyfin rail seed is cleared while the watched predecessor refreshes Next Up
ok 1281 - a legacy Jellyfin rail seed is cleared while the watched predecessor refreshes Next Up
  ---
  duration_ms: 293.7038
  type: 'test'
  ...
# Jellyfin item marked unplayed { itemId: 'jelly-prev' }
# Emby item marked unplayed { itemId: 'emby-prev' }
# Plex item marked unplayed { ratingKey: 'plex-prev' }
# Jellyfin item marked played { itemId: 'jelly-prev', datePlayed: 'server time' }
# Emby item marked played { itemId: 'emby-prev', datePlayed: 'server time' }
# Plex item marked played { ratingKey: 'plex-prev' }
# Emby native Continue Watching rail refreshed { itemId: 'emby-target' }
# Subtest: the native rail refresh applies to Plex, Emby, and Jellyfin
ok 1282 - the native rail refresh applies to Plex, Emby, and Jellyfin
  ---
  duration_ms: 249.3443
  type: 'test'
  ...
# Emby item marked unplayed { itemId: 'emby-s1e2' }
# Jellyfin item marked unplayed { itemId: 'jelly-s1e2' }
# Jellyfin item marked played { itemId: 'jelly-s1e2', datePlayed: '2025-01-03T10:00:00.000Z' }
# Emby item marked played { itemId: 'emby-s1e2', datePlayed: '20250103100000' }
# Plex item marked unplayed { ratingKey: 'plex-s1e2' }
# Plex item marked played { ratingKey: 'plex-s1e2' }
# Emby native Continue Watching rail refreshed { itemId: 'emby-s2e1' }
# Subtest: a new season uses the watched final episode of the previous season as its rail predecessor
ok 1283 - a new season uses the watched final episode of the previous season as its rail predecessor
  ---
  duration_ms: 233.241
  type: 'test'
  ...
# Subtest: the native rail refresh never restamps a predecessor Plembfin has as unwatched
ok 1284 - the native rail refresh never restamps a predecessor Plembfin has as unwatched
  ---
  duration_ms: 78.3401
  type: 'test'
  ...
# Jellyfin item marked unplayed { itemId: 'race-during-e1' }
# Jellyfin item marked played { itemId: 'race-during-e1', datePlayed: '2025-01-03T10:00:00.000Z' }
# Jellyfin item marked unplayed { itemId: 'race-during-e1' }
# Subtest: an unwatch that lands during the rail restamp is sent to the provider again
ok 1285 - an unwatch that lands during the rail restamp is sent to the provider again
  ---
  duration_ms: 186.6645
  type: 'test'
  ...
# Subtest: Plex native rail refresh does not touch Plex when historical sync is disabled
ok 1286 - Plex native rail refresh does not touch Plex when historical sync is disabled
  ---
  duration_ms: 0.3671
  type: 'test'
  ...
# Subtest: an empty Emby resume feed falls back to the legacy resumable query
ok 1287 - an empty Emby resume feed falls back to the legacy resumable query
  ---
  duration_ms: 45.7462
  type: 'test'
  ...
# [ShowProgressCache] Rebuilding TV show progress cache from scratch...
# [ShowProgressCache] Rebuilt and saved 0 shows to cache file.
# Subtest: queue projection keeps canonical resumes first and provider next-up after them
ok 1288 - queue projection keeps canonical resumes first and provider next-up after them
  ---
  duration_ms: 24.2297
  type: 'test'
  ...
# Subtest: Jellyfin observations take part in the Up Next projection
ok 1289 - Jellyfin observations take part in the Up Next projection
  ---
  duration_ms: 1.8414
  type: 'test'
  ...
# [security] Auto-generated secrets are persisted in data/config.json.
# ⚠️  An initial admin password was generated. Set ADMIN_PASSWORD before first start or use the in-app recovery flow.
# Sync unplayed dispatch started {
#   source: 'manual',
#   targets: [],
#   type: 'episode',
#   ids: { imdb: undefined, tmdb: '999', tvdb: undefined }
# }
# Sync unplayed dispatch completed { source: 'manual', results: [] }
# [ShowProgressCache] Updating progress for 2 shows: Expedition X, Test Show
# Subtest: an explicit unwatched state suppresses a stale provider next-up card
ok 1290 - an explicit unwatched state suppresses a stale provider next-up card
  ---
  duration_ms: 8.9048
  type: 'test'
  ...
# Subtest: provider specials are not promoted into the Up Next rail
ok 1291 - provider specials are not promoted into the Up Next rail
  ---
  duration_ms: 1.2052
  type: 'test'
  ...
# Subtest: a watched episode suppresses a stale provider resume card
ok 1292 - a watched episode suppresses a stale provider resume card
  ---
  duration_ms: 1.2209
  type: 'test'
  ...
# Subtest: queue projection carries show watch recency into provider next-up ordering
ok 1293 - queue projection carries show watch recency into provider next-up ordering
  ---
  duration_ms: 2.2051
  type: 'test'
  ...
# Subtest: native provider resume membership remains visible, as next up, when position is omitted
ok 1294 - native provider resume membership remains visible, as next up, when position is omitted
  ---
  duration_ms: 1.5657
  type: 'test'
  ...
# Subtest: a Jellyfin part-watch resume card lists the Jellyfin id Jellyfin keeps in Next Up
ok 1295 - a Jellyfin part-watch resume card lists the Jellyfin id Jellyfin keeps in Next Up
  ---
  duration_ms: 3.0226
  type: 'test'
  ...
# Subtest: a position-less membership merged with a real resume stays a resume
ok 1296 - a position-less membership merged with a real resume stays a resume
  ---
  duration_ms: 3.1178
  type: 'test'
  ...
# Subtest: native provider resume positions remain visible as part-watched progress
ok 1297 - native provider resume positions remain visible as part-watched progress
  ---
  duration_ms: 1.5122
  type: 'test'
  ...
# Subtest: canonical resume positions remain visible when they match a legacy rail seed
ok 1298 - canonical resume positions remain visible when they match a legacy rail seed
  ---
  duration_ms: 1.0392
  type: 'test'
  ...
# Subtest: uncertain provider membership keeps only the furthest episode for a show
ok 1299 - uncertain provider membership keeps only the furthest episode for a show
  ---
  duration_ms: 1.6274
  type: 'test'
  ...
# Subtest: a matching provider next-up observation does not duplicate a canonical resume
ok 1300 - a matching provider next-up observation does not duplicate a canonical resume
  ---
  duration_ms: 1.1605
  type: 'test'
  ...
# Subtest: a resume row keeps its own series ids when they disagree with the title's only known show
ok 1301 - a resume row keeps its own series ids when they disagree with the title's only known show
  ---
  duration_ms: 0.9502
  type: 'test'
  ...
# Subtest: a provider resume of a same-title show does not inherit the other show's ids by title
ok 1302 - a provider resume of a same-title show does not inherit the other show's ids by title
  ---
  duration_ms: 1.5828
  type: 'test'
  ...
# Subtest: a stored provider feed episode keeps the series ids of its native series handle
ok 1303 - a stored provider feed episode keeps the series ids of its native series handle
  ---
  duration_ms: 1.2853
  type: 'test'
  ...
# Subtest: a same-title show's canonical row joins its provider observation in one card
ok 1304 - a same-title show's canonical row joins its provider observation in one card
  ---
  duration_ms: 1.9226
  type: 'test'
  ...
# Subtest: a canonical row joins its provider observation when two library shows share its title
ok 1305 - a canonical row joins its provider observation when two library shows share its title
  ---
  duration_ms: 1.0764
  type: 'test'
  ...
# Subtest: a canonical row fills the ids a history-only title profile lacks and joins its observations
ok 1306 - a canonical row fills the ids a history-only title profile lacks and joins its observations
  ---
  duration_ms: 1.4106
  type: 'test'
  ...
# Subtest: a cleared same-title episode's stale provider resume does not come back as resume
ok 1307 - a cleared same-title episode's stale provider resume does not come back as resume
  ---
  duration_ms: 0.9193
  type: 'test'
  ...
# Subtest: a cleared episode kept in native Continue Watching without a position is next_up
ok 1308 - a cleared episode kept in native Continue Watching without a position is next_up
  ---
  duration_ms: 0.9125
  type: 'test'
  ...
# Subtest: a feed episode that already carries series ids is not looked up again
ok 1309 - a feed episode that already carries series ids is not looked up again
  ---
  duration_ms: 0.6021
  type: 'test'
  ...
# Subtest: a native provider resume joins the canonical local episode when the show identity is verified
ok 1310 - a native provider resume joins the canonical local episode when the show identity is verified
  ---
  duration_ms: 1.106
  type: 'test'
  ...
# Subtest: provider-backed posters use the authenticated poster proxy
ok 1311 - provider-backed posters use the authenticated poster proxy
  ---
  duration_ms: 0.6381
  type: 'test'
  ...
# Subtest: canonical episode rows reuse the cached show poster when no provider poster exists
ok 1312 - canonical episode rows reuse the cached show poster when no provider poster exists
  ---
  duration_ms: 0.8427
  type: 'test'
  ...
# Subtest: canonical movie rows reuse the cached movie poster when no provider poster exists
ok 1313 - canonical movie rows reuse the cached movie poster when no provider poster exists
  ---
  duration_ms: 0.6635
  type: 'test'
  ...
# Subtest: provider-sourced local resumes expose a safe poster proxy when their stored path is provider-relative
ok 1314 - provider-sourced local resumes expose a safe poster proxy when their stored path is provider-relative
  ---
  duration_ms: 0.2863
  type: 'test'
  ...
# Subtest: title-only movie resumes collapse into the identified provider item and keep its poster
ok 1315 - title-only movie resumes collapse into the identified provider item and keep its poster
  ---
  duration_ms: 0.8623
  type: 'test'
  ...
# Subtest: provider next-up is filtered by a locally watched episode with a different media key
ok 1316 - provider next-up is filtered by a locally watched episode with a different media key
  ---
  duration_ms: 8.3153
  type: 'test'
  ...
# [ShowProgressCache] No episode total for Expedition X: Upstream request failed (connection failed before the service returned a response)
# [ShowProgressCache] Saved updated progress cache to file (2 shows; calculate 1794.1ms, serialize 0.0ms, write 0.8ms).
# Subtest: handleUpNextRemove clears positive playback progress and marks unplayed
ok 1317 - handleUpNextRemove clears positive playback progress and marks unplayed
  ---
  duration_ms: 2222.3117
  type: 'test'
  ...
# Subtest: storing or clearing resume progress advances the Up Next version
ok 1318 - storing or clearing resume progress advances the Up Next version
  ---
  duration_ms: 2.2589
  type: 'test'
  ...
# Subtest: two Jellyfin versions of one episode become one card carrying both native ids
ok 1319 - two Jellyfin versions of one episode become one card carrying both native ids
  ---
  duration_ms: 1.8413
  type: 'test'
  ...
# Subtest: an episode clear or remove uses the card's show ids, not its episode ids
ok 1320 - an episode clear or remove uses the card's show ids, not its episode ids
  ---
  duration_ms: 0.203
  type: 'test'
  ...
# Subtest: completed shows leave Up Next while a never-watched manually queued show remains
ok 1321 - completed shows leave Up Next while a never-watched manually queued show remains
  ---
  duration_ms: 4.7306
  type: 'test'
  ...
# Subtest: a manually queued show with only explicit unwatches stays out of Up Next
ok 1322 - a manually queued show with only explicit unwatches stays out of Up Next
  ---
  duration_ms: 7.713
  type: 'test'
  ...
# Subtest: local fallback resolves an unwatched next episode against the configured libraries
ok 1323 - local fallback resolves an unwatched next episode against the configured libraries
  ---
  duration_ms: 10.8425
  type: 'test'
  ...
# Subtest: local fallback crosses from an exhausted season to the first episode of the next season
ok 1324 - local fallback crosses from an exhausted season to the first episode of the next season
  ---
  duration_ms: 4.5951
  type: 'test'
  ...
# Subtest: local fallback discovers a newly available season from provider inventory when metadata is stale
ok 1325 - local fallback discovers a newly available season from provider inventory when metadata is stale
  ---
  duration_ms: 4.5702
  type: 'test'
  ...
# Subtest: provider inventory cannot jump past the first released unwatched episode
ok 1326 - provider inventory cannot jump past the first released unwatched episode
  ---
  duration_ms: 3.6401
  type: 'test'
  ...
# Subtest: a later watch does not make an earlier unwatched episode read as watched
ok 1327 - a later watch does not make an earlier unwatched episode read as watched
  ---
  duration_ms: 7.8691
  type: 'test'
  ...
# Subtest: local fallback scans watched shows beyond the previous recency boundary
ok 1328 - local fallback scans watched shows beyond the previous recency boundary
  ---
  duration_ms: 9.8097
  type: 'test'
  ...
# Subtest: manual Up Next hides a future-dated or unavailable first episode
ok 1329 - manual Up Next hides a future-dated or unavailable first episode
  ---
  duration_ms: 11.0079
  type: 'test'
  ...
# Subtest: the first unwatched episode remains the detail page's Up Next choice
ok 1330 - the first unwatched episode remains the detail page's Up Next choice
  ---
  duration_ms: 5.7935
  type: 'test'
  ...
# Subtest: a native id from an earlier play is re-checked before it backs a next-up card
ok 1331 - a native id from an earlier play is re-checked before it backs a next-up card
  ---
  duration_ms: 13.9816
  type: 'test'
  ...
# Subtest: provider Up Next cannot jump past the first unwatched detail-page episode
ok 1332 - provider Up Next cannot jump past the first unwatched detail-page episode
  ---
  duration_ms: 5.26
  type: 'test'
  ...
# Subtest: a mixed-identity show does not suppress the next episode of the show it shares one id with
ok 1333 - a mixed-identity show does not suppress the next episode of the show it shares one id with
  ---
  duration_ms: 6.583
  type: 'test'
  ...
# Subtest: a next-up card covered by some providers' observations is looked up in the others
ok 1334 - a next-up card covered by some providers' observations is looked up in the others
  ---
  duration_ms: 6.5669
  type: 'test'
  ...
# Subtest: provider resume observations of a canonical resume episode survive the authoritative next filter
ok 1335 - provider resume observations of a canonical resume episode survive the authoritative next filter
  ---
  duration_ms: 7.0635
  type: 'test'
  ...
# Subtest: a new play of a show whose episodes were all explicitly unwatched keeps its native resume ids
ok 1336 - a new play of a show whose episodes were all explicitly unwatched keeps its native resume ids
  ---
  duration_ms: 6.4414
  type: 'test'
  ...
# Subtest: a Jellyfin Resume row adds its id to the canonical resume card without changing it
ok 1337 - a Jellyfin Resume row adds its id to the canonical resume card without changing it
  ---
  duration_ms: 3.3443
  type: 'test'
  ...
# Subtest: a Jellyfin Resume row with no canonical resume creates no card
ok 1338 - a Jellyfin Resume row with no canonical resume creates no card
  ---
  duration_ms: 0.3123
  type: 'test'
  ...
# Subtest: same-title shows with conflicting ids each keep their own next-up card
ok 1339 - same-title shows with conflicting ids each keep their own next-up card
  ---
  duration_ms: 3.5579
  type: 'test'
  ...
# Subtest: a same-title show's watch does not vouch by title for a show with conflicting ids
ok 1340 - a same-title show's watch does not vouch by title for a show with conflicting ids
  ---
  duration_ms: 4.5553
  type: 'test'
  ...
# Subtest: a recorded seed is rejected as playback, and a real position clears it
ok 1341 - a recorded seed is rejected as playback, and a real position clears it
  ---
  duration_ms: 2.1286
  type: 'test'
  ...
# Subtest: the media wrapper reads provider identity off an ingestion payload
ok 1342 - the media wrapper reads provider identity off an ingestion payload
  ---
  duration_ms: 0.538
  type: 'test'
  ...
# [ShowProgressCache] Rebuilding TV show progress cache from scratch...
# [ShowProgressCache] Rebuilt and saved 0 shows to cache file.
# Subtest: a legacy seeded item that leaves the queue has its position cleared and its ledger row dropped
ok 1343 - a legacy seeded item that leaves the queue has its position cleared and its ledger row dropped
  ---
  duration_ms: 56.039
  type: 'test'
  ...
# Subtest: the seed's own playback session is not reported as live playback
ok 1344 - the seed's own playback session is not reported as live playback
  ---
  duration_ms: 149.2696
  type: 'test'
  ...
# Subtest: a live dashboard reset reissues the Up Next load it aborts
ok 1345 - a live dashboard reset reissues the Up Next load it aborts
  ---
  duration_ms: 5.466
  type: 'test'
  ...
# Subtest: a reissued load keeps a queued forced refresh forced
ok 1346 - a reissued load keeps a queued forced refresh forced
  ---
  duration_ms: 1.5317
  type: 'test'
  ...
# Subtest: a full reset (sign-out, view change) does not reissue
ok 1347 - a full reset (sign-out, view change) does not reissue
  ---
  duration_ms: 0.4804
  type: 'test'
  ...
# Subtest: provenDifferentShow compares show ids, not an episode card's own episode ids
ok 1348 - provenDifferentShow compares show ids, not an episode card's own episode ids
  ---
  duration_ms: 1.8565
  type: 'test'
  ...
# Subtest: manualShowMatches never pairs same-title shows whose show ids conflict
ok 1349 - manualShowMatches never pairs same-title shows whose show ids conflict
  ---
  duration_ms: 0.5262
  type: 'test'
  ...
# Subtest: removing one Scrubs card from the rail keeps the other (defect AK)
ok 1350 - removing one Scrubs card from the rail keeps the other (defect AK)
  ---
  duration_ms: 1.8475
  type: 'test'
  ...
# Subtest: a pending removal of one Scrubs card does not mark the other pending
ok 1351 - a pending removal of one Scrubs card does not mark the other pending
  ---
  duration_ms: 0.6056
  type: 'test'
  ...
# Subtest: show-scoped removal still takes every card of the same show
ok 1352 - show-scoped removal still takes every card of the same show
  ---
  duration_ms: 0.2123
  type: 'test'
  ...
# Subtest: marking one Scrubs show watched removes only its own card
ok 1353 - marking one Scrubs show watched removes only its own card
  ---
  duration_ms: 0.535
  type: 'test'
  ...
# Subtest: marking one Scrubs episode watched removes only that show's card at the shared coordinate
ok 1354 - marking one Scrubs episode watched removes only that show's card at the shared coordinate
  ---
  duration_ms: 0.499
  type: 'test'
  ...
# Subtest: unwatching one Scrubs show restores only its own dismissal
ok 1355 - unwatching one Scrubs show restores only its own dismissal
  ---
  duration_ms: 0.78
  type: 'test'
  ...
# [ShowProgressCache] Rebuilding TV show progress cache from scratch...
# [ShowProgressCache] Rebuilt and saved 0 shows to cache file.
# Subtest: an episode with no series ids inherits them from the local library
ok 1356 - an episode with no series ids inherits them from the local library
  ---
  duration_ms: 2.0458
  type: 'test'
  ...
# Subtest: a series id supplied by the provider is never overwritten
ok 1357 - a series id supplied by the provider is never overwritten
  ---
  duration_ms: 0.4014
  type: 'test'
  ...
# Subtest: two shows sharing a title are dropped rather than guessed
ok 1358 - two shows sharing a title are dropped rather than guessed
  ---
  duration_ms: 0.3767
  type: 'test'
  ...
# Subtest: a duplicate title with identical ids is still usable
ok 1359 - a duplicate title with identical ids is still usable
  ---
  duration_ms: 0.8741
  type: 'test'
  ...
# Subtest: shows carrying no ids at all are not indexed
ok 1360 - shows carrying no ids at all are not indexed
  ---
  duration_ms: 0.2953
  type: 'test'
  ...
# Subtest: a movie is left alone
ok 1361 - a movie is left alone
  ---
  duration_ms: 0.1625
  type: 'test'
  ...
# Subtest: an empty or missing index is a no-op rather than an error
ok 1362 - an empty or missing index is a no-op rather than an error
  ---
  duration_ms: 0.2375
  type: 'test'
  ...
# Subtest: the episode title is used when no separate show title is carried
ok 1363 - the episode title is used when no separate show title is carried
  ---
  duration_ms: 0.1802
  type: 'test'
  ...
# Subtest: a series id equal to the episode's own id is discarded, not trusted
ok 1364 - a series id equal to the episode's own id is discarded, not trusted
  ---
  duration_ms: 0.4164
  type: 'test'
  ...
# Subtest: a self-referential series id is dropped even with no library match
ok 1365 - a self-referential series id is dropped even with no library match
  ---
  duration_ms: 0.4454
  type: 'test'
  ...
# Subtest: a genuinely different series id is left alone
ok 1366 - a genuinely different series id is left alone
  ---
  duration_ms: 0.2508
  type: 'test'
  ...
# Subtest: artwork that cannot resolve from this origin is dropped
ok 1367 - artwork that cannot resolve from this origin is dropped
  ---
  duration_ms: 0.2789
  type: 'test'
  ...
# Subtest: cached, api and absolute artwork URLs are preserved
ok 1368 - cached, api and absolute artwork URLs are preserved
  ---
  duration_ms: 0.1227
  type: 'test'
  ...
# Subtest: an item with no artwork is returned untouched
ok 1369 - an item with no artwork is returned untouched
  ---
  duration_ms: 0.097
  type: 'test'
  ...
# [ShowProgressCache] Rebuilding TV show progress cache from scratch...
# [ShowProgressCache] Rebuilt and saved 0 shows to cache file.
# Subtest: updateWatchRecord moves the row's media_key when its identity changes and merges playstate into the new key
ok 1370 - updateWatchRecord moves the row's media_key when its identity changes and merges playstate into the new key
  ---
  duration_ms: 90.359
  type: 'test'
  ...
# Subtest: updateWatchRecord rolls the old media_key's playstate back to a survivor instead of deleting it
ok 1371 - updateWatchRecord rolls the old media_key's playstate back to a survivor instead of deleting it
  ---
  duration_ms: 23.1629
  type: 'test'
  ...
# [security] Auto-generated secrets are persisted in data/config.json.
# [security] Pristine install detected - open the app to claim the administrator account. No password was generated.
# [ShowProgressCache] Rebuilding TV show progress cache from scratch...
# [ShowProgressCache] Rebuilt and saved 0 shows to cache file.
# Subtest: simplifyEntries classifies and deduplicates features and fixes
ok 1372 - simplifyEntries classifies and deduplicates features and fixes
  ---
  duration_ms: 4.1915
  type: 'test'
  ...
# Subtest: categorizeEntries preserves features, major fixes, and tweaks as separate sections
ok 1373 - categorizeEntries preserves features, major fixes, and tweaks as separate sections
  ---
  duration_ms: 0.9107
  type: 'test'
  ...
# Subtest: default changelog groups keep related product changes together
ok 1374 - default changelog groups keep related product changes together
  ---
  duration_ms: 1.2502
  type: 'test'
  ...
# Subtest: categorizeEntries drops changelog-process entries and bullets during promotion
ok 1375 - categorizeEntries drops changelog-process entries and bullets during promotion
  ---
  duration_ms: 0.9241
  type: 'test'
  ...
# Subtest: bumpPatchVersion increments only the patch (3rd segment)
ok 1376 - bumpPatchVersion increments only the patch (3rd segment)
  ---
  duration_ms: 0.2508
  type: 'test'
  ...
# Subtest: createDevelopReset starts the released cycle at dev build 0
ok 1377 - createDevelopReset starts the released cycle at dev build 0
  ---
  duration_ms: 0.4046
  type: 'test'
  ...
# Subtest: createDevelopReset normalizes a version that already has build segments
ok 1378 - createDevelopReset normalizes a version that already has build segments
  ---
  duration_ms: 0.2522
  type: 'test'
  ...
# Subtest: buildDevelopEntry consolidates every real commit since the reset anchor into one entry
ok 1379 - buildDevelopEntry consolidates every real commit since the reset anchor into one entry
  ---
  duration_ms: 1.9349
  type: 'test'
  ...
# Subtest: synthesizeHeadline covers one, two, and three or more messages
ok 1380 - synthesizeHeadline covers one, two, and three or more messages
  ---
  duration_ms: 0.4554
  type: 'test'
  ...
# Subtest: synthesizeHeadline unwraps an already-composite headline instead of nesting it
ok 1381 - synthesizeHeadline unwraps an already-composite headline instead of nesting it
  ---
  duration_ms: 0.6164
  type: 'test'
  ...
# Subtest: release-tooling bullets are stripped from changelog details regardless of the commit's own type
ok 1382 - release-tooling bullets are stripped from changelog details regardless of the commit's own type
  ---
  duration_ms: 0.3229
  type: 'test'
  ...
# Subtest: buildDevelopEntry excludes release-tooling bullets even from an otherwise real fix commit
ok 1383 - buildDevelopEntry excludes release-tooling bullets even from an otherwise real fix commit
  ---
  duration_ms: 0.5751
  type: 'test'
  ...
# Subtest: buildDevelopEntry returns null when nothing in range is user-facing
ok 1384 - buildDevelopEntry returns null when nothing in range is user-facing
  ---
  duration_ms: 0.1978
  type: 'test'
  ...
# Subtest: buildDevelopEntry rejects a release-type commit with no bullet body
ok 1385 - buildDevelopEntry rejects a release-type commit with no bullet body
  ---
  duration_ms: 0.5189
  type: 'test'
  ...
# Subtest: validateDevelopChangelog accepts a committed entry that covers the release commits
ok 1386 - validateDevelopChangelog accepts a committed entry that covers the release commits
  ---
  duration_ms: 0.4714
  type: 'test'
  ...
# Subtest: validateDevelopChangelog rejects a stale or empty committed entry
ok 1387 - validateDevelopChangelog rejects a stale or empty committed entry
  ---
  duration_ms: 0.2381
  type: 'test'
  ...
# Subtest: describePendingDevelopBuild identifies newer builds
ok 1388 - describePendingDevelopBuild identifies newer builds
  ---
  duration_ms: 0.2928
  type: 'test'
  ...
# Subtest: describePendingDevelopBuild ignores an older remote cycle after a main promotion
ok 1389 - describePendingDevelopBuild ignores an older remote cycle after a main promotion
  ---
  duration_ms: 0.2712
  type: 'test'
  ...
# Subtest: mergeChangelogEntries keeps local thematic groups when the remote copy is older
ok 1390 - mergeChangelogEntries keeps local thematic groups when the remote copy is older
  ---
  duration_ms: 0.3354
  type: 'test'
  ...
# Subtest: handleChangelog returns channel metadata properly
ok 1391 - handleChangelog returns channel metadata properly
  ---
  duration_ms: 278.4264
  type: 'test'
  ...
# Subtest: production watch-action imports use one module URL
ok 1392 - production watch-action imports use one module URL
  ---
  duration_ms: 83.6304
  type: 'test'
  ...
# Subtest: closeWatchDatePrompt removes every mounted date dialog
ok 1393 - closeWatchDatePrompt removes every mounted date dialog
  ---
  duration_ms: 1.1153
  type: 'test'
  ...
# Subtest: savingEpisodeKeysForShow includes episodes in concurrent watch actions
ok 1394 - savingEpisodeKeysForShow includes episodes in concurrent watch actions
  ---
  duration_ms: 0.7996
  type: 'test'
  ...
# Subtest: live watch rows clear only their own row-level saving state
ok 1395 - live watch rows clear only their own row-level saving state
  ---
  duration_ms: 0.3336
  type: 'test'
  ...
# Subtest: single episode watch-date reference uses the nearest watched episode before the target
ok 1396 - single episode watch-date reference uses the nearest watched episode before the target
  ---
  duration_ms: 0.7668
  type: 'test'
  ...
# Subtest: single episode watch-date reference uses the next watched episode when no previous episode is watched
ok 1397 - single episode watch-date reference uses the next watched episode when no previous episode is watched
  ---
  duration_ms: 0.2891
  type: 'test'
  ...
# Subtest: single episode watch-date prompt labels the directional reference choices
ok 1398 - single episode watch-date prompt labels the directional reference choices
  ---
  duration_ms: 1.5228
  type: 'test'
  ...
# Subtest: season/show watch batches space shared dates by each episode runtime
ok 1399 - season/show watch batches space shared dates by each episode runtime
  ---
  duration_ms: 0.7604
  type: 'test'
  ...
# Subtest: season/show watch batches continue after an existing watched episode
ok 1400 - season/show watch batches continue after an existing watched episode
  ---
  duration_ms: 0.2826
  type: 'test'
  ...
# Subtest: season/show watch batches never place a new episode before an edited previous watch
ok 1401 - season/show watch batches never place a new episode before an edited previous watch
  ---
  duration_ms: 0.8155
  type: 'test'
  ...
# Subtest: release-day watch batches keep each episode's air date despite later existing watches
ok 1402 - release-day watch batches keep each episode's air date despite later existing watches
  ---
  duration_ms: 0.6749
  type: 'test'
  ...
# Subtest: same-as-other-episodes dates never predate a later episode's release
ok 1403 - same-as-other-episodes dates never predate a later episode's release
  ---
  duration_ms: 0.397
  type: 'test'
  ...
# Subtest: episode watch actions carry the directional reference into the prompt
ok 1404 - episode watch actions carry the directional reference into the prompt
  ---
  duration_ms: 0.4828
  type: 'test'
  ...
# Subtest: mixed season watch actions only include unwatched episodes
ok 1405 - mixed season watch actions only include unwatched episodes
  ---
  duration_ms: 0.3108
  type: 'test'
  ...
# Subtest: show watch actions include every hydrated regular-season episode
ok 1406 - show watch actions include every hydrated regular-season episode
  ---
  duration_ms: 0.4204
  type: 'test'
  ...
# Subtest: season watch actions query before including unreleased episodes
ok 1407 - season watch actions query before including unreleased episodes
  ---
  duration_ms: 1.9854
  type: 'test'
  ...
# Subtest: watch-date selection renders the active show as Saving before sync resolves
ok 1408 - watch-date selection renders the active show as Saving before sync resolves
  ---
  duration_ms: 2.4622
  type: 'test'
  ...
# Subtest: single episode unwatch patches the active show card without rebuilding the modal
ok 1409 - single episode unwatch patches the active show card without rebuilding the modal
  ---
  duration_ms: 1.772
  type: 'test'
  ...
# [security] Auto-generated secrets are persisted in data/config.json.
# [security] Pristine install detected - open the app to claim the administrator account. No password was generated.
# [ShowProgressCache] Rebuilding TV show progress cache from scratch...
# [ShowProgressCache] Rebuilt and saved 0 shows to cache file.
# Sync playstate dispatch started {
#   source: 'manual',
#   title: 'Activity Movie!',
#   intent: 'historical',
#   targets: [],
#   policySkipped: [],
#   type: 'movie',
#   ids: { imdb: 'tt-activity', tmdb: 'activity-tmdb', tvdb: undefined }
# }
# Sync playstate dispatch completed {
#   source: 'manual',
#   title: 'Activity Movie!',
#   status: 'skipped',
#   results: []
# }
# Subtest: watch-date removal writes a sync activity entry with merged identity
ok 1410 - watch-date removal writes a sync activity entry with merged identity
  ---
  duration_ms: 14.0243
  type: 'test'
  ...
# Subtest: uses Emby's real played timestamp when present
ok 1411 - uses Emby's real played timestamp when present
  ---
  duration_ms: 3.0502
  type: 'test'
  ...
# Subtest: does not turn a timestamp-less played item into a new watch
ok 1412 - does not turn a timestamp-less played item into a new watch
  ---
  duration_ms: 0.2657
  type: 'test'
  ...
# Subtest: treats an explicit zero play count as marked over the API, not a data gap
ok 1413 - treats an explicit zero play count as marked over the API, not a data gap
  ---
  duration_ms: 0.199
  type: 'test'
  ...
# Subtest: a real play count with a lost date stays a reportable data gap
ok 1414 - a real play count with a lost date stays a reportable data gap
  ---
  duration_ms: 0.1318
  type: 'test'
  ...
# Subtest: does not report an unplayed item as watched
ok 1415 - does not report an unplayed item as watched
  ---
  duration_ms: 0.2169
  type: 'test'
  ...
# Subtest: uses Plex's real viewed timestamp when present
ok 1416 - uses Plex's real viewed timestamp when present
  ---
  duration_ms: 0.2677
  type: 'test'
  ...
# Subtest: does not turn a timestamp-less Plex refresh item into a new watch
ok 1417 - does not turn a timestamp-less Plex refresh item into a new watch
  ---
  duration_ms: 0.1105
  type: 'test'
  ...
# Subtest: uses the release day for a Plex manual watched flag
ok 1418 - uses the release day for a Plex manual watched flag
  ---
  duration_ms: 0.1772
  type: 'test'
  ...
# Subtest: keeps Plex's viewed timestamp when threshold playback is confirmed
ok 1419 - keeps Plex's viewed timestamp when threshold playback is confirmed
  ---
  duration_ms: 0.3989
  type: 'test'
  ...
# Subtest: the default watch-import policy requires review for an app-marked item
ok 1420 - the default watch-import policy requires review for an app-marked item
  ---
  duration_ms: 0.607
  type: 'test'
  ...
# Subtest: watch-import release-day and review policies are explicit
ok 1421 - watch-import release-day and review policies are explicit
  ---
  duration_ms: 0.3479
  type: 'test'
  ...
# Subtest: episode timing uses the nearest same-season episode like the media page
ok 1422 - episode timing uses the nearest same-season episode like the media page
  ---
  duration_ms: 0.8789
  type: 'test'
  ...
# Subtest: source runtimes normalize Plex milliseconds and Emby ticks
ok 1423 - source runtimes normalize Plex milliseconds and Emby ticks
  ---
  duration_ms: 0.2233
  type: 'test'
  ...
# [ShowProgressCache] Rebuilding TV show progress cache from scratch...
# [ShowProgressCache] Rebuilt and saved 0 shows to cache file.
# Subtest: persisted watch fields decode titles and repair legacy specials coordinates
ok 1424 - persisted watch fields decode titles and repair legacy specials coordinates
  ---
  duration_ms: 6.5023
  type: 'test'
  ...
# Subtest: persisted movie title projection matches the returned title
ok 1425 - persisted movie title projection matches the returned title
  ---
  duration_ms: 3.7259
  type: 'test'
  ...
# Subtest: watch provenance records the exact ingest path without raw payload data
ok 1426 - watch provenance records the exact ingest path without raw payload data
  ---
  duration_ms: 2.4653
  type: 'test'
  ...
# Subtest: legacy provenance is explicit about what cannot be recovered
ok 1427 - legacy provenance is explicit about what cannot be recovered
  ---
  duration_ms: 0.5862
  type: 'test'
  ...
# Subtest: provenance normalization accepts stored JSON but drops unknown fields
ok 1428 - provenance normalization accepts stored JSON but drops unknown fields
  ---
  duration_ms: 0.2163
  type: 'test'
  ...
# Subtest: provenance preserves a provider-only Trakt series override
ok 1429 - provenance preserves a provider-only Trakt series override
  ---
  duration_ms: 0.8076
  type: 'test'
  ...
# [ShowProgressCache] Rebuilding TV show progress cache from scratch...
# [ShowProgressCache] Rebuilt and saved 0 shows to cache file.
# Subtest: watchRowToMedia preserves provider item identity for deletion echo suppression
ok 1430 - watchRowToMedia preserves provider item identity for deletion echo suppression
  ---
  duration_ms: 2.8769
  type: 'test'
  ...
# Subtest: watchRowToMedia carries a provider-only Trakt series override
ok 1431 - watchRowToMedia carries a provider-only Trakt series override
  ---
  duration_ms: 1.0934
  type: 'test'
  ...
# Subtest: a deleted provider date is tombstoned by native item identity
ok 1432 - a deleted provider date is tombstoned by native item identity
  ---
  duration_ms: 1.4325
  type: 'test'
  ...
# [ShowProgressCache] Rebuilding TV show progress cache from scratch...
# [ShowProgressCache] Rebuilt and saved 0 shows to cache file.
# [ShowProgressCache] Updating progress for 1 shows: Atomic Show
# [ShowProgressCache] Saved updated progress cache to file (1 shows; calculate 0.5ms, serialize 0.0ms, write 0.8ms).
# Sync skipped; invalid normalized media payload {
#   title: 'Silo - S03E03',
#   showTitle: 'Silo',
#   type: 'episode',
#   mediaType: 'episode',
#   ids: { tmdb: '125988', tvdb: '403245' },
#   season: 3,
#   episode: 3,
#   source: 'trakt',
#   watched_at: '2026-07-17T12:00:00.000Z'
# }
# [ShowProgressCache] Updating progress for 1 shows: Silo
# Subtest: a synchronous local mutation failure rolls back the entire watched transition
ok 1433 - a synchronous local mutation failure rolls back the entire watched transition
  ---
  duration_ms: 13.7637
  type: 'test'
  ...
# [ShowProgressCache] No episode total for Silo: Upstream request failed (connection failed before the service returned a response)
# [ShowProgressCache] Saved updated progress cache to file (1 shows; calculate 1789.0ms, serialize 0.0ms, write 0.8ms).
# Subtest: a watched tracker transition supersedes a newer unwatched provider-id alias
ok 1434 - a watched tracker transition supersedes a newer unwatched provider-id alias
  ---
  duration_ms: 1830.7724
  type: 'test'
  ...
# Subtest: full watchlist export and staged restore preserve local state but require republish
ok 1435 - full watchlist export and staged restore preserve local state but require republish
  ---
  duration_ms: 15.8784
  type: 'test'
  ...
# Subtest: Plex adapter keeps RSS read-only and parses native account watchlist ids
ok 1436 - Plex adapter keeps RSS read-only and parses native account watchlist ids
  ---
  duration_ms: 7.2305
  type: 'test'
  ...
# Subtest: Plex adapter resolves watchlist targets through catalog search, not the media server
ok 1437 - Plex adapter resolves watchlist targets through catalog search, not the media server
  ---
  duration_ms: 32.5352
  type: 'test'
  ...
# Subtest: Plex adapter adds and removes through the account watchlist actions
ok 1438 - Plex adapter adds and removes through the account watchlist actions
  ---
  duration_ms: 62.1088
  type: 'test'
  ...
# Subtest: Plex adapter falls back to the guid rating key and honours a pinned path template
ok 1439 - Plex adapter falls back to the guid rating key and honours a pinned path template
  ---
  duration_ms: 61.353
  type: 'test'
  ...
# [security] Auto-generated secrets are persisted in data/config.json.
# [security] Pristine install detected - open the app to claim the administrator account. No password was generated.
# [ShowProgressCache] Rebuilding TV show progress cache from scratch...
# [ShowProgressCache] Rebuilt and saved 0 shows to cache file.
# Webhook received {
#   source: 'jellyfin',
#   title: 'Echo Guard Movie',
#   phase: 'completed',
#   type: 'movie',
#   isValid: true,
#   ids: { imdb: undefined, tmdb: 'echo-guard-movie', tvdb: undefined }
# }
# Webhook: marking as watched {
#   source: 'jellyfin',
#   title: 'Echo Guard Movie',
#   type: 'movie',
#   progress: 0,
#   positionMs: undefined
# }
# Webhook received {
#   source: 'emby',
#   title: 'Rail Echo Movie',
#   phase: 'unplayed',
#   type: 'movie',
#   isValid: true,
#   ids: { imdb: undefined, tmdb: 'rail-echo-movie', tvdb: undefined }
# }
# Webhook: ignored native Up Next rail refresh callback {
#   source: 'emby',
#   title: 'Rail Echo Movie',
#   event: 'item.markunplayed',
#   phase: 'unplayed',
#   itemId: 'emby-rail-echo'
# }
# Webhook received {
#   source: 'emby',
#   title: 'Arrival',
#   phase: 'active',
#   type: 'movie',
#   isValid: true,
#   ids: { imdb: undefined, tmdb: '329865', tvdb: undefined }
# }
# Webhook: ignored synthetic Up Next rail seed playback {
#   source: 'emby',
#   title: 'Arrival',
#   event: 'playback.start',
#   phase: 'active',
#   deviceId: 'plembfin-up-next-seed'
# }
# Webhook received {
#   source: 'emby',
#   title: 'The Martian',
#   phase: 'active',
#   type: 'movie',
#   isValid: true,
#   ids: { imdb: undefined, tmdb: '329865', tvdb: undefined }
# }
# Subtest: valid JSON sent as text/plain is parsed, not rejected
ok 1440 - valid JSON sent as text/plain is parsed, not rejected
  ---
  duration_ms: 3.1769
  type: 'test'
  ...
# Subtest: a declared JSON content type still parses the same payload
ok 1441 - a declared JSON content type still parses the same payload
  ---
  duration_ms: 0.4098
  type: 'test'
  ...
# Subtest: a watched callback caused by Plembfin is acknowledged without re-reconciling
ok 1442 - a watched callback caused by Plembfin is acknowledged without re-reconciling
  ---
  duration_ms: 24.2793
  type: 'test'
  ...
# Subtest: a native rail refresh callback never unwatches or deletes watch history
ok 1443 - a native rail refresh callback never unwatches or deletes watch history
  ---
  duration_ms: 6.3959
  type: 'test'
  ...
# Subtest: a body that is not JSON at all is rejected with the sender recorded
ok 1444 - a body that is not JSON at all is rejected with the sender recorded
  ---
  duration_ms: 0.2628
  type: 'test'
  ...
# Subtest: a malformed body claiming to be JSON is a client error
ok 1445 - a malformed body claiming to be JSON is a client error
  ---
  duration_ms: 0.3687
  type: 'test'
  ...
# Subtest: an empty body is rejected rather than treated as an event
ok 1446 - an empty body is rejected rather than treated as an event
  ---
  duration_ms: 0.1602
  type: 'test'
  ...
# Subtest: Emby Up Next seed callbacks never become active sessions
ok 1447 - Emby Up Next seed callbacks never become active sessions
  ---
  duration_ms: 4.2024
  type: 'test'
  ...
# [ShowProgressCache] Rebuilding TV show progress cache from scratch...
# [ShowProgressCache] Rebuilt and saved 0 shows to cache file.
# [security] Auto-generated secrets are persisted in data/config.json.
# [security] Pristine install detected - open the app to claim the administrator account. No password was generated.
# [worker] scheduler leadership acquired (generation 1)
# [worker] scheduled sync and background jobs paused by PLEMBFIN_PAUSE_SCHEDULED_WORKER
# Subtest: the startup scan stays active until the deferred backfills have run
ok 1448 - the startup scan stays active until the deferred backfills have run
  ---
  duration_ms: 1083.2122
  type: 'test'
  ...
# Subtest: deferred provider pollers and backfills are bound to the leadership term that scheduled them
ok 1449 - deferred provider pollers and backfills are bound to the leadership term that scheduled them
  ---
  duration_ms: 0.3526
  type: 'test'
  ...
1..1449
# tests 1449
# suites 0
# pass 1449
# fail 0
# cancelled 0
# skipped 0
# todo 0
# duration_ms 30719.8757
[security] Auto-generated secrets are persisted in data/config.json.
[security] Pristine install detected - open the app to claim the administrator account. No password was generated.
[ShowProgressCache] Rebuilding TV show progress cache from scratch...
[ShowProgressCache] Rebuilt and saved 0 shows to cache file.
[security] COOKIE_SECURE is not set - session cookies will not have the Secure flag. Set COOKIE_SECURE=true when running behind HTTPS.
plembfin listening on http://localhost:57937
Plembfin build check passed.
